2023-01-30 10:17:10.052940, 4.87011718750000000000, nan
2023-01-30 10:17:10.052962, 4.84456634521484375000, nan
2023-01-30 10:17:10.153812, 4.81645965576171875000, nan
2023-01-30 10:17:10.153830, 4.77302551269531250000, nan
2023-01-30 10:17:10.252966, 4.70148468017578125000, nan
2023-01-30 10:17:10.252990, 4.52774810791015625000, nan
2023-01-30 10:17:10.352915, 4.45365142822265625000, nan
2023-01-30 10:17:10.352937, 4.40766143798828125000, nan
2023-01-30 10:17:10.452276, 4.40510559082031250000, nan
2023-01-30 10:17:10.452288, 4.41277313232421875000, nan
2023-01-30 10:17:10.552444, 4.40254974365234375000, nan
2023-01-30 10:17:10.552458, 4.40510559082031250000, nan
2023-01-30 10:17:10.652590, 4.42043304443359375000, nan
2023-01-30 10:17:10.652607, 4.48175811767578125000, nan
2023-01-30 10:17:10.753230, 4.61206054687500000000, nan
2023-01-30 10:17:10.753256, 4.96720123291015625000, nan
2023-01-30 10:17:10.853005, 5.34023284912109375000, nan
2023-01-30 10:17:10.853037, 6.03008270263671875000, nan
2023-01-30 10:17:10.955686, 6.43122100830078125000, nan
2023-01-30 10:17:10.955707, 6.99076080322265625000, nan
2023-01-30 10:17:11.052889, 7.37145996093750000000, nan
2023-01-30 10:17:11.052910, 7.94377899169921875000, nan
2023-01-30 10:17:11.152869, 8.41645812988281250000, nan
2023-01-30 10:17:11.152890, 9.19062042236328125000, nan
2023-01-30 10:17:11.253239, 9.69139862060546875000, nan
2023-01-30 10:17:11.253272, 10.46301269531250000000, nan
2023-01-30 10:17:11.352883, 10.89736175537109375000, nan
2023-01-30 10:17:11.352905, 11.38536071777343750000, nan
2023-01-30 10:17:11.454338, 11.62553405761718750000, nan
2023-01-30 10:17:11.454382, 11.91169738769531250000, nan
2023-01-30 10:17:11.553146, 12.08032226562500000000, nan
2023-01-30 10:17:11.553174, 12.13909149169921875000, nan
2023-01-30 10:17:11.653520, 11.95001983642578125000, nan
2023-01-30 10:17:11.653551, 11.33426666259765625000, nan
2023-01-30 10:17:11.753005, 10.76194763183593750000, nan
2023-01-30 10:17:11.753027, 9.75016784667968750000, nan
2023-01-30 10:17:11.853229, 9.07053375244140625000, nan
2023-01-30 10:17:11.853261, 8.18395233154296875000, nan
2023-01-30 10:17:11.954048, 7.66783905029296875000, nan
2023-01-30 10:17:11.954080, 7.01120758056640625000, nan
2023-01-30 10:17:12.052921, 6.65094757080078125000, nan
2023-01-30 10:17:12.052945, 6.21404266357421875000, nan
2023-01-30 10:17:12.154400, 5.96620941162109375000, nan
2023-01-30 10:17:12.154421, 5.61872863769531250000, nan
2023-01-30 10:17:12.255386, 5.40666198730468750000, nan
2023-01-30 10:17:12.255413, 5.09751129150390625000, nan
2023-01-30 10:17:12.354773, 4.91610717773437500000, nan
2023-01-30 10:17:12.354800, 4.68871307373046875000, nan
2023-01-30 10:17:12.454430, 4.58395385742187500000, nan
2023-01-30 10:17:12.454464, 4.43321228027343750000, nan
2023-01-30 10:17:12.557716, 4.34889221191406250000, nan
2023-01-30 10:17:12.557779, 4.31568145751953125000, nan
2023-01-30 10:17:12.654663, 4.30290222167968750000, nan
2023-01-30 10:17:12.654687, 4.30290222167968750000, nan
2023-01-30 10:17:12.754383, 4.29013061523437500000, nan
2023-01-30 10:17:12.754406, 4.25180816650390625000, nan
2023-01-30 10:17:12.854578, 4.23647308349609375000, nan
2023-01-30 10:17:12.854602, 4.19048309326171875000, nan
2023-01-30 10:17:12.954306, 4.14704895019531250000, nan
2023-01-30 10:17:12.954328, 4.10872650146484375000, nan
2023-01-30 10:17:13.054183, 4.08317565917968750000, nan
2023-01-30 10:17:13.054243, 3.98863983154296875000, nan
2023-01-30 10:17:13.154759, 3.95031738281250000000, nan
2023-01-30 10:17:13.154777, 3.94776153564453125000, nan
2023-01-30 10:17:13.253953, 3.96053314208984375000, nan
2023-01-30 10:17:13.253971, 3.98352813720703125000, nan
2023-01-30 10:17:13.354111, 3.98863983154296875000, nan
2023-01-30 10:17:13.354144, 4.00907897949218750000, nan
2023-01-30 10:17:13.454263, 4.04229736328125000000, nan
2023-01-30 10:17:13.454287, 4.14704895019531250000, nan
2023-01-30 10:17:13.557060, 4.29524230957031250000, nan
2023-01-30 10:17:13.557077, 4.61206054687500000000, nan
2023-01-30 10:17:13.654010, 4.82923126220703125000, nan
2023-01-30 10:17:13.654051, 5.26869201660156250000, nan
2023-01-30 10:17:13.754800, 5.65705108642578125000, nan
2023-01-30 10:17:13.754833, 6.24214935302734375000, nan
2023-01-30 10:17:13.854057, 6.59984588623046875000, nan
2023-01-30 10:17:13.854083, 7.12873077392578125000, nan
2023-01-30 10:17:13.955167, 7.48643493652343750000, nan
2023-01-30 10:17:13.955189, 7.96932983398437500000, nan
2023-01-30 10:17:14.055564, 8.23504638671875000000, nan
2023-01-30 10:17:14.055596, 8.59530639648437500000, nan
2023-01-30 10:17:14.154113, 8.83802795410156250000, nan
2023-01-30 10:17:14.154134, 9.19573211669921875000, nan
2023-01-30 10:17:14.256619, 9.47422790527343750000, nan
2023-01-30 10:17:14.256653, 9.92646026611328125000, nan
2023-01-30 10:17:14.355843, 10.22539520263671875000, nan
2023-01-30 10:17:14.355871, 10.68273925781250000000, nan
2023-01-30 10:17:14.454010, 10.91013336181640625000, nan
2023-01-30 10:17:14.454039, 10.94335174560546875000, nan
2023-01-30 10:17:14.555989, 10.70317840576171875000, nan
2023-01-30 10:17:14.556008, 10.01077270507812500000, nan
2023-01-30 10:17:14.653837, 9.47422790527343750000, nan
2023-01-30 10:17:14.653855, 8.68217468261718750000, nan
2023-01-30 10:17:14.753980, 8.14051055908203125000, nan
2023-01-30 10:17:14.754000, 7.39445495605468750000, nan
2023-01-30 10:17:14.855959, 6.97543334960937500000, nan
2023-01-30 10:17:14.855980, 6.47465515136718750000, nan
2023-01-30 10:17:14.953961, 6.22682189941406250000, nan
2023-01-30 10:17:14.954094, 5.90233612060546875000, nan
2023-01-30 10:17:15.054056, 5.71837615966796875000, nan
2023-01-30 10:17:15.054079, 5.50886535644531250000, nan
2023-01-30 10:17:15.154402, 5.31468200683593750000, nan
2023-01-30 10:17:15.154431, 5.03874206542968750000, nan
2023-01-30 10:17:15.253954, 4.94165802001953125000, nan
2023-01-30 10:17:15.253974, 4.76024627685546875000, nan
2023-01-30 10:17:15.355244, 4.61206054687500000000, nan
2023-01-30 10:17:15.355272, 4.46642303466796875000, nan
2023-01-30 10:17:15.454147, 4.40254974365234375000, nan
2023-01-30 10:17:15.454169, 4.36167144775390625000, nan
2023-01-30 10:17:15.555541, 4.34633636474609375000, nan
2023-01-30 10:17:15.555562, 4.30801391601562500000, nan
2023-01-30 10:17:15.654378, 4.28501892089843750000, nan
2023-01-30 10:17:15.654450, 4.24669647216796875000, nan
2023-01-30 10:17:15.754134, 4.20581817626953125000, nan
2023-01-30 10:17:15.754159, 4.17259979248046875000, nan
2023-01-30 10:17:15.854179, 4.12660980224609375000, nan
2023-01-30 10:17:15.854201, 4.01163482666015625000, nan
2023-01-30 10:17:15.955173, 3.98352813720703125000, nan
2023-01-30 10:17:15.955192, 3.98863983154296875000, nan
2023-01-30 10:17:16.053993, 4.00141143798828125000, nan
2023-01-30 10:17:16.054033, 4.03207397460937500000, nan
2023-01-30 10:17:16.155637, 4.04229736328125000000, nan
2023-01-30 10:17:16.155655, 4.05251312255859375000, nan
2023-01-30 10:17:16.254022, 4.05251312255859375000, nan
2023-01-30 10:17:16.254041, 4.04740142822265625000, nan
2023-01-30 10:17:16.354710, 4.12149810791015625000, nan
2023-01-30 10:17:16.354865, 4.35655975341796875000, nan
2023-01-30 10:17:16.453819, 4.57118225097656250000, nan
2023-01-30 10:17:16.453854, 5.10772705078125000000, nan
2023-01-30 10:17:16.555806, 5.56507110595703125000, nan
2023-01-30 10:17:16.555835, 6.22682189941406250000, nan
2023-01-30 10:17:16.655504, 6.61262512207031250000, nan
2023-01-30 10:17:16.655530, 7.14406585693359375000, nan
2023-01-30 10:17:16.755694, 7.47365570068359375000, nan
2023-01-30 10:17:16.755719, 7.87223815917968750000, nan
2023-01-30 10:17:16.856327, 8.12518310546875000000, nan
2023-01-30 10:17:16.856363, 8.55953216552734375000, nan
2023-01-30 10:17:16.956680, 8.84058380126953125000, nan
2023-01-30 10:17:16.956697, 9.22894287109375000000, nan
2023-01-30 10:17:17.055180, 9.51255035400390625000, nan
2023-01-30 10:17:17.055205, 9.92390441894531250000, nan
2023-01-30 10:17:17.155419, 10.18962097167968750000, nan
2023-01-30 10:17:17.155807, 10.56009674072265625000, nan
2023-01-30 10:17:17.254859, 10.68785095214843750000, nan
2023-01-30 10:17:17.254879, 10.59331512451171875000, nan
2023-01-30 10:17:17.355614, 10.29182434082031250000, 20.06688880920410156250
2023-01-30 10:17:17.355633, 9.59686279296875000000, nan
2023-01-30 10:17:17.456414, 9.15740203857421875000, nan
2023-01-30 10:17:17.456438, 8.55442810058593750000, nan
2023-01-30 10:17:17.555449, 8.15840148925781250000, nan
2023-01-30 10:17:17.555472, 7.62184906005859375000, nan
2023-01-30 10:17:17.655180, 7.25392913818359375000, nan
2023-01-30 10:17:17.655203, 6.76847839355468750000, nan
2023-01-30 10:17:17.754806, 6.50276184082031250000, nan
2023-01-30 10:17:17.754840, 6.10162353515625000000, nan
2023-01-30 10:17:17.855174, 5.85123443603515625000, nan
2023-01-30 10:17:17.855208, 5.51397705078125000000, nan
2023-01-30 10:17:17.956097, 5.28913116455078125000, nan
2023-01-30 10:17:17.956114, 5.01574707031250000000, nan
2023-01-30 10:17:18.055046, 4.85989379882812500000, nan
2023-01-30 10:17:18.055069, 4.59928131103515625000, nan
2023-01-30 10:17:18.155019, 4.46386718750000000000, nan
2023-01-30 10:17:18.155054, 4.33612060546875000000, nan
2023-01-30 10:17:18.255415, 4.27990722656250000000, nan
2023-01-30 10:17:18.255436, 4.22625732421875000000, nan
2023-01-30 10:17:18.356924, 4.18537139892578125000, nan
2023-01-30 10:17:18.356944, 4.12660980224609375000, nan
2023-01-30 10:17:18.460413, 4.09339141845703125000, nan
2023-01-30 10:17:18.460433, 4.03974151611328125000, nan
2023-01-30 10:17:18.554858, 4.03207397460937500000, nan
2023-01-30 10:17:18.554880, 4.02440643310546875000, nan
2023-01-30 10:17:18.656777, 3.99119567871093750000, nan
2023-01-30 10:17:18.656799, 3.96564483642578125000, nan
2023-01-30 10:17:18.756330, 3.96820068359375000000, nan
2023-01-30 10:17:18.756352, 3.98608398437500000000, nan
2023-01-30 10:17:18.854726, 4.00907897949218750000, nan
2023-01-30 10:17:18.854738, 4.02440643310546875000, nan
2023-01-30 10:17:18.954506, 4.03462982177734375000, nan
2023-01-30 10:17:18.954521, 4.04485321044921875000, nan
2023-01-30 10:17:19.055127, 4.03462982177734375000, nan
2023-01-30 10:17:19.055154, 4.05762481689453125000, nan
2023-01-30 10:17:19.155231, 4.10105895996093750000, nan
2023-01-30 10:17:19.155254, 4.26457977294921875000, nan
2023-01-30 10:17:19.255676, 4.50730133056640625000, nan
2023-01-30 10:17:19.255697, 5.01064300537109375000, nan
2023-01-30 10:17:19.356098, 5.40410614013671875000, nan
2023-01-30 10:17:19.356125, 5.98153686523437500000, nan
2023-01-30 10:17:19.455163, 6.29580688476562500000, nan
2023-01-30 10:17:19.455185, 6.67138671875000000000, nan
2023-01-30 10:17:19.558339, 6.87323760986328125000, nan
2023-01-30 10:17:19.558361, 7.17472076416015625000, nan
2023-01-30 10:17:19.655166, 7.40467071533203125000, nan
2023-01-30 10:17:19.655186, 7.77004241943359375000, nan
2023-01-30 10:17:19.754959, 8.04342651367187500000, nan
2023-01-30 10:17:19.754980, 8.50332641601562500000, nan
2023-01-30 10:17:19.855152, 8.80737304687500000000, nan
2023-01-30 10:17:19.855174, 9.26216125488281250000, nan
2023-01-30 10:17:19.955734, 9.56620788574218750000, nan
2023-01-30 10:17:19.955756, 10.06698608398437500000, nan
2023-01-30 10:17:20.056906, 10.42468261718750000000, nan
2023-01-30 10:17:20.056932, 10.81815338134765625000, nan
2023-01-30 10:17:20.155161, 10.94590759277343750000, nan
2023-01-30 10:17:20.155185, 10.95612335205078125000, nan
2023-01-30 10:17:20.262758, 10.81304168701171875000, nan
2023-01-30 10:17:20.262792, 10.36080932617187500000, nan
2023-01-30 10:17:20.355402, 9.98777770996093750000, nan
2023-01-30 10:17:20.355428, 9.42568206787109375000, nan
2023-01-30 10:17:20.455904, 9.06031799316406250000, nan
2023-01-30 10:17:20.455925, 8.47266387939453125000, nan
2023-01-30 10:17:20.556290, 8.03575897216796875000, nan
2023-01-30 10:17:20.556309, 7.40978240966796875000, nan
2023-01-30 10:17:20.655280, 7.04697418212890625000, nan
2023-01-30 10:17:20.655304, 6.63306427001953125000, nan
2023-01-30 10:17:20.755069, 6.41078186035156250000, nan
2023-01-30 10:17:20.755099, 6.01731109619140625000, nan
2023-01-30 10:17:20.855326, 5.74903106689453125000, nan
2023-01-30 10:17:20.855349, 5.42710113525390625000, nan
2023-01-30 10:17:20.954371, 5.23036956787109375000, nan
2023-01-30 10:17:20.954384, 5.00297546386718750000, nan
2023-01-30 10:17:21.056831, 4.89566802978515625000, nan
2023-01-30 10:17:21.056847, 4.75258636474609375000, nan
2023-01-30 10:17:21.155502, 4.66060638427734375000, nan
2023-01-30 10:17:21.155523, 4.52263641357421875000, nan
2023-01-30 10:17:21.255111, 4.45620727539062500000, nan
2023-01-30 10:17:21.255145, 4.39488220214843750000, nan
2023-01-30 10:17:21.355809, 4.30801391601562500000, nan
2023-01-30 10:17:21.356252, 4.17515563964843750000, nan
2023-01-30 10:17:21.456366, 4.14193725585937500000, nan
2023-01-30 10:17:21.456392, 4.13683319091796875000, nan
2023-01-30 10:17:21.554491, 4.16748809814453125000, nan
2023-01-30 10:17:21.554505, 4.21603393554687500000, nan
2023-01-30 10:17:21.655146, 4.24669647216796875000, nan
2023-01-30 10:17:21.655169, 4.31568145751953125000, nan
2023-01-30 10:17:21.755841, 4.33612060546875000000, nan
2023-01-30 10:17:21.755866, 4.34123229980468750000, nan
2023-01-30 10:17:21.856360, 4.35400390625000000000, nan
2023-01-30 10:17:21.856381, 4.29524230957031250000, nan
2023-01-30 10:17:21.955157, 4.26457977294921875000, nan
2023-01-30 10:17:21.955179, 4.36933135986328125000, nan
2023-01-30 10:17:22.055269, 4.52519226074218750000, nan
2023-01-30 10:17:22.055295, 4.86500549316406250000, nan
2023-01-30 10:17:22.155259, 5.16394042968750000000, nan
2023-01-30 10:17:22.155278, 5.64683532714843750000, nan
2023-01-30 10:17:22.255114, 5.97898101806640625000, nan
2023-01-30 10:17:22.255145, 6.43122100830078125000, nan
2023-01-30 10:17:22.361873, 6.67394256591796875000, nan
2023-01-30 10:17:22.361898, 7.04441833496093750000, nan
2023-01-30 10:17:22.450569, 7.29991912841796875000, nan
2023-01-30 10:17:22.450592, 7.71382904052734375000, nan
2023-01-30 10:17:22.549399, 8.01276397705078125000, nan
2023-01-30 10:17:22.549426, 8.51609802246093750000, nan
2023-01-30 10:17:22.649341, 8.84569549560546875000, nan
2023-01-30 10:17:22.649354, 9.29026794433593750000, nan
2023-01-30 10:17:22.749428, 9.61730194091796875000, nan
2023-01-30 10:17:22.749441, 10.09253692626953125000, nan
2023-01-30 10:17:22.849609, 10.37869262695312500000, nan
2023-01-30 10:17:22.849623, 10.73384094238281250000, nan
2023-01-30 10:17:22.949697, 10.87947082519531250000, nan
2023-01-30 10:17:22.949716, 11.02255249023437500000, nan
2023-01-30 10:17:23.050252, 11.07365417480468750000, nan
2023-01-30 10:17:23.050284, 10.92291259765625000000, nan
2023-01-30 10:17:23.149896, 10.60864257812500000000, nan
2023-01-30 10:17:23.149918, 9.94945526123046875000, nan
2023-01-30 10:17:23.255367, 9.50488281250000000000, nan
2023-01-30 10:17:23.255387, 8.84569549560546875000, nan
2023-01-30 10:17:23.350073, 8.39090728759765625000, nan
2023-01-30 10:17:23.350098, 7.69338989257812500000, nan
2023-01-30 10:17:23.451846, 7.25648498535156250000, nan
2023-01-30 10:17:23.451867, 6.75570678710937500000, nan
2023-01-30 10:17:23.550188, 6.47209930419921875000, nan
2023-01-30 10:17:23.550214, 6.09140777587890625000, nan
2023-01-30 10:17:23.650092, 5.86911773681640625000, nan
2023-01-30 10:17:23.650117, 5.56507110595703125000, nan
2023-01-30 10:17:23.750085, 5.38877868652343750000, nan
2023-01-30 10:17:23.750110, 5.12050628662109375000, nan
2023-01-30 10:17:23.850892, 4.97486877441406250000, nan
2023-01-30 10:17:23.850912, 4.81390380859375000000, nan
2023-01-30 10:17:23.951124, 4.68871307373046875000, nan
2023-01-30 10:17:23.951180, 4.50475311279296875000, nan
2023-01-30 10:17:24.051132, 4.42554473876953125000, nan
2023-01-30 10:17:24.051157, 4.30034637451171875000, nan
2023-01-30 10:17:24.151046, 4.22370147705078125000, nan
2023-01-30 10:17:24.151069, 4.18282318115234375000, nan
2023-01-30 10:17:24.251056, 4.18537139892578125000, nan
2023-01-30 10:17:24.251080, 4.20836639404296875000, nan
2023-01-30 10:17:24.351251, 4.21858978271484375000, nan
2023-01-30 10:17:24.351272, 4.21858978271484375000, nan
2023-01-30 10:17:24.453405, 4.22114562988281250000, nan
2023-01-30 10:17:24.453427, 4.20070648193359375000, nan
2023-01-30 10:17:24.551023, 4.17259979248046875000, nan
2023-01-30 10:17:24.551048, 4.20836639404296875000, nan
2023-01-30 10:17:24.651372, 4.28501892089843750000, nan
2023-01-30 10:17:24.651396, 4.57118225097656250000, nan
2023-01-30 10:17:24.750349, 4.89055633544921875000, nan
2023-01-30 10:17:24.750361, 5.47564697265625000000, nan
2023-01-30 10:17:24.850527, 5.88700103759765625000, nan
2023-01-30 10:17:24.850542, 6.40567016601562500000, nan
2023-01-30 10:17:24.950455, 6.68927764892578125000, nan
2023-01-30 10:17:24.950473, 7.10573577880859375000, nan
2023-01-30 10:17:25.050983, 7.38167572021484375000, nan
2023-01-30 10:17:25.051007, 7.78025817871093750000, nan
2023-01-30 10:17:25.150876, 8.05364227294921875000, nan
2023-01-30 10:17:25.150899, 8.48033142089843750000, nan
2023-01-30 10:17:25.250979, 8.79459381103515625000, nan
2023-01-30 10:17:25.251007, 9.28004455566406250000, nan
2023-01-30 10:17:25.352482, 9.56109619140625000000, nan
2023-01-30 10:17:25.352502, 9.84214782714843750000, nan
2023-01-30 10:17:25.450976, 9.84214782714843750000, nan
2023-01-30 10:17:25.450998, 9.56365203857421875000, nan
2023-01-30 10:17:25.553715, 9.28004455566406250000, nan
2023-01-30 10:17:25.553738, 8.75882720947265625000, nan
2023-01-30 10:17:25.651105, 8.38579559326171875000, nan
2023-01-30 10:17:25.651128, 7.88756561279296875000, nan
2023-01-30 10:17:25.751172, 7.57074737548828125000, nan
2023-01-30 10:17:25.751193, 7.04697418212890625000, nan
2023-01-30 10:17:25.851208, 6.69182586669921875000, nan
2023-01-30 10:17:25.851229, 6.18849182128906250000, nan
2023-01-30 10:17:25.951250, 5.92533111572265625000, nan
2023-01-30 10:17:25.951273, 5.65705108642578125000, nan
2023-01-30 10:17:26.050974, 5.51142120361328125000, nan
2023-01-30 10:17:26.050997, 5.23292541503906250000, nan
2023-01-30 10:17:26.151319, 5.01830291748046875000, nan
2023-01-30 10:17:26.151349, 4.78835296630859375000, nan
2023-01-30 10:17:26.251071, 4.68615722656250000000, nan
2023-01-30 10:17:26.251094, 4.48175811767578125000, nan
2023-01-30 10:17:26.351063, 4.36933135986328125000, nan
2023-01-30 10:17:26.351084, 4.30290222167968750000, nan
2023-01-30 10:17:26.451907, 4.26969146728515625000, nan
2023-01-30 10:17:26.451929, 4.25180816650390625000, nan
2023-01-30 10:17:26.551377, 4.24925231933593750000, nan
2023-01-30 10:17:26.551390, 4.25180816650390625000, nan
2023-01-30 10:17:26.651393, 4.24925231933593750000, nan
2023-01-30 10:17:26.651405, 4.22370147705078125000, nan
2023-01-30 10:17:26.751730, 4.22370147705078125000, nan
2023-01-30 10:17:26.751749, 4.22114562988281250000, nan
2023-01-30 10:17:26.852514, 4.16237640380859375000, nan
2023-01-30 10:17:26.852543, 4.09084320068359375000, nan
2023-01-30 10:17:26.954349, 4.08317565917968750000, nan
2023-01-30 10:17:26.954365, 4.11638641357421875000, nan
2023-01-30 10:17:27.051940, 4.15471649169921875000, nan
2023-01-30 10:17:27.051964, 4.18026733398437500000, nan
2023-01-30 10:17:27.151989, 4.19048309326171875000, nan
2023-01-30 10:17:27.152009, 4.19048309326171875000, nan
2023-01-30 10:17:27.251973, 4.16237640380859375000, nan
2023-01-30 10:17:27.251993, 4.17004394531250000000, nan
2023-01-30 10:17:27.352065, 4.19815063476562500000, 21.39461135864257812500
2023-01-30 10:17:27.352090, 4.20326232910156250000, nan
2023-01-30 10:17:27.457338, 4.26969146728515625000, nan
2023-01-30 10:17:27.457364, 4.53796386718750000000, nan
2023-01-30 10:17:27.551982, 4.80879211425781250000, nan
2023-01-30 10:17:27.552004, 5.33257293701171875000, nan
2023-01-30 10:17:27.653451, 5.69538116455078125000, nan
2023-01-30 10:17:27.653474, 6.23192596435546875000, nan
2023-01-30 10:17:27.755240, 6.55641174316406250000, nan
2023-01-30 10:17:27.755279, 6.96010589599609375000, nan
2023-01-30 10:17:27.852070, 7.22582244873046875000, nan
2023-01-30 10:17:27.852091, 7.58608245849609375000, nan
2023-01-30 10:17:27.952502, 7.78792572021484375000, nan
2023-01-30 10:17:27.952522, 8.10729980468750000000, nan
2023-01-30 10:17:28.052033, 8.31425476074218750000, nan
2023-01-30 10:17:28.052057, 8.60807800292968750000, nan
2023-01-30 10:17:28.152254, 8.76138305664062500000, nan
2023-01-30 10:17:28.152284, 8.82525634765625000000, nan
2023-01-30 10:17:28.252494, 8.72816467285156250000, nan
2023-01-30 10:17:28.252529, 8.36280059814453125000, nan
2023-01-30 10:17:28.351929, 8.05875396728515625000, nan
2023-01-30 10:17:28.351948, 7.64484405517578125000, nan
2023-01-30 10:17:28.452056, 7.35102081298828125000, nan
2023-01-30 10:17:28.452080, 6.90133666992187500000, nan
2023-01-30 10:17:28.551912, 6.64328765869140625000, nan
2023-01-30 10:17:28.551930, 6.26514434814453125000, nan
2023-01-30 10:17:28.651995, 6.01731109619140625000, nan
2023-01-30 10:17:28.652018, 5.71070861816406250000, nan
2023-01-30 10:17:28.753373, 5.53441619873046875000, nan
2023-01-30 10:17:28.753395, 5.25592041015625000000, nan
2023-01-30 10:17:28.852992, 5.07707214355468750000, nan
2023-01-30 10:17:28.853013, 4.84712219238281250000, nan
2023-01-30 10:17:28.953052, 4.74236297607421875000, nan
2023-01-30 10:17:28.953071, 4.58650970458984375000, nan
2023-01-30 10:17:29.055795, 4.44087219238281250000, nan
2023-01-30 10:17:29.055819, 4.31056976318359375000, nan
2023-01-30 10:17:29.152909, 4.26713562011718750000, nan
2023-01-30 10:17:29.152933, 4.21858978271484375000, nan
2023-01-30 10:17:29.253172, 4.20326232910156250000, nan
2023-01-30 10:17:29.253193, 4.20581817626953125000, nan
2023-01-30 10:17:29.353437, 4.21858978271484375000, nan
2023-01-30 10:17:29.353455, 4.22625732421875000000, nan
2023-01-30 10:17:29.453362, 4.21347808837890625000, nan
2023-01-30 10:17:29.453387, 4.22114562988281250000, nan
2023-01-30 10:17:29.554461, 4.22625732421875000000, nan
2023-01-30 10:17:29.554484, 4.25946807861328125000, nan
2023-01-30 10:17:29.653066, 4.43065643310546875000, nan
2023-01-30 10:17:29.653090, 4.92632293701171875000, nan
2023-01-30 10:17:29.753152, 5.34534454345703125000, nan
2023-01-30 10:17:29.753173, 5.99431610107421875000, nan
2023-01-30 10:17:29.852346, 6.37245178222656250000, nan
2023-01-30 10:17:29.852358, 6.86301422119140625000, nan
2023-01-30 10:17:29.952700, 7.17727661132812500000, nan
2023-01-30 10:17:29.952714, 7.63207244873046875000, nan
2023-01-30 10:17:30.052929, 7.90545654296875000000, nan
2023-01-30 10:17:30.052951, 8.26826477050781250000, nan
2023-01-30 10:17:30.153190, 8.49054718017578125000, nan
2023-01-30 10:17:30.153214, 8.81503295898437500000, nan
2023-01-30 10:17:30.253070, 9.01177215576171875000, nan
2023-01-30 10:17:30.253095, 9.38990783691406250000, nan
2023-01-30 10:17:30.355467, 9.73483276367187500000, nan
2023-01-30 10:17:30.355492, 10.28415679931640625000, nan
2023-01-30 10:17:30.453083, 10.52433013916015625000, nan
2023-01-30 10:17:30.453105, 10.46301269531250000000, nan
2023-01-30 10:17:30.553085, 10.22283935546875000000, nan
2023-01-30 10:17:30.553105, 9.81404113769531250000, nan
2023-01-30 10:17:30.653099, 9.56109619140625000000, nan
2023-01-30 10:17:30.653124, 9.24682617187500000000, nan
2023-01-30 10:17:30.754350, 9.04498291015625000000, nan
2023-01-30 10:17:30.754372, 8.65406799316406250000, nan
2023-01-30 10:17:30.852508, 8.33213806152343750000, nan
2023-01-30 10:17:30.852522, 7.79303741455078125000, nan
2023-01-30 10:17:30.952626, 7.40722656250000000000, nan
2023-01-30 10:17:30.952640, 6.86812591552734375000, nan
2023-01-30 10:17:31.052851, 6.54875183105468750000, nan
2023-01-30 10:17:31.052876, 6.05052185058593750000, nan
2023-01-30 10:17:31.153417, 5.76692199707031250000, nan
2023-01-30 10:17:31.153440, 5.37345123291015625000, nan
2023-01-30 10:17:31.253172, 5.10262298583984375000, nan
2023-01-30 10:17:31.253199, 4.83434295654296875000, nan
2023-01-30 10:17:31.357191, 4.71170806884765625000, nan
2023-01-30 10:17:31.357214, 4.57118225097656250000, nan
2023-01-30 10:17:31.453878, 4.51496887207031250000, nan
2023-01-30 10:17:31.453898, 4.43831634521484375000, nan
2023-01-30 10:17:31.557291, 4.41532135009765625000, nan
2023-01-30 10:17:31.557314, 4.39232635498046875000, nan
2023-01-30 10:17:31.655836, 4.35655975341796875000, nan
2023-01-30 10:17:31.655859, 4.33612060546875000000, nan
2023-01-30 10:17:31.753980, 4.31823730468750000000, nan
2023-01-30 10:17:31.753998, 4.22625732421875000000, nan
2023-01-30 10:17:31.854139, 4.18792724609375000000, nan
2023-01-30 10:17:31.854161, 4.17004394531250000000, nan
2023-01-30 10:17:31.954421, 4.17515563964843750000, nan
2023-01-30 10:17:31.954444, 4.18792724609375000000, nan
2023-01-30 10:17:32.053990, 4.18282318115234375000, nan
2023-01-30 10:17:32.054014, 4.18792724609375000000, nan
2023-01-30 10:17:32.154704, 4.19559478759765625000, nan
2023-01-30 10:17:32.154726, 4.19048309326171875000, nan
2023-01-30 10:17:32.254131, 4.22625732421875000000, nan
2023-01-30 10:17:32.254152, 4.38722229003906250000, nan
2023-01-30 10:17:32.354227, 4.53796386718750000000, nan
2023-01-30 10:17:32.354260, 4.95187377929687500000, nan
2023-01-30 10:17:32.453952, 5.34023284912109375000, nan
2023-01-30 10:17:32.453976, 5.90999603271484375000, nan
2023-01-30 10:17:32.556860, 6.26770019531250000000, nan
2023-01-30 10:17:32.556881, 6.73781585693359375000, nan
2023-01-30 10:17:32.654172, 7.02397918701171875000, nan
2023-01-30 10:17:32.654195, 7.44555664062500000000, nan
2023-01-30 10:17:32.754027, 7.69083404541015625000, nan
2023-01-30 10:17:32.754048, 8.01787567138671875000, nan
2023-01-30 10:17:32.854124, 8.22483062744140625000, nan
2023-01-30 10:17:32.854148, 8.50843811035156250000, nan
2023-01-30 10:17:32.956727, 8.67961883544921875000, nan
2023-01-30 10:17:32.956749, 8.87635803222656250000, nan
2023-01-30 10:17:33.053995, 8.98877716064453125000, nan
2023-01-30 10:17:33.054019, 9.16762542724609375000, nan
2023-01-30 10:17:33.154302, 9.27748870849609375000, nan
2023-01-30 10:17:33.154370, 9.37202453613281250000, nan
2023-01-30 10:17:33.253997, 9.32603454589843750000, nan
2023-01-30 10:17:33.254017, 9.06031799316406250000, nan
2023-01-30 10:17:33.354585, 8.79459381103515625000, nan
2023-01-30 10:17:33.354610, 8.30148315429687500000, nan
2023-01-30 10:17:33.455507, 7.94122314453125000000, nan
2023-01-30 10:17:33.455546, 7.40722656250000000000, nan
2023-01-30 10:17:33.555684, 7.04953002929687500000, nan
2023-01-30 10:17:33.555840, 6.57430267333984375000, nan
2023-01-30 10:17:33.656611, 6.29836273193359375000, nan
2023-01-30 10:17:33.656635, 5.90999603271484375000, nan
2023-01-30 10:17:33.756561, 5.67494201660156250000, nan
2023-01-30 10:17:33.756580, 5.33001708984375000000, nan
2023-01-30 10:17:33.855156, 5.10262298583984375000, nan
2023-01-30 10:17:33.855178, 4.84712219238281250000, nan
2023-01-30 10:17:33.954883, 4.74491882324218750000, nan
2023-01-30 10:17:33.954901, 4.54563140869140625000, nan
2023-01-30 10:17:34.055446, 4.39999389648437500000, nan
2023-01-30 10:17:34.055475, 4.29524230957031250000, nan
2023-01-30 10:17:34.154830, 4.25435638427734375000, nan
2023-01-30 10:17:34.154850, 4.23136138916015625000, nan
2023-01-30 10:17:34.256057, 4.22114562988281250000, nan
2023-01-30 10:17:34.256077, 4.20070648193359375000, nan
2023-01-30 10:17:34.355749, 4.19559478759765625000, nan
2023-01-30 10:17:34.355771, 4.17004394531250000000, nan
2023-01-30 10:17:34.455186, 4.13938140869140625000, nan
2023-01-30 10:17:34.455207, 4.13938140869140625000, nan
2023-01-30 10:17:34.556335, 4.11894226074218750000, nan
2023-01-30 10:17:34.556358, 4.04740142822265625000, nan
2023-01-30 10:17:34.655102, 4.03974151611328125000, nan
2023-01-30 10:17:34.655130, 4.06018066406250000000, nan
2023-01-30 10:17:34.755912, 4.09850311279296875000, nan
2023-01-30 10:17:34.755932, 4.17004394531250000000, nan
2023-01-30 10:17:34.855202, 4.21092224121093750000, nan
2023-01-30 10:17:34.855236, 4.32079315185546875000, nan
2023-01-30 10:17:34.954550, 4.44853973388671875000, nan
2023-01-30 10:17:34.954572, 4.75514221191406250000, nan
2023-01-30 10:17:35.057850, 5.04640960693359375000, nan
2023-01-30 10:17:35.057905, 5.48331451416015625000, nan
2023-01-30 10:17:35.155573, 5.76692199707031250000, nan
2023-01-30 10:17:35.155594, 6.26003265380859375000, nan
2023-01-30 10:17:35.256780, 6.58707427978515625000, nan
2023-01-30 10:17:35.256802, 7.08274078369140625000, nan
2023-01-30 10:17:35.355466, 7.42256164550781250000, nan
2023-01-30 10:17:35.355484, 7.89267730712890625000, nan
2023-01-30 10:17:35.455270, 8.19416809082031250000, nan
2023-01-30 10:17:35.455292, 8.61574554443359375000, nan
2023-01-30 10:17:35.556014, 8.88657379150390625000, nan
2023-01-30 10:17:35.556033, 9.31581115722656250000, nan
2023-01-30 10:17:35.655170, 9.59175109863281250000, nan
2023-01-30 10:17:35.655192, 10.01077270507812500000, nan
2023-01-30 10:17:35.755711, 10.29949188232421875000, nan
2023-01-30 10:17:35.755731, 10.65463256835937500000, nan
2023-01-30 10:17:35.854789, 10.79515838623046875000, nan
2023-01-30 10:17:35.854802, 10.79260253906250000000, nan
2023-01-30 10:17:35.955541, 10.57032012939453125000, nan
2023-01-30 10:17:35.955557, 9.94434356689453125000, nan
2023-01-30 10:17:36.056480, 9.47677612304687500000, nan
2023-01-30 10:17:36.056502, 8.84058380126953125000, nan
2023-01-30 10:17:36.156150, 8.42667388916015625000, nan
2023-01-30 10:17:36.156170, 7.76237487792968750000, nan
2023-01-30 10:17:36.256299, 7.32035827636718750000, nan
2023-01-30 10:17:36.256319, 6.73271179199218750000, nan
2023-01-30 10:17:36.356072, 6.41588592529296875000, nan
2023-01-30 10:17:36.356107, 6.04541778564453125000, nan
2023-01-30 10:17:36.456176, 5.83079528808593750000, nan
2023-01-30 10:17:36.456210, 5.55229949951171875000, nan
2023-01-30 10:17:36.556239, 5.34534454345703125000, nan
2023-01-30 10:17:36.556276, 5.02341461181640625000, nan
2023-01-30 10:17:36.656108, 4.87522125244140625000, nan
2023-01-30 10:17:36.656132, 4.71170806884765625000, nan
2023-01-30 10:17:36.756251, 4.56095886230468750000, nan
2023-01-30 10:17:36.756283, 4.35911560058593750000, nan
2023-01-30 10:17:36.856942, 4.29013061523437500000, nan
2023-01-30 10:17:36.856966, 4.21858978271484375000, nan
2023-01-30 10:17:36.956035, 4.20326232910156250000, nan
2023-01-30 10:17:36.956057, 4.18792724609375000000, nan
2023-01-30 10:17:37.056499, 4.18026733398437500000, nan
2023-01-30 10:17:37.056520, 4.17004394531250000000, nan
2023-01-30 10:17:37.155931, 4.14449310302734375000, nan
2023-01-30 10:17:37.155953, 4.11894226074218750000, nan
2023-01-30 10:17:37.256113, 4.14449310302734375000, nan
2023-01-30 10:17:37.256133, 4.14449310302734375000, nan
2023-01-30 10:17:37.361170, 4.18792724609375000000, 22.43829536437988281250
2023-01-30 10:17:37.361190, 4.45109558105468750000, nan
2023-01-30 10:17:37.456432, 4.73214721679687500000, nan
2023-01-30 10:17:37.456467, 5.29424285888671875000, nan
2023-01-30 10:17:37.556378, 5.69538116455078125000, nan
2023-01-30 10:17:37.556399, 6.22426605224609375000, nan
2023-01-30 10:17:37.656576, 6.52064514160156250000, nan
2023-01-30 10:17:37.656600, 6.90900421142578125000, nan
2023-01-30 10:17:37.756271, 7.20027160644531250000, nan
2023-01-30 10:17:37.756305, 7.62440490722656250000, nan
2023-01-30 10:17:37.856182, 7.83391571044921875000, nan
2023-01-30 10:17:37.856210, 8.17372894287109375000, nan
2023-01-30 10:17:37.955996, 8.46244812011718750000, nan
2023-01-30 10:17:37.956022, 8.94789123535156250000, nan
2023-01-30 10:17:38.057812, 9.28260040283203125000, nan
2023-01-30 10:17:38.057836, 9.74505615234375000000, nan
2023-01-30 10:17:38.156714, 10.00055694580078125000, nan
2023-01-30 10:17:38.156736, 10.26371765136718750000, nan
2023-01-30 10:17:38.256583, 10.38891601562500000000, nan
2023-01-30 10:17:38.256615, 10.32248687744140625000, nan
2023-01-30 10:17:38.355831, 10.05165100097656250000, nan
2023-01-30 10:17:38.355855, 9.50488281250000000000, nan
2023-01-30 10:17:38.455624, 9.12419128417968750000, nan
2023-01-30 10:17:38.455647, 8.48544311523437500000, nan
2023-01-30 10:17:38.556791, 8.05364227294921875000, nan
2023-01-30 10:17:38.556812, 7.49920654296875000000, nan
2023-01-30 10:17:38.656423, 7.12362670898437500000, nan
2023-01-30 10:17:38.656434, 6.58963012695312500000, nan
2023-01-30 10:17:38.756712, 6.27791595458984375000, nan
2023-01-30 10:17:38.756731, 5.81291198730468750000, nan
2023-01-30 10:17:38.857099, 5.56252288818359375000, nan
2023-01-30 10:17:38.857123, 5.21759796142578125000, nan
2023-01-30 10:17:38.958408, 4.98764801025390625000, nan
2023-01-30 10:17:38.958439, 4.75769805908203125000, nan
2023-01-30 10:17:39.057099, 4.63505554199218750000, nan
2023-01-30 10:17:39.057124, 4.51241302490234375000, nan
2023-01-30 10:17:39.156942, 4.47409057617187500000, nan
2023-01-30 10:17:39.156964, 4.41532135009765625000, nan
2023-01-30 10:17:39.257235, 4.38977813720703125000, nan
2023-01-30 10:17:39.257258, 4.36167144775390625000, nan
2023-01-30 10:17:39.356989, 4.31568145751953125000, nan
2023-01-30 10:17:39.357015, 4.27224731445312500000, nan
2023-01-30 10:17:39.461112, 4.26457977294921875000, nan
2023-01-30 10:17:39.461166, 4.19303894042968750000, nan
2023-01-30 10:17:39.556765, 4.15216064453125000000, nan
2023-01-30 10:17:39.556785, 4.11894226074218750000, nan
2023-01-30 10:17:39.658693, 4.12660980224609375000, nan
2023-01-30 10:17:39.658720, 4.19303894042968750000, nan
2023-01-30 10:17:39.756927, 4.23136138916015625000, nan
2023-01-30 10:17:39.756950, 4.29524230957031250000, nan
2023-01-30 10:17:39.857121, 4.32334136962890625000, nan
2023-01-30 10:17:39.857146, 4.28246307373046875000, nan
2023-01-30 10:17:39.957072, 4.25435638427734375000, nan
2023-01-30 10:17:39.957105, 4.24158477783203125000, nan
2023-01-30 10:17:40.057067, 4.19815063476562500000, nan
2023-01-30 10:17:40.057089, 4.16237640380859375000, nan
2023-01-30 10:17:40.157061, 4.16237640380859375000, nan
2023-01-30 10:17:40.157082, 4.16748809814453125000, nan
2023-01-30 10:17:40.257712, 4.17771148681640625000, nan
2023-01-30 10:17:40.257732, 4.17771148681640625000, nan
2023-01-30 10:17:40.357082, 4.18282318115234375000, nan
2023-01-30 10:17:40.357102, 4.23902893066406250000, nan
2023-01-30 10:17:40.457110, 4.34889221191406250000, nan
2023-01-30 10:17:40.457134, 4.76791381835937500000, nan
2023-01-30 10:17:40.557049, 5.19460296630859375000, nan
2023-01-30 10:17:40.557074, 5.78736114501953125000, nan
2023-01-30 10:17:40.657167, 6.12717437744140625000, nan
2023-01-30 10:17:40.657193, 6.55896759033203125000, nan
2023-01-30 10:17:40.757310, 6.81191253662109375000, nan
2023-01-30 10:17:40.757332, 7.21560668945312500000, nan
2023-01-30 10:17:40.858161, 7.51964569091796875000, nan
2023-01-30 10:17:40.858186, 8.07663726806640625000, nan
2023-01-30 10:17:40.958134, 8.50843811035156250000, nan
2023-01-30 10:17:40.958156, 9.20594787597656250000, nan
2023-01-30 10:17:41.065725, 9.68118286132812500000, nan
2023-01-30 10:17:41.065747, 10.34037017822265625000, nan
2023-01-30 10:17:41.158125, 10.70829010009765625000, nan
2023-01-30 10:17:41.158149, 11.09153747558593750000, nan
2023-01-30 10:17:41.259501, 11.17840576171875000000, nan
2023-01-30 10:17:41.259524, 11.15286254882812500000, nan
2023-01-30 10:17:41.357901, 11.06598663330078125000, nan
2023-01-30 10:17:41.357940, 10.74916839599609375000, nan
2023-01-30 10:17:41.458225, 10.44512176513671875000, nan
2023-01-30 10:17:41.458247, 9.96222686767578125000, nan
2023-01-30 10:17:41.558289, 9.68118286132812500000, nan
2023-01-30 10:17:41.558313, 9.38224792480468750000, nan
2023-01-30 10:17:41.658305, 9.25449371337890625000, nan
2023-01-30 10:17:41.658344, 9.13696289062500000000, nan
2023-01-30 10:17:41.758201, 9.08841705322265625000, nan
2023-01-30 10:17:41.758223, 9.13185119628906250000, nan
2023-01-30 10:17:41.858165, 9.38224792480468750000, nan
2023-01-30 10:17:41.858186, 9.95456695556640625000, nan
2023-01-30 10:17:41.958491, 10.13597106933593750000, nan
2023-01-30 10:17:41.958514, 9.87024688720703125000, nan
2023-01-30 10:17:42.058195, 9.58920288085937500000, nan
2023-01-30 10:17:42.058221, 9.31326293945312500000, nan
2023-01-30 10:17:42.158058, 9.11907958984375000000, nan
2023-01-30 10:17:42.158079, 8.68984222412109375000, nan
2023-01-30 10:17:42.257619, 8.36024475097656250000, nan
2023-01-30 10:17:42.257633, 7.90034484863281250000, nan
2023-01-30 10:17:42.357993, 7.64228820800781250000, nan
2023-01-30 10:17:42.358014, 7.24626159667968750000, nan
2023-01-30 10:17:42.459316, 6.94222259521484375000, nan
2023-01-30 10:17:42.459337, 6.47209930419921875000, nan
2023-01-30 10:17:42.558407, 6.11184692382812500000, nan
2023-01-30 10:17:42.558428, 5.61872863769531250000, nan
2023-01-30 10:17:42.658094, 5.40921783447265625000, nan
2023-01-30 10:17:42.658118, 5.13583374023437500000, nan
2023-01-30 10:17:42.758148, 4.97486877441406250000, nan
2023-01-30 10:17:42.758171, 4.84712219238281250000, nan
2023-01-30 10:17:42.859113, 4.79090881347656250000, nan
2023-01-30 10:17:42.859140, 4.75258636474609375000, nan
2023-01-30 10:17:42.958128, 4.75514221191406250000, nan
2023-01-30 10:17:42.958150, 4.75769805908203125000, nan
2023-01-30 10:17:43.058104, 4.75003051757812500000, nan
2023-01-30 10:17:43.058127, 4.69892883300781250000, nan
2023-01-30 10:17:43.157951, 4.68615722656250000000, nan
2023-01-30 10:17:43.157971, 4.63761138916015625000, nan
2023-01-30 10:17:43.260267, 4.56607055664062500000, nan
2023-01-30 10:17:43.260291, 4.49964141845703125000, nan
2023-01-30 10:17:43.359215, 4.47664642333984375000, nan
2023-01-30 10:17:43.359238, 4.48686218261718750000, nan
2023-01-30 10:17:43.459026, 4.50475311279296875000, nan
2023-01-30 10:17:43.459040, 4.51496887207031250000, nan
2023-01-30 10:17:43.558688, 4.51496887207031250000, nan
2023-01-30 10:17:43.558706, 4.47409057617187500000, nan
2023-01-30 10:17:43.661163, 4.45620727539062500000, nan
2023-01-30 10:17:43.661181, 4.45109558105468750000, nan
2023-01-30 10:17:43.759035, 4.38977813720703125000, nan
2023-01-30 10:17:43.759060, 4.30034637451171875000, nan
2023-01-30 10:17:43.859954, 4.28501892089843750000, nan
2023-01-30 10:17:43.859980, 4.28501892089843750000, nan
2023-01-30 10:17:43.959045, 4.30034637451171875000, nan
2023-01-30 10:17:43.959073, 4.29013061523437500000, nan
2023-01-30 10:17:44.060814, 4.27224731445312500000, nan
2023-01-30 10:17:44.060838, 4.24158477783203125000, nan
2023-01-30 10:17:44.159356, 4.20326232910156250000, nan
2023-01-30 10:17:44.159380, 4.20326232910156250000, nan
2023-01-30 10:17:44.259172, 4.26713562011718750000, nan
2023-01-30 10:17:44.259192, 4.48175811767578125000, nan
2023-01-30 10:17:44.359186, 4.78835296630859375000, nan
2023-01-30 10:17:44.359210, 5.42965698242187500000, nan
2023-01-30 10:17:44.458523, 5.86400604248046875000, nan
2023-01-30 10:17:44.458537, 6.42099761962890625000, nan
2023-01-30 10:17:44.558908, 6.75570678710937500000, nan
2023-01-30 10:17:44.558928, 7.26670074462890625000, nan
2023-01-30 10:17:44.660959, 7.56053161621093750000, nan
2023-01-30 10:17:44.660983, 7.92845153808593750000, nan
2023-01-30 10:17:44.759053, 8.18650054931640625000, nan
2023-01-30 10:17:44.759076, 8.59786224365234375000, nan
2023-01-30 10:17:44.859219, 8.86357879638671875000, nan
2023-01-30 10:17:44.859240, 9.18806457519531250000, nan
2023-01-30 10:17:44.959258, 9.34902954101562500000, nan
2023-01-30 10:17:44.959278, 9.61730194091796875000, nan
2023-01-30 10:17:45.059187, 9.84980773925781250000, nan
2023-01-30 10:17:45.059217, 10.31226348876953125000, nan
2023-01-30 10:17:45.159133, 10.61375427246093750000, nan
2023-01-30 10:17:45.159156, 10.92546081542968750000, nan
2023-01-30 10:17:45.239164, 11.06854248046875000000, nan
2023-01-30 10:17:45.239188, 11.15796661376953125000, nan
2023-01-30 10:17:45.339464, 11.14775085449218750000, nan
2023-01-30 10:17:45.339485, 11.04810333251953125000, nan
2023-01-30 10:17:45.439143, 10.71595764160156250000, nan
2023-01-30 10:17:45.439167, 10.36592102050781250000, nan
2023-01-30 10:17:45.540554, 9.72717285156250000000, nan
2023-01-30 10:17:45.540575, 9.29537200927734375000, nan
2023-01-30 10:17:45.640186, 8.62085723876953125000, nan
2023-01-30 10:17:45.640209, 8.15584564208984375000, nan
2023-01-30 10:17:45.739995, 7.45321655273437500000, nan
2023-01-30 10:17:45.740015, 7.05208587646484375000, nan
2023-01-30 10:17:45.840124, 6.58196258544921875000, nan
2023-01-30 10:17:45.840147, 6.28302764892578125000, nan
2023-01-30 10:17:45.939865, 5.86911773681640625000, nan
2023-01-30 10:17:45.939884, 5.63916778564453125000, nan
2023-01-30 10:17:46.040047, 5.36578369140625000000, nan
2023-01-30 10:17:46.040066, 5.19715118408203125000, nan
2023-01-30 10:17:46.139962, 4.97486877441406250000, nan
2023-01-30 10:17:46.139982, 4.89311218261718750000, nan
2023-01-30 10:17:46.240167, 4.78069305419921875000, nan
2023-01-30 10:17:46.240200, 4.69126129150390625000, nan
2023-01-30 10:17:46.339914, 4.62483215332031250000, nan
2023-01-30 10:17:46.339935, 4.56351470947265625000, nan
2023-01-30 10:17:46.440173, 4.40254974365234375000, nan
2023-01-30 10:17:46.440208, 4.34633636474609375000, nan
2023-01-30 10:17:46.540361, 4.29524230957031250000, nan
2023-01-30 10:17:46.540379, 4.28246307373046875000, nan
2023-01-30 10:17:46.640226, 4.29268646240234375000, nan
2023-01-30 10:17:46.640250, 4.29013061523437500000, nan
2023-01-30 10:17:46.740241, 4.29013061523437500000, nan
2023-01-30 10:17:46.740267, 4.26969146728515625000, nan
2023-01-30 10:17:46.840388, 4.22625732421875000000, nan
2023-01-30 10:17:46.840415, 4.22625732421875000000, nan
2023-01-30 10:17:46.940084, 4.18792724609375000000, nan
2023-01-30 10:17:46.940104, 4.13172149658203125000, nan
2023-01-30 10:17:47.040157, 4.09594726562500000000, nan
2023-01-30 10:17:47.040181, 4.09594726562500000000, nan
2023-01-30 10:17:47.140082, 4.13683319091796875000, nan
2023-01-30 10:17:47.140107, 4.17004394531250000000, nan
2023-01-30 10:17:47.240180, 4.21858978271484375000, nan
2023-01-30 10:17:47.240203, 4.28757476806640625000, nan
2023-01-30 10:17:47.340241, 4.41277313232421875000, 21.47458839416503906250
2023-01-30 10:17:47.340266, 4.52263641357421875000, nan
2023-01-30 10:17:47.440168, 4.77558135986328125000, nan
2023-01-30 10:17:47.440192, 4.92887878417968750000, nan
2023-01-30 10:17:47.540090, 5.18949127197265625000, nan
2023-01-30 10:17:47.540113, 5.45265197753906250000, nan
2023-01-30 10:17:47.640188, 5.86400604248046875000, nan
2023-01-30 10:17:47.640213, 6.15272521972656250000, nan
2023-01-30 10:17:47.739918, 6.53597259521484375000, nan
2023-01-30 10:17:47.739937, 6.73781585693359375000, nan
2023-01-30 10:17:47.840163, 7.07763671875000000000, nan
2023-01-30 10:17:47.840184, 7.35357666015625000000, nan
2023-01-30 10:17:47.939930, 7.80580902099609375000, nan
2023-01-30 10:17:47.939951, 8.11751556396484375000, nan
2023-01-30 10:17:48.040354, 8.59275054931640625000, nan
2023-01-30 10:17:48.040378, 8.91468048095703125000, nan
2023-01-30 10:17:48.143101, 9.37202453613281250000, nan
2023-01-30 10:17:48.143125, 9.67095947265625000000, nan
2023-01-30 10:17:48.240036, 10.16662597656250000000, nan
2023-01-30 10:17:48.240067, 10.53965759277343750000, nan
2023-01-30 10:17:48.342967, 11.05321502685546875000, nan
2023-01-30 10:17:48.342991, 11.30871582031250000000, nan
2023-01-30 10:17:48.441166, 11.55654907226562500000, nan
2023-01-30 10:17:48.441193, 11.55654907226562500000, nan
2023-01-30 10:17:48.540944, 11.20140075683593750000, nan
2023-01-30 10:17:48.540963, 10.77471923828125000000, nan
2023-01-30 10:17:48.641232, 10.07464599609375000000, nan
2023-01-30 10:17:48.641255, 9.63263702392578125000, nan
2023-01-30 10:17:48.741172, 9.03221130371093750000, nan
2023-01-30 10:17:48.741192, 8.67195129394531250000, nan
2023-01-30 10:17:48.842119, 8.10474395751953125000, nan
2023-01-30 10:17:48.842147, 7.71894073486328125000, nan
2023-01-30 10:17:48.943076, 7.16194915771484375000, nan
2023-01-30 10:17:48.943099, 6.80935668945312500000, nan
2023-01-30 10:17:49.040977, 6.36479187011718750000, nan
2023-01-30 10:17:49.040998, 6.13739776611328125000, nan
2023-01-30 10:17:49.141196, 5.79247283935546875000, nan
2023-01-30 10:17:49.141229, 5.55485534667968750000, nan
2023-01-30 10:17:49.241148, 5.24314117431640625000, nan
2023-01-30 10:17:49.241170, 5.07707214355468750000, nan
2023-01-30 10:17:49.341191, 4.92121124267578125000, nan
2023-01-30 10:17:49.341218, 4.83434295654296875000, nan
2023-01-30 10:17:49.441234, 4.72703552246093750000, nan
2023-01-30 10:17:49.441254, 4.67848968505859375000, nan
2023-01-30 10:17:49.541182, 4.56607055664062500000, nan
2023-01-30 10:17:49.541220, 4.48686218261718750000, nan
2023-01-30 10:17:49.640873, 4.43065643310546875000, nan
2023-01-30 10:17:49.640887, 4.36678314208984375000, nan
2023-01-30 10:17:49.741387, 4.25691223144531250000, nan
2023-01-30 10:17:49.741416, 4.22881317138671875000, nan
2023-01-30 10:17:49.841212, 4.21858978271484375000, nan
2023-01-30 10:17:49.841237, 4.23391723632812500000, nan
2023-01-30 10:17:49.941645, 4.24925231933593750000, nan
2023-01-30 10:17:49.941670, 4.23647308349609375000, nan
2023-01-30 10:17:50.041239, 4.21858978271484375000, nan
2023-01-30 10:17:50.041269, 4.20326232910156250000, nan
2023-01-30 10:17:50.141261, 4.17259979248046875000, nan
2023-01-30 10:17:50.141295, 4.18282318115234375000, nan
2023-01-30 10:17:50.241408, 4.15727233886718750000, nan
2023-01-30 10:17:50.241431, 4.10617065429687500000, nan
2023-01-30 10:17:50.340991, 4.08828735351562500000, nan
2023-01-30 10:17:50.341009, 4.10105895996093750000, nan
2023-01-30 10:17:50.441343, 4.16237640380859375000, nan
2023-01-30 10:17:50.441368, 4.20070648193359375000, nan
2023-01-30 10:17:50.540902, 4.22625732421875000000, nan
2023-01-30 10:17:50.540921, 4.24925231933593750000, nan
2023-01-30 10:17:50.643278, 4.25691223144531250000, nan
2023-01-30 10:17:50.643304, 4.24414062500000000000, nan
2023-01-30 10:17:50.742004, 4.26202392578125000000, nan
2023-01-30 10:17:50.742023, 4.26457977294921875000, nan
2023-01-30 10:17:50.841073, 4.30290222167968750000, nan
2023-01-30 10:17:50.841095, 4.44853973388671875000, nan
2023-01-30 10:17:50.941077, 4.81134796142578125000, nan
2023-01-30 10:17:50.941099, 5.13838958740234375000, nan
2023-01-30 10:17:51.042418, 5.66216278076171875000, nan
2023-01-30 10:17:51.042453, 5.98153686523437500000, nan
2023-01-30 10:17:51.142078, 6.43377685546875000000, nan
2023-01-30 10:17:51.142098, 6.69438171386718750000, nan
2023-01-30 10:17:51.242279, 7.10573577880859375000, nan
2023-01-30 10:17:51.242305, 7.38934326171875000000, nan
2023-01-30 10:17:51.341960, 7.75215148925781250000, nan
2023-01-30 10:17:51.341982, 7.99999237060546875000, nan
2023-01-30 10:17:51.442459, 8.41900634765625000000, nan
2023-01-30 10:17:51.442482, 8.71283721923828125000, nan
2023-01-30 10:17:51.542258, 9.14207458496093750000, nan
2023-01-30 10:17:51.542281, 9.41801452636718750000, nan
2023-01-30 10:17:51.642207, 9.84725189208984375000, nan
2023-01-30 10:17:51.642229, 10.08231353759765625000, nan
2023-01-30 10:17:51.742128, 10.35314178466796875000, nan
2023-01-30 10:17:51.742149, 10.55243682861328125000, nan
2023-01-30 10:17:51.842229, 10.78494262695312500000, nan
2023-01-30 10:17:51.842252, 10.81304168701171875000, nan
2023-01-30 10:17:51.942297, 10.51921844482421875000, nan
2023-01-30 10:17:51.942321, 10.07975769042968750000, nan
2023-01-30 10:17:52.042698, 9.36435699462890625000, nan
2023-01-30 10:17:52.042718, 8.94278717041015625000, nan
2023-01-30 10:17:52.142251, 8.30403137207031250000, nan
2023-01-30 10:17:52.142273, 7.87223815917968750000, nan
2023-01-30 10:17:52.242120, 7.23860168457031250000, nan
2023-01-30 10:17:52.242141, 6.85279083251953125000, nan
2023-01-30 10:17:52.342113, 6.40311431884765625000, nan
2023-01-30 10:17:52.342134, 6.13484191894531250000, nan
2023-01-30 10:17:52.457197, 5.73625946044921875000, nan
2023-01-30 10:17:52.457221, 5.43988037109375000000, nan
2023-01-30 10:17:52.557260, 5.25080871582031250000, nan
2023-01-30 10:17:52.557284, 5.02341461181640625000, nan
2023-01-30 10:17:52.657348, 4.91866302490234375000, nan
2023-01-30 10:17:52.657372, 4.75769805908203125000, nan
2023-01-30 10:17:52.757191, 4.64782714843750000000, nan
2023-01-30 10:17:52.757215, 4.50219726562500000000, nan
2023-01-30 10:17:52.857222, 4.42554473876953125000, nan
2023-01-30 10:17:52.857245, 4.36678314208984375000, nan
2023-01-30 10:17:52.957236, 4.30034637451171875000, nan
2023-01-30 10:17:52.957256, 4.15216064453125000000, nan
2023-01-30 10:17:53.057269, 4.09850311279296875000, nan
2023-01-30 10:17:53.057358, 4.07806396484375000000, nan
2023-01-30 10:17:53.157181, 4.08828735351562500000, nan
2023-01-30 10:17:53.157202, 4.11383819580078125000, nan
2023-01-30 10:17:53.257531, 4.12405395507812500000, nan
2023-01-30 10:17:53.257561, 4.13683319091796875000, nan
2023-01-30 10:17:53.357162, 4.12405395507812500000, nan
2023-01-30 10:17:53.357184, 4.09850311279296875000, nan
2023-01-30 10:17:53.457436, 4.11638641357421875000, nan
2023-01-30 10:17:53.457464, 4.07550811767578125000, nan
2023-01-30 10:17:53.558124, 4.02440643310546875000, nan
2023-01-30 10:17:53.558144, 4.00652313232421875000, nan
2023-01-30 10:17:53.658810, 4.01674652099609375000, nan
2023-01-30 10:17:53.658831, 4.05506896972656250000, nan
2023-01-30 10:17:53.758230, 4.07806396484375000000, nan
2023-01-30 10:17:53.758261, 4.11383819580078125000, nan
2023-01-30 10:17:53.858164, 4.13938140869140625000, nan
2023-01-30 10:17:53.858189, 4.14704895019531250000, nan
2023-01-30 10:17:53.958407, 4.19559478759765625000, nan
2023-01-30 10:17:53.958430, 4.38722229003906250000, nan
2023-01-30 10:17:54.058176, 4.53029632568359375000, nan
2023-01-30 10:17:54.058197, 4.85733795166015625000, nan
2023-01-30 10:17:54.158141, 5.18949127197265625000, nan
2023-01-30 10:17:54.158164, 5.71582031250000000000, nan
2023-01-30 10:17:54.259323, 6.04541778564453125000, nan
2023-01-30 10:17:54.259348, 6.50786590576171875000, nan
2023-01-30 10:17:54.358216, 6.81191253662109375000, nan
2023-01-30 10:17:54.358238, 7.29736328125000000000, nan
2023-01-30 10:17:54.464697, 7.61418151855468750000, nan
2023-01-30 10:17:54.464720, 8.04853057861328125000, nan
2023-01-30 10:17:54.558075, 8.32447814941406250000, nan
2023-01-30 10:17:54.558098, 8.76393127441406250000, nan
2023-01-30 10:17:54.663933, 9.05520629882812500000, nan
2023-01-30 10:17:54.663949, 9.50999450683593750000, nan
2023-01-30 10:17:54.758158, 9.85236358642578125000, nan
2023-01-30 10:17:54.758175, 10.37103271484375000000, nan
2023-01-30 10:17:54.857488, 10.67762756347656250000, nan
2023-01-30 10:17:54.857500, 10.95612335205078125000, nan
2023-01-30 10:17:54.957840, 10.98678588867187500000, nan
2023-01-30 10:17:54.957874, 10.84370422363281250000, nan
2023-01-30 10:17:55.058028, 10.60098266601562500000, nan
2023-01-30 10:17:55.058056, 10.03376770019531250000, nan
2023-01-30 10:17:55.158209, 9.60453033447265625000, nan
2023-01-30 10:17:55.158235, 9.01432800292968750000, nan
2023-01-30 10:17:55.259720, 8.63362884521484375000, nan
2023-01-30 10:17:55.259741, 8.07152557373046875000, nan
2023-01-30 10:17:55.357606, 7.71894073486328125000, nan
2023-01-30 10:17:55.357623, 7.21560668945312500000, nan
2023-01-30 10:17:55.457764, 6.90644836425781250000, nan
2023-01-30 10:17:55.457790, 6.46443176269531250000, nan
2023-01-30 10:17:55.557875, 6.20382690429687500000, nan
2023-01-30 10:17:55.557919, 5.82057189941406250000, nan
2023-01-30 10:17:55.659239, 5.53697204589843750000, nan
2023-01-30 10:17:55.659264, 5.19204711914062500000, nan
2023-01-30 10:17:55.759299, 5.02597045898437500000, nan
2023-01-30 10:17:55.759329, 4.84712219238281250000, nan
2023-01-30 10:17:55.863550, 4.76791381835937500000, nan
2023-01-30 10:17:55.863575, 4.63761138916015625000, nan
2023-01-30 10:17:55.959166, 4.56095886230468750000, nan
2023-01-30 10:17:55.959190, 4.44598388671875000000, nan
2023-01-30 10:17:56.063474, 4.37188720703125000000, nan
2023-01-30 10:17:56.063495, 4.33100891113281250000, nan
2023-01-30 10:17:56.159193, 4.28757476806640625000, nan
2023-01-30 10:17:56.159214, 4.16493225097656250000, nan
2023-01-30 10:17:56.239243, 4.12149810791015625000, nan
2023-01-30 10:17:56.239265, 4.10361480712890625000, nan
2023-01-30 10:17:56.339615, 4.11894226074218750000, nan
2023-01-30 10:17:56.339635, 4.15216064453125000000, nan
2023-01-30 10:17:56.439177, 4.17515563964843750000, nan
2023-01-30 10:17:56.439202, 4.18792724609375000000, nan
2023-01-30 10:17:56.539475, 4.19303894042968750000, nan
2023-01-30 10:17:56.539495, 4.18026733398437500000, nan
2023-01-30 10:17:56.639475, 4.19815063476562500000, nan
2023-01-30 10:17:56.639499, 4.19048309326171875000, nan
2023-01-30 10:17:56.739333, 4.11638641357421875000, nan
2023-01-30 10:17:56.739354, 4.09594726562500000000, nan
2023-01-30 10:17:56.839214, 4.10105895996093750000, nan
2023-01-30 10:17:56.839236, 4.13172149658203125000, nan
2023-01-30 10:17:56.939407, 4.18282318115234375000, nan
2023-01-30 10:17:56.939433, 4.22625732421875000000, nan
2023-01-30 10:17:57.039118, 4.41021728515625000000, nan
2023-01-30 10:17:57.039141, 4.61206054687500000000, nan
2023-01-30 10:17:57.140143, 5.01574707031250000000, nan
2023-01-30 10:17:57.140165, 5.33257293701171875000, nan
2023-01-30 10:17:57.239187, 5.74648284912109375000, nan
2023-01-30 10:17:57.239212, 6.01986694335937500000, nan
2023-01-30 10:17:57.339891, 6.47976684570312500000, 20.17937088012695312500
2023-01-30 10:17:57.339911, 6.78636169433593750000, nan
2023-01-30 10:17:57.439130, 7.27692413330078125000, nan
2023-01-30 10:17:57.439151, 7.57330322265625000000, nan
2023-01-30 10:17:57.539249, 7.95655059814453125000, nan
2023-01-30 10:17:57.539416, 8.20694732666015625000, nan
2023-01-30 10:17:57.639047, 8.58763885498046875000, nan
2023-01-30 10:17:57.639069, 8.85846710205078125000, nan
2023-01-30 10:17:57.739062, 9.22383117675781250000, nan
2023-01-30 10:17:57.739080, 9.44612121582031250000, nan
2023-01-30 10:17:57.839195, 9.76549530029296875000, nan
2023-01-30 10:17:57.839221, 9.90090942382812500000, nan
2023-01-30 10:17:57.940355, 9.93923187255859375000, nan
2023-01-30 10:17:57.940378, 9.82936859130859375000, nan
2023-01-30 10:17:58.039289, 9.49466705322265625000, nan
2023-01-30 10:17:58.039317, 9.25704956054687500000, nan
2023-01-30 10:17:58.138650, 8.91468048095703125000, nan
2023-01-30 10:17:58.138665, 8.67195129394531250000, nan
2023-01-30 10:17:58.238850, 8.28614807128906250000, nan
2023-01-30 10:17:58.238865, 8.00765228271484375000, nan
2023-01-30 10:17:58.338860, 7.57074737548828125000, nan
2023-01-30 10:17:58.338878, 7.26159667968750000000, nan
2023-01-30 10:17:58.439526, 6.78125762939453125000, nan
2023-01-30 10:17:58.439556, 6.49765014648437500000, nan
2023-01-30 10:17:58.539497, 6.11950683593750000000, nan
2023-01-30 10:17:58.539517, 5.88700103759765625000, nan
2023-01-30 10:17:58.639249, 5.58806610107421875000, nan
2023-01-30 10:17:58.639274, 5.35045623779296875000, nan
2023-01-30 10:17:58.741382, 5.01574707031250000000, nan
2023-01-30 10:17:58.741440, 4.87777709960937500000, nan
2023-01-30 10:17:58.840299, 4.63761138916015625000, nan
2023-01-30 10:17:58.840328, 4.48175811767578125000, nan
2023-01-30 10:17:58.940266, 4.35144805908203125000, nan
2023-01-30 10:17:58.940288, 4.30034637451171875000, nan
2023-01-30 10:17:59.040028, 4.26202392578125000000, nan
2023-01-30 10:17:59.040051, 4.24158477783203125000, nan
2023-01-30 10:17:59.140112, 4.21603393554687500000, nan
2023-01-30 10:17:59.140136, 4.20836639404296875000, nan
2023-01-30 10:17:59.240221, 4.15727233886718750000, nan
2023-01-30 10:17:59.240246, 4.13683319091796875000, nan
2023-01-30 10:17:59.340461, 4.13427734375000000000, nan
2023-01-30 10:17:59.340483, 4.08317565917968750000, nan
2023-01-30 10:17:59.440917, 4.01930236816406250000, nan
2023-01-30 10:17:59.440941, 4.01674652099609375000, nan
2023-01-30 10:17:59.540026, 4.03462982177734375000, nan
2023-01-30 10:17:59.540052, 4.05506896972656250000, nan
2023-01-30 10:17:59.640235, 4.06784820556640625000, nan
2023-01-30 10:17:59.640260, 4.08317565917968750000, nan
2023-01-30 10:17:59.740018, 4.09339141845703125000, nan
2023-01-30 10:17:59.740040, 4.08828735351562500000, nan
2023-01-30 10:17:59.840213, 4.13683319091796875000, nan
2023-01-30 10:17:59.840236, 4.18282318115234375000, nan
2023-01-30 10:17:59.940039, 4.26457977294921875000, nan
2023-01-30 10:17:59.940061, 4.42810058593750000000, nan
2023-01-30 10:18:00.040514, 4.78835296630859375000, nan
2023-01-30 10:18:00.040543, 5.05918121337890625000, nan
2023-01-30 10:18:00.140063, 5.49608612060546875000, nan
2023-01-30 10:18:00.140100, 5.79757690429687500000, nan
2023-01-30 10:18:00.240248, 6.28302764892578125000, nan
2023-01-30 10:18:00.240272, 6.57685089111328125000, nan
2023-01-30 10:18:00.339962, 7.04186248779296875000, nan
2023-01-30 10:18:00.339983, 7.37401580810546875000, nan
2023-01-30 10:18:00.440427, 7.78281402587890625000, nan
2023-01-30 10:18:00.440464, 8.02809143066406250000, nan
2023-01-30 10:18:00.545833, 8.41645812988281250000, nan
2023-01-30 10:18:00.545853, 8.70005798339843750000, nan
2023-01-30 10:18:00.640443, 9.13185119628906250000, nan
2023-01-30 10:18:00.640478, 9.38479614257812500000, nan
2023-01-30 10:18:00.740724, 9.66840362548828125000, nan
2023-01-30 10:18:00.740745, 9.73994445800781250000, nan
2023-01-30 10:18:00.840233, 9.62496948242187500000, nan
2023-01-30 10:18:00.840257, 9.42568206787109375000, nan
2023-01-30 10:18:00.940097, 9.00410461425781250000, nan
2023-01-30 10:18:00.940118, 8.67450714111328125000, nan
2023-01-30 10:18:01.040267, 8.18139648437500000000, nan
2023-01-30 10:18:01.040294, 7.85179901123046875000, nan
2023-01-30 10:18:01.140004, 7.35102081298828125000, nan
2023-01-30 10:18:01.140022, 7.02397918701171875000, nan
2023-01-30 10:18:01.240129, 6.57940673828125000000, nan
2023-01-30 10:18:01.240154, 6.31880187988281250000, nan
2023-01-30 10:18:01.341433, 5.93554687500000000000, nan
2023-01-30 10:18:01.341465, 5.68771362304687500000, nan
2023-01-30 10:18:01.441194, 5.35045623779296875000, nan
2023-01-30 10:18:01.441218, 5.14094543457031250000, nan
2023-01-30 10:18:01.541196, 4.83178710937500000000, nan
2023-01-30 10:18:01.541228, 4.65549468994140625000, nan
2023-01-30 10:18:01.641212, 4.45365142822265625000, nan
2023-01-30 10:18:01.641236, 4.37444305419921875000, nan
2023-01-30 10:18:01.743144, 4.31056976318359375000, nan
2023-01-30 10:18:01.743170, 4.27224731445312500000, nan
2023-01-30 10:18:01.841282, 4.23136138916015625000, nan
2023-01-30 10:18:01.841310, 4.20836639404296875000, nan
2023-01-30 10:18:01.941080, 4.15471649169921875000, nan
2023-01-30 10:18:01.941102, 4.14960479736328125000, nan
2023-01-30 10:18:02.041267, 4.11383819580078125000, nan
2023-01-30 10:18:02.041297, 4.04995727539062500000, nan
2023-01-30 10:18:02.141235, 3.99630737304687500000, nan
2023-01-30 10:18:02.141256, 3.98863983154296875000, nan
2023-01-30 10:18:02.241270, 4.01674652099609375000, nan
2023-01-30 10:18:02.241295, 4.04229736328125000000, nan
2023-01-30 10:18:02.341118, 4.06529235839843750000, nan
2023-01-30 10:18:02.341136, 4.08828735351562500000, nan
2023-01-30 10:18:02.441326, 4.09850311279296875000, nan
2023-01-30 10:18:02.441360, 4.07295227050781250000, nan
2023-01-30 10:18:02.541008, 4.08573150634765625000, nan
2023-01-30 10:18:02.541028, 4.12149810791015625000, nan
2023-01-30 10:18:02.641781, 4.26969146728515625000, nan
2023-01-30 10:18:02.641806, 4.51496887207031250000, nan
2023-01-30 10:18:02.741229, 4.99786376953125000000, nan
2023-01-30 10:18:02.741260, 5.38111114501953125000, nan
2023-01-30 10:18:02.841246, 6.00708770751953125000, nan
2023-01-30 10:18:02.841271, 6.37245178222656250000, nan
2023-01-30 10:18:02.941163, 6.84768676757812500000, nan
2023-01-30 10:18:02.941186, 7.15172576904296875000, nan
2023-01-30 10:18:03.041340, 7.59374237060546875000, nan
2023-01-30 10:18:03.041364, 7.85435485839843750000, nan
2023-01-30 10:18:03.143290, 8.15328979492187500000, nan
2023-01-30 10:18:03.143320, 8.34747314453125000000, nan
2023-01-30 10:18:03.241366, 8.64895629882812500000, nan
2023-01-30 10:18:03.241402, 8.85080718994140625000, nan
2023-01-30 10:18:03.340530, 9.14718627929687500000, nan
2023-01-30 10:18:03.340542, 9.33625793457031250000, nan
2023-01-30 10:18:03.440914, 9.59175109863281250000, nan
2023-01-30 10:18:03.440936, 9.66840362548828125000, nan
2023-01-30 10:18:03.540886, 9.53043365478515625000, nan
2023-01-30 10:18:03.540906, 9.29281616210937500000, nan
2023-01-30 10:18:03.641273, 8.83291625976562500000, nan
2023-01-30 10:18:03.641300, 8.49054718017578125000, nan
2023-01-30 10:18:03.741209, 7.98465728759765625000, nan
2023-01-30 10:18:03.741245, 7.66017150878906250000, nan
2023-01-30 10:18:03.842919, 7.16450500488281250000, nan
2023-01-30 10:18:03.842951, 6.85279083251953125000, nan
2023-01-30 10:18:03.942459, 6.45677185058593750000, nan
2023-01-30 10:18:03.942479, 6.21148681640625000000, nan
2023-01-30 10:18:04.042418, 5.82823944091796875000, nan
2023-01-30 10:18:04.042442, 5.59317779541015625000, nan
2023-01-30 10:18:04.142099, 5.27891540527343750000, nan
2023-01-30 10:18:04.142119, 5.11028289794921875000, nan
2023-01-30 10:18:04.242258, 4.89055633544921875000, nan
2023-01-30 10:18:04.242281, 4.76791381835937500000, nan
2023-01-30 10:18:04.342305, 4.61972808837890625000, nan
2023-01-30 10:18:04.342330, 4.54307556152343750000, nan
2023-01-30 10:18:04.442390, 4.47920227050781250000, nan
2023-01-30 10:18:04.442424, 4.43576812744140625000, nan
2023-01-30 10:18:04.542052, 4.38466644287109375000, nan
2023-01-30 10:18:04.542073, 4.35400390625000000000, nan
2023-01-30 10:18:04.642403, 4.26969146728515625000, nan
2023-01-30 10:18:04.642427, 4.23391723632812500000, nan
2023-01-30 10:18:04.744373, 4.18792724609375000000, nan
2023-01-30 10:18:04.744399, 4.11128234863281250000, nan
2023-01-30 10:18:04.842404, 4.03207397460937500000, nan
2023-01-30 10:18:04.842439, 4.02440643310546875000, nan
2023-01-30 10:18:04.942594, 4.04485321044921875000, nan
2023-01-30 10:18:04.942618, 4.07039642333984375000, nan
2023-01-30 10:18:05.042374, 4.09339141845703125000, nan
2023-01-30 10:18:05.042397, 4.10617065429687500000, nan
2023-01-30 10:18:05.142539, 4.10617065429687500000, nan
2023-01-30 10:18:05.142558, 4.09339141845703125000, nan
2023-01-30 10:18:05.242392, 4.15982818603515625000, nan
2023-01-30 10:18:05.242420, 4.25435638427734375000, nan
2023-01-30 10:18:05.342062, 4.52519226074218750000, nan
2023-01-30 10:18:05.342084, 4.83945465087890625000, nan
2023-01-30 10:18:05.443857, 5.41177368164062500000, nan
2023-01-30 10:18:05.443889, 5.80013275146484375000, nan
2023-01-30 10:18:05.542313, 6.29580688476562500000, nan
2023-01-30 10:18:05.542335, 6.55641174316406250000, nan
2023-01-30 10:18:05.642565, 6.93199920654296875000, nan
2023-01-30 10:18:05.642590, 7.18238830566406250000, nan
2023-01-30 10:18:05.742392, 7.50687408447265625000, nan
2023-01-30 10:18:05.742419, 7.68061065673828125000, nan
2023-01-30 10:18:05.842294, 7.88246154785156250000, nan
2023-01-30 10:18:05.842321, 8.01020812988281250000, nan
2023-01-30 10:18:05.942179, 8.24015808105468750000, nan
2023-01-30 10:18:05.942198, 8.41645812988281250000, nan
2023-01-30 10:18:06.042858, 8.65151214599609375000, nan
2023-01-30 10:18:06.042892, 8.72305297851562500000, nan
2023-01-30 10:18:06.142875, 8.67195129394531250000, nan
2023-01-30 10:18:06.142896, 8.50588226318359375000, nan
2023-01-30 10:18:06.242097, 8.13285064697265625000, nan
2023-01-30 10:18:06.242121, 7.88756561279296875000, nan
2023-01-30 10:18:06.342050, 7.50176239013671875000, nan
2023-01-30 10:18:06.342068, 7.22071075439453125000, nan
2023-01-30 10:18:06.443306, 6.82979583740234375000, nan
2023-01-30 10:18:06.443336, 6.58451843261718750000, nan
2023-01-30 10:18:06.543294, 6.21915435791015625000, nan
2023-01-30 10:18:06.543328, 6.00197601318359375000, nan
2023-01-30 10:18:06.643174, 5.70815277099609375000, nan
2023-01-30 10:18:06.643193, 5.53697204589843750000, nan
2023-01-30 10:18:06.743348, 5.25336456298828125000, nan
2023-01-30 10:18:06.743429, 5.07451629638671875000, nan
2023-01-30 10:18:06.845399, 4.91355133056640625000, nan
2023-01-30 10:18:06.845430, 4.81134796142578125000, nan
2023-01-30 10:18:06.943202, 4.59928131103515625000, nan
2023-01-30 10:18:06.943228, 4.49452972412109375000, nan
2023-01-30 10:18:07.042664, 4.40510559082031250000, nan
2023-01-30 10:18:07.042681, 4.36678314208984375000, nan
2023-01-30 10:18:07.142681, 4.33867645263671875000, nan
2023-01-30 10:18:07.142695, 4.31056976318359375000, nan
2023-01-30 10:18:07.243034, 4.26969146728515625000, nan
2023-01-30 10:18:07.243056, 4.23391723632812500000, nan
2023-01-30 10:18:07.344188, 4.15982818603515625000, 19.39655303955078125000
2023-01-30 10:18:07.344214, 4.14449310302734375000, nan
2023-01-30 10:18:07.443216, 4.09339141845703125000, nan
2023-01-30 10:18:07.443239, 4.02440643310546875000, nan
2023-01-30 10:18:07.543431, 3.97331237792968750000, nan
2023-01-30 10:18:07.543453, 3.97075653076171875000, nan
2023-01-30 10:18:07.643576, 4.00652313232421875000, nan
2023-01-30 10:18:07.643610, 4.03462982177734375000, nan
2023-01-30 10:18:07.743197, 4.05506896972656250000, nan
2023-01-30 10:18:07.743219, 4.07295227050781250000, nan
2023-01-30 10:18:07.843836, 4.06784820556640625000, nan
2023-01-30 10:18:07.843871, 4.04995727539062500000, nan
2023-01-30 10:18:07.943078, 4.06018066406250000000, nan
2023-01-30 10:18:07.943101, 4.03718566894531250000, nan
2023-01-30 10:18:08.043441, 3.96053314208984375000, nan
2023-01-30 10:18:08.043461, 3.94776153564453125000, nan
2023-01-30 10:18:08.143137, 3.95797729492187500000, nan
2023-01-30 10:18:08.143176, 3.97586822509765625000, nan
2023-01-30 10:18:08.243455, 4.00396728515625000000, nan
2023-01-30 10:18:08.243482, 4.00396728515625000000, nan
2023-01-30 10:18:08.343546, 4.01674652099609375000, nan
2023-01-30 10:18:08.343580, 4.04229736328125000000, nan
2023-01-30 10:18:08.444009, 4.17004394531250000000, nan
2023-01-30 10:18:08.444034, 4.33867645263671875000, nan
2023-01-30 10:18:08.542639, 4.64527130126953125000, nan
2023-01-30 10:18:08.542657, 4.90843963623046875000, nan
2023-01-30 10:18:08.643074, 5.45009613037109375000, nan
2023-01-30 10:18:08.643092, 5.84612274169921875000, nan
2023-01-30 10:18:08.743146, 6.39034271240234375000, nan
2023-01-30 10:18:08.743170, 6.70716094970703125000, nan
2023-01-30 10:18:08.843339, 7.14662170410156250000, nan
2023-01-30 10:18:08.843364, 7.42256164550781250000, nan
2023-01-30 10:18:08.943395, 7.77004241943359375000, nan
2023-01-30 10:18:08.943418, 7.98721313476562500000, nan
2023-01-30 10:18:09.044049, 8.29892730712890625000, nan
2023-01-30 10:18:09.044069, 8.50843811035156250000, nan
2023-01-30 10:18:09.144394, 8.82014465332031250000, nan
2023-01-30 10:18:09.144417, 8.98110961914062500000, nan
2023-01-30 10:18:09.244210, 9.17273712158203125000, nan
2023-01-30 10:18:09.244235, 9.28771209716796875000, nan
2023-01-30 10:18:09.344296, 9.42568206787109375000, nan
2023-01-30 10:18:09.344319, 9.42312622070312500000, nan
2023-01-30 10:18:09.444657, 9.12674713134765625000, nan
2023-01-30 10:18:09.444682, 8.80481719970703125000, nan
2023-01-30 10:18:09.545427, 8.31425476074218750000, nan
2023-01-30 10:18:09.545450, 8.01531982421875000000, nan
2023-01-30 10:18:09.644404, 7.62184906005859375000, nan
2023-01-30 10:18:09.644434, 7.33313751220703125000, nan
2023-01-30 10:18:09.744387, 6.84768676757812500000, nan
2023-01-30 10:18:09.744418, 6.54364013671875000000, nan
2023-01-30 10:18:09.845324, 6.08374023437500000000, nan
2023-01-30 10:18:09.845361, 5.79247283935546875000, nan
2023-01-30 10:18:09.945035, 5.42710113525390625000, nan
2023-01-30 10:18:09.945055, 5.18949127197265625000, nan
