2023-01-27 11:10:20.052036, 1.21901702880859375000, nan
2023-01-27 11:10:20.052069, 1.15258789062500000000, nan
2023-01-27 11:10:20.152194, 1.07849121093750000000, nan
2023-01-27 11:10:20.152222, 0.96096801757812500000, nan
2023-01-27 11:10:20.252117, 0.89964294433593750000, nan
2023-01-27 11:10:20.252149, 0.82810211181640625000, nan
2023-01-27 11:10:20.352641, 0.78977966308593750000, nan
2023-01-27 11:10:20.352674, 0.73101806640625000000, nan
2023-01-27 11:10:20.452274, 0.69268798828125000000, nan
2023-01-27 11:10:20.452310, 0.62881469726562500000, nan
2023-01-27 11:10:20.552131, 0.57260131835937500000, nan
2023-01-27 11:10:20.552159, 0.47296142578125000000, nan
2023-01-27 11:10:20.652020, 0.41674804687500000000, nan
2023-01-27 11:10:20.652042, 0.30944061279296875000, nan
2023-01-27 11:10:20.752896, 0.19702148437500000000, nan
2023-01-27 11:10:20.752915, 0.04371643066406250000, nan
2023-01-27 11:10:20.853462, -0.02271270751953125000, nan
2023-01-27 11:10:20.853486, -0.07380676269531250000, nan
2023-01-27 11:10:20.953091, -0.08914184570312500000, nan
2023-01-27 11:10:20.953111, -0.11979675292968750000, nan
2023-01-27 11:10:21.052843, -0.13513183593750000000, nan
2023-01-27 11:10:21.052864, -0.17345428466796875000, nan
2023-01-27 11:10:21.153489, -0.21177673339843750000, nan
2023-01-27 11:10:21.153523, -0.27821350097656250000, nan
2023-01-27 11:10:21.252883, -0.30375671386718750000, nan
2023-01-27 11:10:21.252908, -0.30886840820312500000, nan
2023-01-27 11:10:21.353082, -0.32420349121093750000, nan
2023-01-27 11:10:21.353106, -0.33186340332031250000, nan
2023-01-27 11:10:21.453318, -0.31398010253906250000, nan
2023-01-27 11:10:21.453341, -0.28331756591796875000, nan
2023-01-27 11:10:21.553342, -0.25266265869140625000, nan
2023-01-27 11:10:21.553364, -0.20411682128906250000, nan
2023-01-27 11:10:21.653316, -0.19900512695312500000, nan
2023-01-27 11:10:21.653338, -0.24499511718750000000, nan
2023-01-27 11:10:21.753147, -0.29098510742187500000, nan
2023-01-27 11:10:21.753171, -0.36252593994140625000, nan
2023-01-27 11:10:21.852649, -0.39573669433593750000, nan
2023-01-27 11:10:21.852675, -0.43917846679687500000, nan
2023-01-27 11:10:21.953016, -0.44683837890625000000, nan
2023-01-27 11:10:21.953057, -0.45961761474609375000, nan
2023-01-27 11:10:22.052933, -0.50049591064453125000, nan
2023-01-27 11:10:22.052955, -0.53881835937500000000, nan
2023-01-27 11:10:22.153137, -0.51071166992187500000, nan
2023-01-27 11:10:22.153174, -0.42895507812500000000, nan
2023-01-27 11:10:22.252957, -0.36252593994140625000, nan
2023-01-27 11:10:22.252976, -0.26032257080078125000, nan
2023-01-27 11:10:22.353071, -0.18112182617187500000, nan
2023-01-27 11:10:22.353095, -0.04826354980468750000, nan
2023-01-27 11:10:22.453213, 0.08204650878906250000, nan
2023-01-27 11:10:22.453251, 0.28644561767578125000, nan
2023-01-27 11:10:22.553040, 0.39375305175781250000, nan
2023-01-27 11:10:22.553063, 0.56494140625000000000, nan
2023-01-27 11:10:22.653049, 0.68247222900390625000, nan
2023-01-27 11:10:22.653072, 0.83832550048828125000, nan
2023-01-27 11:10:22.753055, 0.93030548095703125000, nan
2023-01-27 11:10:22.753078, 1.03250122070312500000, nan
2023-01-27 11:10:22.853134, 1.09382629394531250000, nan
2023-01-27 11:10:22.853155, 1.17302703857421875000, nan
2023-01-27 11:10:22.953360, 1.18325042724609375000, nan
2023-01-27 11:10:22.953391, 1.13470458984375000000, nan
2023-01-27 11:10:23.053059, 1.09638214111328125000, nan
2023-01-27 11:10:23.053085, 1.01717376708984375000, nan
2023-01-27 11:10:23.155146, 0.95330047607421875000, nan
2023-01-27 11:10:23.155169, 0.83832550048828125000, nan
2023-01-27 11:10:23.252959, 0.76422882080078125000, nan
2023-01-27 11:10:23.252982, 0.70546722412109375000, nan
2023-01-27 11:10:23.353092, 0.65692138671875000000, nan
2023-01-27 11:10:23.353117, 0.52150726318359375000, nan
2023-01-27 11:10:23.453447, 0.42185974121093750000, nan
2023-01-27 11:10:23.453470, 0.30177307128906250000, nan
2023-01-27 11:10:23.552982, 0.25067138671875000000, nan
2023-01-27 11:10:23.553002, 0.14336395263671875000, nan
2023-01-27 11:10:23.653006, 0.04882812500000000000, nan
2023-01-27 11:10:23.653033, -0.00482177734375000000, nan
2023-01-27 11:10:23.752712, -0.00737762451171875000, nan
2023-01-27 11:10:23.752725, -0.06103515625000000000, nan
2023-01-27 11:10:23.853100, -0.11724853515625000000, nan
2023-01-27 11:10:23.853121, -0.17089843750000000000, nan
2023-01-27 11:10:23.953058, -0.17601013183593750000, nan
2023-01-27 11:10:23.953097, -0.18623352050781250000, nan
2023-01-27 11:10:24.053129, -0.22711181640625000000, nan
2023-01-27 11:10:24.053177, -0.31142425537109375000, nan
2023-01-27 11:10:24.154212, -0.33953094482421875000, nan
2023-01-27 11:10:24.154236, -0.34719848632812500000, nan
2023-01-27 11:10:24.253573, -0.33953094482421875000, nan
2023-01-27 11:10:24.253588, -0.31653594970703125000, nan
2023-01-27 11:10:24.353318, -0.30631256103515625000, nan
2023-01-27 11:10:24.353331, -0.29354095458984375000, nan
2023-01-27 11:10:24.453533, -0.29098510742187500000, nan
2023-01-27 11:10:24.453551, -0.30631256103515625000, nan
2023-01-27 11:10:24.557565, -0.33441925048828125000, nan
2023-01-27 11:10:24.557587, -0.40084838867187500000, nan
2023-01-27 11:10:24.653945, -0.43917846679687500000, nan
2023-01-27 11:10:24.653969, -0.46983337402343750000, nan
2023-01-27 11:10:24.754139, -0.50049591064453125000, nan
2023-01-27 11:10:24.754162, -0.56436920166015625000, nan
2023-01-27 11:10:24.853970, -0.58992004394531250000, nan
2023-01-27 11:10:24.853993, -0.54137420654296875000, nan
2023-01-27 11:10:24.954144, -0.46983337402343750000, nan
2023-01-27 11:10:24.954164, -0.33186340332031250000, nan
2023-01-27 11:10:25.054445, -0.22455596923828125000, nan
2023-01-27 11:10:25.054468, -0.00993347167968750000, nan
2023-01-27 11:10:25.154072, 0.17402648925781250000, nan
2023-01-27 11:10:25.154094, 0.40908813476562500000, nan
2023-01-27 11:10:25.254644, 0.53172302246093750000, nan
2023-01-27 11:10:25.254668, 0.69013214111328125000, nan
2023-01-27 11:10:25.358341, 0.80255126953125000000, nan
2023-01-27 11:10:25.358362, 0.96096801757812500000, nan
2023-01-27 11:10:25.453481, 1.05549621582031250000, nan
2023-01-27 11:10:25.453493, 1.20624542236328125000, nan
2023-01-27 11:10:25.554398, 1.25990295410156250000, nan
2023-01-27 11:10:25.554420, 1.24712371826171875000, nan
2023-01-27 11:10:25.654058, 1.18580627441406250000, nan
2023-01-27 11:10:25.654089, 1.07083129882812500000, nan
2023-01-27 11:10:25.754099, 0.99929046630859375000, nan
2023-01-27 11:10:25.754129, 0.92008209228515625000, nan
2023-01-27 11:10:25.854157, 0.88175964355468750000, nan
2023-01-27 11:10:25.854187, 0.77445220947265625000, nan
2023-01-27 11:10:25.954306, 0.68502807617187500000, nan
2023-01-27 11:10:25.954333, 0.55471801757812500000, nan
2023-01-27 11:10:26.053596, 0.47807312011718750000, nan
2023-01-27 11:10:26.053623, 0.37842559814453125000, nan
2023-01-27 11:10:26.153954, 0.33754730224609375000, nan
2023-01-27 11:10:26.153978, 0.27877807617187500000, nan
2023-01-27 11:10:26.253616, 0.16380310058593750000, nan
2023-01-27 11:10:26.253637, -0.03037261962890625000, nan
2023-01-27 11:10:26.355956, -0.09425354003906250000, nan
2023-01-27 11:10:26.356158, -0.13768768310546875000, nan
2023-01-27 11:10:26.453988, -0.15812683105468750000, nan
2023-01-27 11:10:26.454015, -0.17856597900390625000, nan
2023-01-27 11:10:26.554143, -0.18623352050781250000, nan
2023-01-27 11:10:26.554169, -0.19644927978515625000, nan
2023-01-27 11:10:26.654978, -0.21433258056640625000, nan
2023-01-27 11:10:26.655003, -0.24755096435546875000, nan
2023-01-27 11:10:26.755158, -0.27565765380859375000, nan
2023-01-27 11:10:26.755185, -0.29865264892578125000, nan
2023-01-27 11:10:26.855205, -0.29354095458984375000, nan
2023-01-27 11:10:26.855230, -0.27821350097656250000, nan
2023-01-27 11:10:26.955173, -0.30631256103515625000, nan
2023-01-27 11:10:26.955196, -0.39318847656250000000, nan
2023-01-27 11:10:27.055578, -0.43151092529296875000, nan
2023-01-27 11:10:27.055605, -0.46727752685546875000, nan
2023-01-27 11:10:27.157462, -0.48261260986328125000, nan
2023-01-27 11:10:27.157484, -0.50049591064453125000, nan
2023-01-27 11:10:27.254957, -0.52349090576171875000, nan
2023-01-27 11:10:27.254981, -0.54137420654296875000, nan
2023-01-27 11:10:27.355118, -0.54137420654296875000, nan
2023-01-27 11:10:27.355140, -0.51071166992187500000, nan
2023-01-27 11:10:27.456109, -0.46983337402343750000, nan
2023-01-27 11:10:27.456144, -0.39063262939453125000, nan
2023-01-27 11:10:27.556673, -0.31398010253906250000, nan
2023-01-27 11:10:27.556697, -0.16578674316406250000, nan
2023-01-27 11:10:27.655119, -0.05081176757812500000, nan
2023-01-27 11:10:27.655141, 0.17658233642578125000, nan
2023-01-27 11:10:27.755086, 0.32221221923828125000, nan
2023-01-27 11:10:27.755107, 0.46018218994140625000, nan
2023-01-27 11:10:27.855015, 0.55982971191406250000, 17.32851982116699218750
2023-01-27 11:10:27.855040, 0.73612213134765625000, nan
2023-01-27 11:10:27.957723, 0.83576965332031250000, nan
2023-01-27 11:10:27.957758, 0.95330047607421875000, nan
2023-01-27 11:10:28.054857, 1.01206207275390625000, nan
2023-01-27 11:10:28.054881, 1.00950622558593750000, nan
2023-01-27 11:10:28.157003, 0.95841217041015625000, nan
2023-01-27 11:10:28.157025, 0.87153625488281250000, nan
2023-01-27 11:10:28.255888, 0.80510711669921875000, nan
2023-01-27 11:10:28.255912, 0.72079467773437500000, nan
2023-01-27 11:10:28.356409, 0.69013214111328125000, nan
2023-01-27 11:10:28.356469, 0.61348724365234375000, nan
2023-01-27 11:10:28.456262, 0.54194641113281250000, nan
2023-01-27 11:10:28.456287, 0.42952728271484375000, nan
2023-01-27 11:10:28.556877, 0.36309814453125000000, nan
2023-01-27 11:10:28.556902, 0.27366638183593750000, nan
2023-01-27 11:10:28.655957, 0.20723724365234375000, nan
2023-01-27 11:10:28.655982, 0.09226226806640625000, nan
2023-01-27 11:10:28.756993, 0.03605651855468750000, nan
2023-01-27 11:10:28.757023, -0.03037261962890625000, nan
2023-01-27 11:10:28.856127, -0.08914184570312500000, nan
2023-01-27 11:10:28.856163, -0.17089843750000000000, nan
2023-01-27 11:10:28.957351, -0.21688842773437500000, nan
2023-01-27 11:10:28.957374, -0.26799011230468750000, nan
2023-01-27 11:10:29.055821, -0.30375671386718750000, nan
2023-01-27 11:10:29.055845, -0.38296508789062500000, nan
2023-01-27 11:10:29.159018, -0.43662261962890625000, nan
2023-01-27 11:10:29.159038, -0.48771667480468750000, nan
2023-01-27 11:10:29.256129, -0.51582336425781250000, nan
2023-01-27 11:10:29.256155, -0.52860260009765625000, nan
2023-01-27 11:10:29.356280, -0.51837921142578125000, nan
2023-01-27 11:10:29.356305, -0.50049591064453125000, nan
2023-01-27 11:10:29.456263, -0.50049591064453125000, nan
2023-01-27 11:10:29.456298, -0.51837921142578125000, nan
2023-01-27 11:10:29.557703, -0.53370666503906250000, nan
2023-01-27 11:10:29.557731, -0.55159759521484375000, nan
2023-01-27 11:10:29.655927, -0.53626251220703125000, nan
2023-01-27 11:10:29.655951, -0.47238922119140625000, nan
2023-01-27 11:10:29.757588, -0.44939422607421875000, nan
2023-01-27 11:10:29.757624, -0.43151092529296875000, nan
2023-01-27 11:10:29.855827, -0.39829254150390625000, nan
2023-01-27 11:10:29.855852, -0.32675170898437500000, nan
2023-01-27 11:10:29.956181, -0.26799011230468750000, nan
2023-01-27 11:10:29.956205, -0.16323852539062500000, nan
2023-01-27 11:10:30.055877, -0.07891845703125000000, nan
2023-01-27 11:10:30.055904, 0.07949066162109375000, nan
2023-01-27 11:10:30.156771, 0.19702148437500000000, nan
2023-01-27 11:10:30.156796, 0.35031890869140625000, nan
2023-01-27 11:10:30.256109, 0.42952728271484375000, nan
2023-01-27 11:10:30.256135, 0.56749725341796875000, nan
2023-01-27 11:10:30.356359, 0.65692138671875000000, nan
2023-01-27 11:10:30.356382, 0.77445220947265625000, nan
2023-01-27 11:10:30.455877, 0.85876464843750000000, nan
2023-01-27 11:10:30.455901, 1.01461791992187500000, nan
2023-01-27 11:10:30.556166, 1.14237213134765625000, nan
2023-01-27 11:10:30.556226, 1.34421539306640625000, nan
2023-01-27 11:10:30.655933, 1.46685791015625000000, nan
2023-01-27 11:10:30.655958, 1.62526702880859375000, nan
2023-01-27 11:10:30.757022, 1.71469116210937500000, nan
2023-01-27 11:10:30.757059, 1.81433105468750000000, nan
2023-01-27 11:10:30.857081, 1.84499359130859375000, nan
2023-01-27 11:10:30.857116, 1.80667114257812500000, nan
2023-01-27 11:10:30.957058, 1.72235107421875000000, nan
2023-01-27 11:10:30.957079, 1.54094696044921875000, nan
2023-01-27 11:10:31.056636, 1.43875122070312500000, nan
2023-01-27 11:10:31.056662, 1.31610870361328125000, nan
2023-01-27 11:10:31.156912, 1.23690795898437500000, nan
2023-01-27 11:10:31.156935, 1.14747619628906250000, nan
2023-01-27 11:10:31.257781, 1.10915374755859375000, nan
2023-01-27 11:10:31.257803, 1.05039215087890625000, nan
2023-01-27 11:10:31.357877, 0.98651123046875000000, nan
2023-01-27 11:10:31.357900, 0.86132049560546875000, nan
2023-01-27 11:10:31.456870, 0.75656127929687500000, nan
2023-01-27 11:10:31.456895, 0.62881469726562500000, nan
2023-01-27 11:10:31.556959, 0.56749725341796875000, nan
2023-01-27 11:10:31.556979, 0.44229888916015625000, nan
2023-01-27 11:10:31.656851, 0.35543060302734375000, nan
2023-01-27 11:10:31.656874, 0.25322723388671875000, nan
2023-01-27 11:10:31.756843, 0.16635894775390625000, nan
2023-01-27 11:10:31.756871, 0.05649566650390625000, nan
2023-01-27 11:10:31.837016, 0.02072143554687500000, nan
2023-01-27 11:10:31.837041, -0.02015686035156250000, nan
2023-01-27 11:10:31.936994, -0.09169769287109375000, nan
2023-01-27 11:10:31.937021, -0.14024353027343750000, nan
2023-01-27 11:10:32.036945, -0.20667266845703125000, nan
2023-01-27 11:10:32.036983, -0.25521850585937500000, nan
2023-01-27 11:10:32.136738, -0.29609680175781250000, nan
2023-01-27 11:10:32.136757, -0.32164764404296875000, nan
2023-01-27 11:10:32.237029, -0.40851593017578125000, nan
2023-01-27 11:10:32.237051, -0.46727752685546875000, nan
2023-01-27 11:10:32.336058, -0.53370666503906250000, nan
2023-01-27 11:10:32.336063, -0.56181335449218750000, nan
2023-01-27 11:10:32.436140, -0.58225250244140625000, nan
2023-01-27 11:10:32.436148, -0.58736419677734375000, nan
2023-01-27 11:10:32.537933, -0.58992004394531250000, nan
2023-01-27 11:10:32.537980, -0.59758758544921875000, nan
2023-01-27 11:10:32.637453, -0.62313842773437500000, nan
2023-01-27 11:10:32.637479, -0.64613342285156250000, nan
2023-01-27 11:10:32.736511, -0.66912841796875000000, nan
2023-01-27 11:10:32.736524, -0.67678833007812500000, nan
2023-01-27 11:10:32.837083, -0.66401672363281250000, nan
2023-01-27 11:10:32.837102, -0.65123748779296875000, nan
2023-01-27 11:10:32.936980, -0.66912841796875000000, nan
2023-01-27 11:10:32.937005, -0.69212341308593750000, nan
2023-01-27 11:10:33.036942, -0.70489501953125000000, nan
2023-01-27 11:10:33.036968, -0.70745086669921875000, nan
2023-01-27 11:10:33.136838, -0.68445587158203125000, nan
2023-01-27 11:10:33.136861, -0.64868164062500000000, nan
2023-01-27 11:10:33.237714, -0.57969665527343750000, nan
2023-01-27 11:10:33.237751, -0.54648590087890625000, nan
2023-01-27 11:10:33.337942, -0.49794006347656250000, nan
2023-01-27 11:10:33.337967, -0.46727752685546875000, nan
2023-01-27 11:10:33.438370, -0.40851593017578125000, nan
2023-01-27 11:10:33.438393, -0.35230255126953125000, nan
2023-01-27 11:10:33.537839, -0.23732757568359375000, nan
2023-01-27 11:10:33.537866, -0.15045928955078125000, nan
2023-01-27 11:10:33.637958, -0.03292846679687500000, nan
2023-01-27 11:10:33.637981, 0.06671142578125000000, nan
2023-01-27 11:10:33.738208, 0.27366638183593750000, nan
2023-01-27 11:10:33.738244, 0.40142059326171875000, nan
2023-01-27 11:10:33.837786, 0.55982971191406250000, nan
2023-01-27 11:10:33.837809, 0.65947723388671875000, nan
2023-01-27 11:10:33.938783, 0.82554626464843750000, nan
2023-01-27 11:10:33.938823, 0.92008209228515625000, nan
2023-01-27 11:10:34.037646, 1.01461791992187500000, nan
2023-01-27 11:10:34.037669, 1.05805206298828125000, nan
2023-01-27 11:10:34.137890, 1.06060791015625000000, nan
2023-01-27 11:10:34.137928, 1.02228546142578125000, nan
2023-01-27 11:10:34.238007, 0.93797302246093750000, nan
2023-01-27 11:10:34.238030, 0.85109710693359375000, nan
2023-01-27 11:10:34.337934, 0.69268798828125000000, nan
2023-01-27 11:10:34.337956, 0.61093139648437500000, nan
2023-01-27 11:10:34.437797, 0.50872802734375000000, nan
2023-01-27 11:10:34.437823, 0.44741058349609375000, nan
2023-01-27 11:10:34.538102, 0.38864135742187500000, nan
2023-01-27 11:10:34.538135, 0.36054229736328125000, nan
2023-01-27 11:10:34.637845, 0.28900146484375000000, nan
2023-01-27 11:10:34.637864, 0.18935394287109375000, nan
2023-01-27 11:10:34.738374, 0.05138397216796875000, nan
2023-01-27 11:10:34.738408, 0.00794982910156250000, nan
2023-01-27 11:10:34.838088, -0.06359100341796875000, nan
2023-01-27 11:10:34.838109, -0.10702514648437500000, nan
2023-01-27 11:10:34.937891, -0.19389343261718750000, nan
2023-01-27 11:10:34.937916, -0.26799011230468750000, nan
2023-01-27 11:10:35.040087, -0.37019348144531250000, nan
2023-01-27 11:10:35.040111, -0.41618347167968750000, nan
2023-01-27 11:10:35.137898, -0.44428253173828125000, nan
2023-01-27 11:10:35.137925, -0.44939422607421875000, nan
2023-01-27 11:10:35.237719, -0.45195007324218750000, nan
2023-01-27 11:10:35.237744, -0.45706176757812500000, nan
2023-01-27 11:10:35.337984, -0.46472167968750000000, nan
2023-01-27 11:10:35.338021, -0.47238922119140625000, nan
2023-01-27 11:10:35.437589, -0.48516845703125000000, nan
2023-01-27 11:10:35.437613, -0.50049591064453125000, nan
2023-01-27 11:10:35.539808, -0.50560760498046875000, nan
2023-01-27 11:10:35.539834, -0.50049591064453125000, nan
2023-01-27 11:10:35.638669, -0.55415344238281250000, nan
2023-01-27 11:10:35.638690, -0.61035919189453125000, nan
2023-01-27 11:10:35.738919, -0.65123748779296875000, nan
2023-01-27 11:10:35.738945, -0.66912841796875000000, nan
2023-01-27 11:10:35.838623, -0.65890502929687500000, nan
2023-01-27 11:10:35.838642, -0.63846588134765625000, nan
2023-01-27 11:10:35.939077, -0.62058258056640625000, nan
2023-01-27 11:10:35.939113, -0.59758758544921875000, nan
2023-01-27 11:10:36.038186, -0.53881835937500000000, nan
2023-01-27 11:10:36.038201, -0.48516845703125000000, nan
2023-01-27 11:10:36.138940, -0.38296508789062500000, nan
2023-01-27 11:10:36.138971, -0.29865264892578125000, nan
2023-01-27 11:10:36.239605, -0.14790344238281250000, nan
2023-01-27 11:10:36.239632, -0.03548431396484375000, nan
2023-01-27 11:10:36.339052, 0.18168640136718750000, nan
2023-01-27 11:10:36.339078, 0.31199645996093750000, nan
2023-01-27 11:10:36.438601, 0.45762634277343750000, nan
2023-01-27 11:10:36.438635, 0.57260131835937500000, nan
2023-01-27 11:10:36.538999, 0.76678466796875000000, nan
2023-01-27 11:10:36.539037, 0.89453125000000000000, nan
2023-01-27 11:10:36.638616, 1.06571960449218750000, nan
2023-01-27 11:10:36.638641, 1.16792297363281250000, nan
2023-01-27 11:10:36.738985, 1.30589294433593750000, nan
2023-01-27 11:10:36.739013, 1.37487792968750000000, nan
2023-01-27 11:10:36.838765, 1.40042114257812500000, nan
2023-01-27 11:10:36.838789, 1.36209869384765625000, nan
2023-01-27 11:10:36.938832, 1.23435211181640625000, nan
2023-01-27 11:10:36.938856, 1.12959289550781250000, nan
2023-01-27 11:10:37.038707, 0.99162292480468750000, nan
2023-01-27 11:10:37.038731, 0.91497802734375000000, nan
2023-01-27 11:10:37.138886, 0.82554626464843750000, nan
2023-01-27 11:10:37.138911, 0.77700805664062500000, nan
2023-01-27 11:10:37.238710, 0.72590637207031250000, nan
2023-01-27 11:10:37.238733, 0.70291137695312500000, nan
2023-01-27 11:10:37.338961, 0.64925384521484375000, nan
2023-01-27 11:10:37.338987, 0.59304809570312500000, nan
2023-01-27 11:10:37.438441, 0.50872802734375000000, nan
2023-01-27 11:10:37.438461, 0.44996643066406250000, nan
2023-01-27 11:10:37.539008, 0.35798645019531250000, nan
2023-01-27 11:10:37.539045, 0.32476806640625000000, nan
2023-01-27 11:10:37.639590, 0.23789978027343750000, nan
2023-01-27 11:10:37.639618, 0.12292480468750000000, nan
2023-01-27 11:10:37.739082, -0.02271270751953125000, nan
2023-01-27 11:10:37.739123, -0.07891845703125000000, nan
2023-01-27 11:10:37.839358, -0.13768768310546875000, 20.76124572753906250000
2023-01-27 11:10:37.839382, -0.15045928955078125000, nan
2023-01-27 11:10:37.938822, -0.16068267822265625000, nan
2023-01-27 11:10:37.938848, -0.17345428466796875000, nan
2023-01-27 11:10:38.038579, -0.19900512695312500000, nan
2023-01-27 11:10:38.038601, -0.23477172851562500000, nan
2023-01-27 11:10:38.139049, -0.29354095458984375000, nan
2023-01-27 11:10:38.139081, -0.32420349121093750000, nan
2023-01-27 11:10:38.239591, -0.35741424560546875000, nan
2023-01-27 11:10:38.239631, -0.37019348144531250000, nan
2023-01-27 11:10:38.339941, -0.42128753662109375000, nan
2023-01-27 11:10:38.339966, -0.48771667480468750000, nan
2023-01-27 11:10:38.439994, -0.56692504882812500000, nan
2023-01-27 11:10:38.440020, -0.59247589111328125000, nan
2023-01-27 11:10:38.541415, -0.61291503906250000000, nan
2023-01-27 11:10:38.541438, -0.61547088623046875000, nan
2023-01-27 11:10:38.639810, -0.61291503906250000000, nan
2023-01-27 11:10:38.639836, -0.61035919189453125000, nan
2023-01-27 11:10:38.740082, -0.61291503906250000000, nan
2023-01-27 11:10:38.740107, -0.60269165039062500000, nan
2023-01-27 11:10:38.839813, -0.54393005371093750000, nan
2023-01-27 11:10:38.839842, -0.48005676269531250000, nan
2023-01-27 11:10:38.940114, -0.35741424560546875000, nan
2023-01-27 11:10:38.940139, -0.26032257080078125000, nan
2023-01-27 11:10:39.039991, -0.10702514648437500000, nan
2023-01-27 11:10:39.040011, 0.02327728271484375000, nan
2023-01-27 11:10:39.139902, 0.25322723388671875000, nan
2023-01-27 11:10:39.139922, 0.39375305175781250000, nan
2023-01-27 11:10:39.239778, 0.58026885986328125000, nan
2023-01-27 11:10:39.239805, 0.70546722412109375000, nan
2023-01-27 11:10:39.340112, 0.88431549072265625000, nan
2023-01-27 11:10:39.340136, 0.97373962402343750000, nan
2023-01-27 11:10:39.439897, 1.06571960449218750000, nan
2023-01-27 11:10:39.439920, 1.10404205322265625000, nan
2023-01-27 11:10:39.540057, 1.08615875244140625000, nan
2023-01-27 11:10:39.540083, 1.04528045654296875000, nan
2023-01-27 11:10:39.639778, 1.00950622558593750000, nan
2023-01-27 11:10:39.639803, 0.97118377685546875000, nan
2023-01-27 11:10:39.741746, 0.87920379638671875000, nan
2023-01-27 11:10:39.741773, 0.80255126953125000000, nan
2023-01-27 11:10:39.839789, 0.70035552978515625000, nan
2023-01-27 11:10:39.839817, 0.66203308105468750000, nan
2023-01-27 11:10:39.941082, 0.63137054443359375000, nan
2023-01-27 11:10:39.941104, 0.61348724365234375000, nan
2023-01-27 11:10:40.039572, 0.55471801757812500000, nan
2023-01-27 11:10:40.039600, 0.49851226806640625000, nan
2023-01-27 11:10:40.139753, 0.41419219970703125000, nan
2023-01-27 11:10:40.139773, 0.36054229736328125000, nan
2023-01-27 11:10:40.240222, 0.29155731201171875000, nan
2023-01-27 11:10:40.240245, 0.25833892822265625000, nan
2023-01-27 11:10:40.339980, 0.14847564697265625000, nan
2023-01-27 11:10:40.340004, 0.03861236572265625000, nan
2023-01-27 11:10:40.439767, -0.07125854492187500000, nan
2023-01-27 11:10:40.439791, -0.11979675292968750000, nan
2023-01-27 11:10:40.539979, -0.16578674316406250000, nan
2023-01-27 11:10:40.540001, -0.18367767333984375000, nan
2023-01-27 11:10:40.639891, -0.22200012207031250000, nan
2023-01-27 11:10:40.639913, -0.25010681152343750000, nan
2023-01-27 11:10:40.739551, -0.30120849609375000000, nan
2023-01-27 11:10:40.739563, -0.34464263916015625000, nan
2023-01-27 11:10:40.840812, -0.40596008300781250000, nan
2023-01-27 11:10:40.840843, -0.44172668457031250000, nan
2023-01-27 11:10:40.940935, -0.46217346191406250000, nan
2023-01-27 11:10:40.940962, -0.46727752685546875000, nan
2023-01-27 11:10:41.041225, -0.53115844726562500000, nan
2023-01-27 11:10:41.041260, -0.58225250244140625000, nan
2023-01-27 11:10:41.140760, -0.62058258056640625000, nan
2023-01-27 11:10:41.140790, -0.63846588134765625000, nan
2023-01-27 11:10:41.240699, -0.64357757568359375000, nan
2023-01-27 11:10:41.240724, -0.64613342285156250000, nan
2023-01-27 11:10:41.340793, -0.65890502929687500000, nan
2023-01-27 11:10:41.340817, -0.66912841796875000000, nan
2023-01-27 11:10:41.440716, -0.68445587158203125000, nan
2023-01-27 11:10:41.440739, -0.68445587158203125000, nan
2023-01-27 11:10:41.541042, -0.66657257080078125000, nan
2023-01-27 11:10:41.541068, -0.63846588134765625000, nan
2023-01-27 11:10:41.640670, -0.55925750732421875000, nan
2023-01-27 11:10:41.640694, -0.52093505859375000000, nan
2023-01-27 11:10:41.740735, -0.52349090576171875000, nan
2023-01-27 11:10:41.740757, -0.51326751708984375000, nan
2023-01-27 11:10:41.840656, -0.46472167968750000000, nan
2023-01-27 11:10:41.840696, -0.42128753662109375000, nan
2023-01-27 11:10:41.940631, -0.34974670410156250000, nan
2023-01-27 11:10:41.940653, -0.28842926025390625000, nan
2023-01-27 11:10:42.041189, -0.18367767333984375000, nan
2023-01-27 11:10:42.041223, -0.11213684082031250000, nan
2023-01-27 11:10:42.140632, 0.00283813476562500000, nan
2023-01-27 11:10:42.140656, 0.11525726318359375000, nan
2023-01-27 11:10:42.240934, 0.28388977050781250000, nan
2023-01-27 11:10:42.240957, 0.36054229736328125000, nan
2023-01-27 11:10:42.341028, 0.48062133789062500000, nan
2023-01-27 11:10:42.341049, 0.54705810546875000000, nan
2023-01-27 11:10:42.440714, 0.61093139648437500000, nan
2023-01-27 11:10:42.440747, 0.64158630371093750000, nan
2023-01-27 11:10:42.540811, 0.72590637207031250000, nan
2023-01-27 11:10:42.540834, 0.81277465820312500000, nan
2023-01-27 11:10:42.640663, 0.96096801757812500000, nan
2023-01-27 11:10:42.640687, 1.05549621582031250000, nan
2023-01-27 11:10:42.740782, 1.16792297363281250000, nan
2023-01-27 11:10:42.740807, 1.21646118164062500000, nan
2023-01-27 11:10:42.841245, 1.26245117187500000000, nan
2023-01-27 11:10:42.841268, 1.28544616699218750000, nan
2023-01-27 11:10:42.940736, 1.33910369873046875000, nan
2023-01-27 11:10:42.940762, 1.37742614746093750000, nan
2023-01-27 11:10:43.040480, 1.35188293457031250000, nan
2023-01-27 11:10:43.040502, 1.29566955566406250000, nan
2023-01-27 11:10:43.142276, 1.21646118164062500000, nan
2023-01-27 11:10:43.142304, 1.17047119140625000000, nan
2023-01-27 11:10:43.241668, 1.11170959472656250000, nan
2023-01-27 11:10:43.241693, 1.09127044677734375000, nan
2023-01-27 11:10:43.341341, 1.06571960449218750000, nan
2023-01-27 11:10:43.341355, 1.01717376708984375000, nan
2023-01-27 11:10:43.441434, 0.92008209228515625000, nan
2023-01-27 11:10:43.441450, 0.86643218994140625000, nan
2023-01-27 11:10:43.541841, 0.76678466796875000000, nan
2023-01-27 11:10:43.541866, 0.70546722412109375000, nan
2023-01-27 11:10:43.642772, 0.62370300292968750000, nan
2023-01-27 11:10:43.642792, 0.53683471679687500000, nan
2023-01-27 11:10:43.741713, 0.40142059326171875000, nan
2023-01-27 11:10:43.741740, 0.33243560791015625000, nan
2023-01-27 11:10:43.841796, 0.26089477539062500000, nan
2023-01-27 11:10:43.841822, 0.23534393310546875000, nan
2023-01-27 11:10:43.941720, 0.16635894775390625000, nan
2023-01-27 11:10:43.941746, 0.08970642089843750000, nan
2023-01-27 11:10:44.041411, -0.00737762451171875000, nan
2023-01-27 11:10:44.041426, -0.06103515625000000000, nan
2023-01-27 11:10:44.141784, -0.13257598876953125000, nan
2023-01-27 11:10:44.141807, -0.18367767333984375000, nan
2023-01-27 11:10:44.241861, -0.22455596923828125000, nan
2023-01-27 11:10:44.241886, -0.24499511718750000000, nan
2023-01-27 11:10:44.342284, -0.33186340332031250000, nan
2023-01-27 11:10:44.342312, -0.38807678222656250000, nan
2023-01-27 11:10:44.441880, -0.43151092529296875000, nan
2023-01-27 11:10:44.441903, -0.42895507812500000000, nan
2023-01-27 11:10:44.542027, -0.39318847656250000000, nan
2023-01-27 11:10:44.542052, -0.37274169921875000000, nan
2023-01-27 11:10:44.641574, -0.33953094482421875000, nan
2023-01-27 11:10:44.641595, -0.31653594970703125000, nan
2023-01-27 11:10:44.741780, -0.30886840820312500000, nan
2023-01-27 11:10:44.741809, -0.32675170898437500000, nan
2023-01-27 11:10:44.841660, -0.38040924072265625000, nan
2023-01-27 11:10:44.841685, -0.41618347167968750000, nan
2023-01-27 11:10:44.942609, -0.41873168945312500000, nan
2023-01-27 11:10:44.942632, -0.41618347167968750000, nan
2023-01-27 11:10:45.041466, -0.47750091552734375000, nan
2023-01-27 11:10:45.041479, -0.52604675292968750000, nan
2023-01-27 11:10:45.141240, -0.54648590087890625000, nan
2023-01-27 11:10:45.141254, -0.52349090576171875000, nan
2023-01-27 11:10:45.241670, -0.44683837890625000000, nan
2023-01-27 11:10:45.241704, -0.39063262939453125000, nan
2023-01-27 11:10:45.341736, -0.29609680175781250000, nan
2023-01-27 11:10:45.341762, -0.22200012207031250000, nan
2023-01-27 11:10:45.441664, -0.10446929931640625000, nan
2023-01-27 11:10:45.441687, -0.01504516601562500000, nan
2023-01-27 11:10:45.541700, 0.15358734130859375000, nan
2023-01-27 11:10:45.541723, 0.26856231689453125000, nan
2023-01-27 11:10:45.642678, 0.41163635253906250000, nan
2023-01-27 11:10:45.642703, 0.50106811523437500000, nan
2023-01-27 11:10:45.742945, 0.59815216064453125000, nan
2023-01-27 11:10:45.742987, 0.67736053466796875000, nan
2023-01-27 11:10:45.842142, 0.88687133789062500000, nan
2023-01-27 11:10:45.842151, 1.02995300292968750000, nan
2023-01-27 11:10:45.942237, 1.16792297363281250000, nan
2023-01-27 11:10:45.942247, 1.27011871337890625000, nan
2023-01-27 11:10:46.042179, 1.44386291503906250000, nan
2023-01-27 11:10:46.042192, 1.54094696044921875000, nan
2023-01-27 11:10:46.142648, 1.70191192626953125000, nan
2023-01-27 11:10:46.142670, 1.81178283691406250000, nan
2023-01-27 11:10:46.242942, 1.95485687255859375000, nan
2023-01-27 11:10:46.242964, 2.02639770507812500000, nan
2023-01-27 11:10:46.342831, 2.06472778320312500000, nan
2023-01-27 11:10:46.342865, 2.03406524658203125000, nan
2023-01-27 11:10:46.442591, 1.92420196533203125000, nan
2023-01-27 11:10:46.442612, 1.85266113281250000000, nan
2023-01-27 11:10:46.543362, 1.74534606933593750000, nan
2023-01-27 11:10:46.543396, 1.65847778320312500000, nan
2023-01-27 11:10:46.643089, 1.54861450195312500000, nan
2023-01-27 11:10:46.643115, 1.47451782226562500000, nan
2023-01-27 11:10:46.742761, 1.33399200439453125000, nan
2023-01-27 11:10:46.742784, 1.23945617675781250000, nan
2023-01-27 11:10:46.842706, 1.11170959472656250000, nan
2023-01-27 11:10:46.842729, 1.02484130859375000000, nan
2023-01-27 11:10:46.943192, 0.91242218017578125000, nan
2023-01-27 11:10:46.943213, 0.80510711669921875000, nan
2023-01-27 11:10:47.044250, 0.62625885009765625000, nan
2023-01-27 11:10:47.044291, 0.54450225830078125000, nan
2023-01-27 11:10:47.142765, 0.44485473632812500000, nan
2023-01-27 11:10:47.142784, 0.39886474609375000000, nan
2023-01-27 11:10:47.242712, 0.36054229736328125000, nan
2023-01-27 11:10:47.242732, 0.33499145507812500000, nan
2023-01-27 11:10:47.342779, 0.30688476562500000000, nan
2023-01-27 11:10:47.342806, 0.28644561767578125000, nan
2023-01-27 11:10:47.442520, 0.20468139648437500000, nan
2023-01-27 11:10:47.442542, 0.12036895751953125000, nan
2023-01-27 11:10:47.543041, 0.02583312988281250000, nan
2023-01-27 11:10:47.543070, 0.00028228759765625000, nan
2023-01-27 11:10:47.642505, -0.05081176757812500000, nan
2023-01-27 11:10:47.642528, -0.10702514648437500000, nan
2023-01-27 11:10:47.742816, -0.16834259033203125000, nan
2023-01-27 11:10:47.742843, -0.19133758544921875000, nan
2023-01-27 11:10:47.842663, -0.22200012207031250000, 20.45454597473144531250
2023-01-27 11:10:47.842687, -0.24243927001953125000, nan
2023-01-27 11:10:47.942676, -0.27565765380859375000, nan
2023-01-27 11:10:47.942701, -0.28587341308593750000, nan
2023-01-27 11:10:48.043861, -0.28842926025390625000, nan
2023-01-27 11:10:48.043893, -0.31142425537109375000, nan
2023-01-27 11:10:48.138672, -0.35741424560546875000, nan
2023-01-27 11:10:48.138696, -0.38807678222656250000, nan
2023-01-27 11:10:48.239625, -0.40596008300781250000, nan
2023-01-27 11:10:48.239672, -0.40340423583984375000, nan
2023-01-27 11:10:48.338898, -0.44428253173828125000, nan
2023-01-27 11:10:48.338931, -0.45961761474609375000, nan
2023-01-27 11:10:48.438699, -0.42384338378906250000, nan
2023-01-27 11:10:48.438724, -0.37785339355468750000, nan
2023-01-27 11:10:48.538178, -0.28331756591796875000, nan
2023-01-27 11:10:48.538186, -0.21177673339843750000, nan
2023-01-27 11:10:48.638333, -0.08658599853515625000, nan
2023-01-27 11:10:48.638349, 0.03605651855468750000, nan
2023-01-27 11:10:48.739959, 0.26600646972656250000, nan
2023-01-27 11:10:48.739988, 0.40397644042968750000, nan
2023-01-27 11:10:48.838040, 0.57771301269531250000, nan
2023-01-27 11:10:48.838055, 0.69779968261718750000, nan
2023-01-27 11:10:48.939487, 0.87920379638671875000, nan
2023-01-27 11:10:48.939513, 0.98140716552734375000, nan
2023-01-27 11:10:49.038773, 1.08615875244140625000, nan
2023-01-27 11:10:49.038806, 1.14492797851562500000, nan
2023-01-27 11:10:49.138417, 1.25479125976562500000, nan
2023-01-27 11:10:49.138441, 1.33143615722656250000, nan
2023-01-27 11:10:49.238455, 1.41831207275390625000, nan
2023-01-27 11:10:49.238479, 1.45663452148437500000, nan
2023-01-27 11:10:49.338775, 1.50773620605468750000, nan
2023-01-27 11:10:49.338804, 1.52306365966796875000, nan
2023-01-27 11:10:49.438513, 1.48218536376953125000, nan
2023-01-27 11:10:49.438534, 1.41831207275390625000, nan
2023-01-27 11:10:49.538976, 1.30844116210937500000, nan
2023-01-27 11:10:49.539004, 1.24201202392578125000, nan
2023-01-27 11:10:49.638626, 1.12959289550781250000, nan
2023-01-27 11:10:49.638650, 1.05549621582031250000, nan
2023-01-27 11:10:49.738914, 0.95841217041015625000, nan
2023-01-27 11:10:49.738949, 0.90731048583984375000, nan
2023-01-27 11:10:49.838761, 0.85876464843750000000, nan
2023-01-27 11:10:49.838784, 0.83065795898437500000, nan
2023-01-27 11:10:49.938871, 0.75401306152343750000, nan
2023-01-27 11:10:49.938912, 0.68757629394531250000, nan
2023-01-27 11:10:50.039281, 0.57771301269531250000, nan
2023-01-27 11:10:50.039307, 0.49851226806640625000, nan
2023-01-27 11:10:50.138372, 0.38353729248046875000, nan
2023-01-27 11:10:50.138393, 0.32987976074218750000, nan
2023-01-27 11:10:50.238522, 0.25322723388671875000, nan
2023-01-27 11:10:50.238545, 0.14080810546875000000, nan
2023-01-27 11:10:50.338684, -0.03548431396484375000, nan
2023-01-27 11:10:50.338717, -0.09935760498046875000, nan
2023-01-27 11:10:50.438527, -0.15045928955078125000, nan
2023-01-27 11:10:50.438549, -0.16578674316406250000, nan
2023-01-27 11:10:50.542792, -0.17345428466796875000, nan
2023-01-27 11:10:50.542813, -0.17345428466796875000, nan
2023-01-27 11:10:50.639965, -0.15301513671875000000, nan
2023-01-27 11:10:50.639999, -0.13257598876953125000, nan
2023-01-27 11:10:50.739560, -0.15301513671875000000, nan
2023-01-27 11:10:50.739583, -0.20667266845703125000, nan
2023-01-27 11:10:50.839176, -0.27310180664062500000, nan
2023-01-27 11:10:50.839191, -0.28331756591796875000, nan
2023-01-27 11:10:50.939705, -0.27310180664062500000, nan
2023-01-27 11:10:50.939729, -0.29609680175781250000, nan
2023-01-27 11:10:51.040817, -0.36763763427734375000, nan
2023-01-27 11:10:51.040840, -0.40084838867187500000, nan
2023-01-27 11:10:51.139718, -0.44428253173828125000, nan
2023-01-27 11:10:51.139742, -0.46983337402343750000, nan
2023-01-27 11:10:51.239678, -0.49027252197265625000, nan
2023-01-27 11:10:51.239704, -0.49282836914062500000, nan
2023-01-27 11:10:51.339857, -0.50816345214843750000, nan
2023-01-27 11:10:51.339882, -0.53115844726562500000, nan
2023-01-27 11:10:51.439683, -0.58225250244140625000, nan
2023-01-27 11:10:51.439711, -0.61802673339843750000, nan
2023-01-27 11:10:51.539808, -0.61802673339843750000, nan
2023-01-27 11:10:51.539833, -0.60780334472656250000, nan
2023-01-27 11:10:51.638961, -0.60780334472656250000, nan
2023-01-27 11:10:51.638976, -0.58480834960937500000, nan
2023-01-27 11:10:51.739800, -0.50305175781250000000, nan
2023-01-27 11:10:51.739823, -0.42128753662109375000, nan
2023-01-27 11:10:51.839673, -0.29098510742187500000, nan
2023-01-27 11:10:51.839700, -0.19133758544921875000, nan
2023-01-27 11:10:51.939673, -0.00737762451171875000, nan
2023-01-27 11:10:51.939695, 0.14080810546875000000, nan
2023-01-27 11:10:52.039743, 0.32987976074218750000, nan
2023-01-27 11:10:52.039772, 0.41163635253906250000, nan
2023-01-27 11:10:52.139966, 0.52661132812500000000, nan
2023-01-27 11:10:52.139991, 0.61859130859375000000, nan
2023-01-27 11:10:52.239586, 0.76678466796875000000, nan
2023-01-27 11:10:52.239613, 0.87920379638671875000, nan
2023-01-27 11:10:52.339833, 1.01206207275390625000, nan
2023-01-27 11:10:52.339860, 1.05294799804687500000, nan
2023-01-27 11:10:52.439639, 1.07594299316406250000, nan
2023-01-27 11:10:52.439662, 1.10659790039062500000, nan
2023-01-27 11:10:52.539290, 1.20113372802734375000, nan
2023-01-27 11:10:52.539315, 1.25479125976562500000, nan
2023-01-27 11:10:52.640032, 1.28289794921875000000, nan
2023-01-27 11:10:52.640055, 1.27011871337890625000, nan
2023-01-27 11:10:52.739745, 1.17813873291015625000, nan
2023-01-27 11:10:52.739771, 1.09382629394531250000, nan
2023-01-27 11:10:52.839876, 0.98651123046875000000, nan
2023-01-27 11:10:52.839903, 0.92263793945312500000, nan
2023-01-27 11:10:52.939718, 0.83832550048828125000, nan
2023-01-27 11:10:52.939744, 0.75656127929687500000, nan
2023-01-27 11:10:53.039251, 0.59559631347656250000, nan
2023-01-27 11:10:53.039268, 0.51895141601562500000, nan
2023-01-27 11:10:53.140091, 0.43208312988281250000, nan
2023-01-27 11:10:53.140114, 0.36564636230468750000, nan
2023-01-27 11:10:53.239563, 0.31199645996093750000, nan
2023-01-27 11:10:53.239586, 0.30944061279296875000, nan
2023-01-27 11:10:53.339670, 0.29411315917968750000, nan
2023-01-27 11:10:53.339692, 0.25067138671875000000, nan
2023-01-27 11:10:53.440791, 0.11525726318359375000, nan
2023-01-27 11:10:53.440815, 0.04371643066406250000, nan
2023-01-27 11:10:53.540746, 0.01561737060546875000, nan
2023-01-27 11:10:53.540776, 0.00028228759765625000, nan
2023-01-27 11:10:53.640198, -0.08403015136718750000, nan
2023-01-27 11:10:53.640216, -0.17345428466796875000, nan
2023-01-27 11:10:53.740654, -0.27310180664062500000, nan
2023-01-27 11:10:53.740683, -0.27310180664062500000, nan
2023-01-27 11:10:53.840553, -0.22711181640625000000, nan
2023-01-27 11:10:53.840580, -0.25521850585937500000, nan
2023-01-27 11:10:53.940712, -0.32420349121093750000, nan
2023-01-27 11:10:53.940738, -0.32420349121093750000, nan
2023-01-27 11:10:54.040680, -0.32164764404296875000, nan
2023-01-27 11:10:54.040709, -0.34208679199218750000, nan
2023-01-27 11:10:54.140548, -0.37785339355468750000, nan
2023-01-27 11:10:54.140572, -0.38552093505859375000, nan
2023-01-27 11:10:54.242131, -0.36252593994140625000, nan
2023-01-27 11:10:54.242156, -0.37529754638671875000, nan
2023-01-27 11:10:54.340243, -0.44683837890625000000, nan
2023-01-27 11:10:54.340260, -0.47750091552734375000, nan
2023-01-27 11:10:54.440087, -0.49538421630859375000, nan
2023-01-27 11:10:54.440102, -0.49027252197265625000, nan
2023-01-27 11:10:54.540063, -0.46217346191406250000, nan
2023-01-27 11:10:54.540080, -0.43406677246093750000, nan
2023-01-27 11:10:54.640558, -0.39063262939453125000, nan
2023-01-27 11:10:54.640581, -0.35997009277343750000, nan
2023-01-27 11:10:54.742045, -0.30375671386718750000, nan
2023-01-27 11:10:54.742081, -0.24499511718750000000, nan
2023-01-27 11:10:54.840542, -0.11213684082031250000, nan
2023-01-27 11:10:54.840568, 0.04116821289062500000, nan
2023-01-27 11:10:54.941272, 0.24301147460937500000, nan
2023-01-27 11:10:54.941300, 0.30177307128906250000, nan
2023-01-27 11:10:55.040475, 0.36820220947265625000, nan
2023-01-27 11:10:55.040504, 0.42952728271484375000, nan
2023-01-27 11:10:55.140576, 0.56494140625000000000, nan
2023-01-27 11:10:55.140601, 0.65436553955078125000, nan
2023-01-27 11:10:55.240599, 0.80255126953125000000, nan
2023-01-27 11:10:55.240626, 0.88175964355468750000, nan
2023-01-27 11:10:55.340618, 0.90475463867187500000, nan
2023-01-27 11:10:55.340641, 0.88687133789062500000, nan
2023-01-27 11:10:55.440586, 0.85620880126953125000, nan
2023-01-27 11:10:55.440615, 0.83321380615234375000, nan
2023-01-27 11:10:55.540802, 0.74890136718750000000, nan
2023-01-27 11:10:55.540828, 0.66203308105468750000, nan
2023-01-27 11:10:55.640813, 0.55216217041015625000, nan
2023-01-27 11:10:55.640835, 0.48573303222656250000, nan
2023-01-27 11:10:55.741124, 0.41930389404296875000, nan
2023-01-27 11:10:55.741155, 0.37842559814453125000, nan
2023-01-27 11:10:55.840473, 0.28900146484375000000, nan
2023-01-27 11:10:55.840496, 0.24812316894531250000, nan
2023-01-27 11:10:55.940747, 0.22001647949218750000, nan
2023-01-27 11:10:55.940773, 0.17658233642578125000, nan
2023-01-27 11:10:56.040330, 0.06416320800781250000, nan
2023-01-27 11:10:56.040349, 0.01561737060546875000, nan
2023-01-27 11:10:56.140540, 0.02327728271484375000, nan
2023-01-27 11:10:56.140562, 0.02072143554687500000, nan
2023-01-27 11:10:56.241515, -0.07380676269531250000, nan
2023-01-27 11:10:56.241537, -0.14279174804687500000, nan
2023-01-27 11:10:56.343595, -0.20922851562500000000, nan
2023-01-27 11:10:56.343629, -0.22966766357421875000, nan
2023-01-27 11:10:56.441586, -0.21944427490234375000, nan
2023-01-27 11:10:56.441612, -0.20667266845703125000, nan
2023-01-27 11:10:56.541678, -0.20667266845703125000, nan
2023-01-27 11:10:56.541703, -0.21944427490234375000, nan
2023-01-27 11:10:56.641606, -0.27054595947265625000, nan
2023-01-27 11:10:56.641631, -0.31142425537109375000, nan
2023-01-27 11:10:56.741648, -0.33953094482421875000, nan
2023-01-27 11:10:56.741670, -0.33953094482421875000, nan
2023-01-27 11:10:56.841983, -0.38552093505859375000, nan
2023-01-27 11:10:56.842014, -0.43662261962890625000, nan
2023-01-27 11:10:56.941629, -0.43662261962890625000, nan
2023-01-27 11:10:56.941654, -0.38296508789062500000, nan
2023-01-27 11:10:57.042179, -0.28842926025390625000, nan
2023-01-27 11:10:57.042204, -0.21688842773437500000, nan
2023-01-27 11:10:57.141591, -0.07891845703125000000, nan
2023-01-27 11:10:57.141616, 0.07182312011718750000, nan
2023-01-27 11:10:57.241701, 0.29921722412109375000, nan
2023-01-27 11:10:57.241725, 0.40653228759765625000, nan
2023-01-27 11:10:57.341858, 0.53427886962890625000, nan
2023-01-27 11:10:57.341888, 0.61348724365234375000, nan
2023-01-27 11:10:57.441535, 0.75145721435546875000, nan
2023-01-27 11:10:57.441561, 0.83065795898437500000, nan
2023-01-27 11:10:57.541604, 0.92263793945312500000, nan
2023-01-27 11:10:57.541626, 0.98906707763671875000, nan
2023-01-27 11:10:57.641545, 1.13981628417968750000, nan
2023-01-27 11:10:57.641569, 1.25990295410156250000, nan
2023-01-27 11:10:57.741440, 1.39531707763671875000, nan
2023-01-27 11:10:57.741463, 1.43108367919921875000, nan
2023-01-27 11:10:57.841550, 1.42341613769531250000, 20.17484855651855468750
2023-01-27 11:10:57.841576, 1.38764953613281250000, nan
2023-01-27 11:10:57.941647, 1.30589294433593750000, nan
2023-01-27 11:10:57.941672, 1.25479125976562500000, nan
2023-01-27 11:10:58.041279, 1.18069458007812500000, nan
2023-01-27 11:10:58.041298, 1.10915374755859375000, nan
2023-01-27 11:10:58.142956, 0.95074462890625000000, nan
2023-01-27 11:10:58.142979, 0.84088134765625000000, nan
2023-01-27 11:10:58.241483, 0.70802307128906250000, nan
2023-01-27 11:10:58.241508, 0.65947723388671875000, nan
2023-01-27 11:10:58.340841, 0.62370300292968750000, nan
2023-01-27 11:10:58.340846, 0.60837554931640625000, nan
2023-01-27 11:10:58.440923, 0.60581970214843750000, nan
2023-01-27 11:10:58.440930, 0.61348724365234375000, nan
2023-01-27 11:10:58.541520, 0.61348724365234375000, nan
2023-01-27 11:10:58.541543, 0.59304809570312500000, nan
2023-01-27 11:10:58.641098, 0.54450225830078125000, nan
2023-01-27 11:10:58.641112, 0.52661132812500000000, nan
2023-01-27 11:10:58.741023, 0.46018218994140625000, nan
2023-01-27 11:10:58.741031, 0.39119720458984375000, nan
2023-01-27 11:10:58.841340, 0.31455230712890625000, nan
2023-01-27 11:10:58.841359, 0.25322723388671875000, nan
2023-01-27 11:10:58.941834, 0.11015319824218750000, nan
2023-01-27 11:10:58.941864, 0.01561737060546875000, nan
2023-01-27 11:10:59.042615, -0.07380676269531250000, nan
2023-01-27 11:10:59.042644, -0.11469268798828125000, nan
2023-01-27 11:10:59.142741, -0.15301513671875000000, nan
2023-01-27 11:10:59.142775, -0.16834259033203125000, nan
2023-01-27 11:10:59.242605, -0.17345428466796875000, nan
2023-01-27 11:10:59.242632, -0.17601013183593750000, nan
2023-01-27 11:10:59.342757, -0.21177673339843750000, nan
2023-01-27 11:10:59.342781, -0.26543426513671875000, nan
2023-01-27 11:10:59.442691, -0.34208679199218750000, nan
2023-01-27 11:10:59.442714, -0.36508178710937500000, nan
2023-01-27 11:10:59.542721, -0.39318847656250000000, nan
2023-01-27 11:10:59.542754, -0.39829254150390625000, nan
2023-01-27 11:10:59.642512, -0.35997009277343750000, nan
2023-01-27 11:10:59.642547, -0.31398010253906250000, nan
2023-01-27 11:10:59.742637, -0.23732757568359375000, nan
2023-01-27 11:10:59.742664, -0.19133758544921875000, nan
2023-01-27 11:10:59.842506, -0.13002014160156250000, nan
2023-01-27 11:10:59.842532, -0.07891845703125000000, nan
2023-01-27 11:10:59.943380, -0.00227355957031250000, nan
2023-01-27 11:10:59.943405, 0.08970642089843750000, nan
2023-01-27 11:11:00.042701, 0.21746063232421875000, nan
2023-01-27 11:11:00.042732, 0.26089477539062500000, nan
2023-01-27 11:11:00.142656, 0.39630889892578125000, nan
2023-01-27 11:11:00.142683, 0.48317718505859375000, nan
2023-01-27 11:11:00.244213, 0.57005310058593750000, nan
2023-01-27 11:11:00.244241, 0.66203308105468750000, nan
2023-01-27 11:11:00.342476, 0.85109710693359375000, nan
2023-01-27 11:11:00.342502, 0.96862792968750000000, nan
2023-01-27 11:11:00.442517, 1.11170959472656250000, nan
2023-01-27 11:11:00.442540, 1.21135711669921875000, nan
2023-01-27 11:11:00.542548, 1.37742614746093750000, nan
2023-01-27 11:11:00.542573, 1.47196197509765625000, nan
2023-01-27 11:11:00.642581, 1.59460449218750000000, nan
2023-01-27 11:11:00.642609, 1.67891693115234375000, nan
2023-01-27 11:11:00.743879, 1.79389190673828125000, nan
2023-01-27 11:11:00.743908, 1.85266113281250000000, nan
2023-01-27 11:11:00.842756, 1.90120697021484375000, nan
2023-01-27 11:11:00.842791, 1.88076782226562500000, nan
2023-01-27 11:11:00.942891, 1.77345275878906250000, nan
2023-01-27 11:11:00.942941, 1.67636108398437500000, nan
2023-01-27 11:11:01.042614, 1.51539611816406250000, nan
2023-01-27 11:11:01.042643, 1.41831207275390625000, nan
2023-01-27 11:11:01.142922, 1.28800201416015625000, nan
2023-01-27 11:11:01.142947, 1.18836212158203125000, nan
2023-01-27 11:11:01.242728, 1.05294799804687500000, nan
2023-01-27 11:11:01.242753, 0.96607208251953125000, nan
2023-01-27 11:11:01.342817, 0.76678466796875000000, nan
2023-01-27 11:11:01.342841, 0.63648223876953125000, nan
2023-01-27 11:11:01.442589, 0.53172302246093750000, nan
2023-01-27 11:11:01.442616, 0.48828887939453125000, nan
2023-01-27 11:11:01.542380, 0.45762634277343750000, nan
2023-01-27 11:11:01.542401, 0.45507812500000000000, nan
2023-01-27 11:11:01.643420, 0.41674804687500000000, nan
2023-01-27 11:11:01.643443, 0.37842559814453125000, nan
2023-01-27 11:11:01.743536, 0.31199645996093750000, nan
2023-01-27 11:11:01.743557, 0.25833892822265625000, nan
2023-01-27 11:11:01.843572, 0.13825225830078125000, nan
2023-01-27 11:11:01.843594, 0.07949066162109375000, nan
2023-01-27 11:11:01.943521, 0.04116821289062500000, nan
2023-01-27 11:11:01.943545, 0.00283813476562500000, nan
2023-01-27 11:11:02.043875, -0.09935760498046875000, nan
2023-01-27 11:11:02.043904, -0.16834259033203125000, nan
2023-01-27 11:11:02.143468, -0.20922851562500000000, nan
2023-01-27 11:11:02.143494, -0.20922851562500000000, nan
2023-01-27 11:11:02.243556, -0.21433258056640625000, nan
2023-01-27 11:11:02.243582, -0.22200012207031250000, nan
2023-01-27 11:11:02.343513, -0.24755096435546875000, nan
2023-01-27 11:11:02.343538, -0.27821350097656250000, nan
2023-01-27 11:11:02.443521, -0.32930755615234375000, nan
2023-01-27 11:11:02.443547, -0.36763763427734375000, nan
2023-01-27 11:11:02.543772, -0.40084838867187500000, nan
2023-01-27 11:11:02.543796, -0.39063262939453125000, nan
2023-01-27 11:11:02.643441, -0.34719848632812500000, nan
2023-01-27 11:11:02.643463, -0.34208679199218750000, nan
2023-01-27 11:11:02.743525, -0.30631256103515625000, nan
2023-01-27 11:11:02.743550, -0.22200012207031250000, nan
2023-01-27 11:11:02.843688, -0.08147430419921875000, nan
2023-01-27 11:11:02.843721, -0.00993347167968750000, nan
2023-01-27 11:11:02.943996, 0.17658233642578125000, nan
2023-01-27 11:11:02.944016, 0.33243560791015625000, nan
2023-01-27 11:11:03.043862, 0.50872802734375000000, nan
2023-01-27 11:11:03.043890, 0.61093139648437500000, nan
2023-01-27 11:11:03.143467, 0.73612213134765625000, nan
2023-01-27 11:11:03.143491, 0.83065795898437500000, nan
2023-01-27 11:11:03.243611, 0.97118377685546875000, nan
2023-01-27 11:11:03.243635, 1.04528045654296875000, nan
2023-01-27 11:11:03.343700, 1.17813873291015625000, nan
2023-01-27 11:11:03.343726, 1.30333709716796875000, nan
2023-01-27 11:11:03.443513, 1.47451782226562500000, nan
2023-01-27 11:11:03.443539, 1.56394195556640625000, nan
2023-01-27 11:11:03.543506, 1.62526702880859375000, nan
2023-01-27 11:11:03.543531, 1.60482788085937500000, nan
2023-01-27 11:11:03.643492, 1.51029205322265625000, nan
2023-01-27 11:11:03.643514, 1.43619537353515625000, nan
2023-01-27 11:11:03.743829, 1.34421539306640625000, nan
2023-01-27 11:11:03.743863, 1.29822540283203125000, nan
2023-01-27 11:11:03.843644, 1.22157287597656250000, nan
2023-01-27 11:11:03.843669, 1.13470458984375000000, nan
2023-01-27 11:11:03.943542, 0.98140716552734375000, nan
2023-01-27 11:11:03.943566, 0.87664794921875000000, nan
2023-01-27 11:11:04.043540, 0.74634552001953125000, nan
2023-01-27 11:11:04.043568, 0.70035552978515625000, nan
2023-01-27 11:11:04.143622, 0.67480468750000000000, nan
2023-01-27 11:11:04.143647, 0.66203308105468750000, nan
2023-01-27 11:11:04.243447, 0.54450225830078125000, nan
2023-01-27 11:11:04.243471, 0.42697143554687500000, nan
2023-01-27 11:11:04.343071, 0.35798645019531250000, nan
2023-01-27 11:11:04.343085, 0.36564636230468750000, nan
2023-01-27 11:11:04.443529, 0.29666137695312500000, nan
2023-01-27 11:11:04.443554, 0.17913818359375000000, nan
2023-01-27 11:11:04.543557, 0.07949066162109375000, nan
2023-01-27 11:11:04.543580, 0.09737396240234375000, nan
2023-01-27 11:11:04.645176, 0.07693481445312500000, nan
2023-01-27 11:11:04.645201, 0.03350067138671875000, nan
2023-01-27 11:11:04.744449, 0.00539398193359375000, nan
2023-01-27 11:11:04.744474, -0.00993347167968750000, nan
2023-01-27 11:11:04.844453, -0.05592346191406250000, nan
2023-01-27 11:11:04.844476, -0.11724853515625000000, nan
2023-01-27 11:11:04.944557, -0.21177673339843750000, nan
2023-01-27 11:11:04.944584, -0.24499511718750000000, nan
2023-01-27 11:11:05.044337, -0.27054595947265625000, nan
2023-01-27 11:11:05.044361, -0.30375671386718750000, nan
2023-01-27 11:11:05.144790, -0.37529754638671875000, nan
2023-01-27 11:11:05.144820, -0.41107177734375000000, nan
2023-01-27 11:11:05.244680, -0.43406677246093750000, nan
2023-01-27 11:11:05.244714, -0.41362762451171875000, nan
2023-01-27 11:11:05.347603, -0.35485839843750000000, nan
2023-01-27 11:11:05.347628, -0.29609680175781250000, nan
2023-01-27 11:11:05.446327, -0.20156097412109375000, nan
2023-01-27 11:11:05.446363, -0.15301513671875000000, nan
2023-01-27 11:11:05.544045, -0.07125854492187500000, nan
2023-01-27 11:11:05.544058, 0.00028228759765625000, nan
2023-01-27 11:11:05.644413, 0.16891479492187500000, nan
2023-01-27 11:11:05.644437, 0.25578308105468750000, nan
2023-01-27 11:11:05.744511, 0.31710815429687500000, nan
2023-01-27 11:11:05.744536, 0.39375305175781250000, nan
2023-01-27 11:11:05.844688, 0.55216217041015625000, nan
2023-01-27 11:11:05.844723, 0.67991638183593750000, nan
2023-01-27 11:11:05.944522, 0.88431549072265625000, nan
2023-01-27 11:11:05.944546, 1.01206207275390625000, nan
2023-01-27 11:11:06.044510, 1.16025543212890625000, nan
2023-01-27 11:11:06.044536, 1.25734710693359375000, nan
2023-01-27 11:11:06.144416, 1.36209869384765625000, nan
2023-01-27 11:11:06.144441, 1.52050781250000000000, nan
2023-01-27 11:11:06.244412, 1.62015533447265625000, nan
2023-01-27 11:11:06.244433, 1.74534606933593750000, nan
2023-01-27 11:11:06.344490, 1.82966613769531250000, nan
2023-01-27 11:11:06.344516, 1.94719696044921875000, nan
2023-01-27 11:11:06.444800, 1.99318695068359375000, nan
2023-01-27 11:11:06.444831, 1.98040771484375000000, nan
2023-01-27 11:11:06.544236, 1.94719696044921875000, nan
2023-01-27 11:11:06.544257, 1.85266113281250000000, nan
2023-01-27 11:11:06.644372, 1.76068115234375000000, nan
2023-01-27 11:11:06.644397, 1.63037109375000000000, nan
2023-01-27 11:11:06.747334, 1.54350280761718750000, nan
2023-01-27 11:11:06.747782, 1.43108367919921875000, nan
2023-01-27 11:11:06.844440, 1.34932708740234375000, nan
2023-01-27 11:11:06.844472, 1.18580627441406250000, nan
2023-01-27 11:11:06.944458, 1.08615875244140625000, nan
2023-01-27 11:11:06.944482, 0.97373962402343750000, nan
2023-01-27 11:11:07.048739, 0.91497802734375000000, nan
2023-01-27 11:11:07.048758, 0.87920379638671875000, nan
2023-01-27 11:11:07.145427, 0.84854125976562500000, nan
2023-01-27 11:11:07.145453, 0.74890136718750000000, nan
2023-01-27 11:11:07.245425, 0.68757629394531250000, nan
2023-01-27 11:11:07.245459, 0.59304809570312500000, nan
2023-01-27 11:11:07.345488, 0.52406311035156250000, nan
2023-01-27 11:11:07.345513, 0.46273803710937500000, nan
2023-01-27 11:11:07.446379, 0.41674804687500000000, nan
2023-01-27 11:11:07.446407, 0.29155731201171875000, nan
2023-01-27 11:11:07.546601, 0.23278808593750000000, nan
2023-01-27 11:11:07.546625, 0.21234893798828125000, nan
2023-01-27 11:11:07.645606, 0.22001647949218750000, nan
2023-01-27 11:11:07.645708, 0.18935394287109375000, nan
2023-01-27 11:11:07.745480, 0.15358734130859375000, nan
2023-01-27 11:11:07.745505, 0.12548065185546875000, nan
2023-01-27 11:11:07.845661, 0.09737396240234375000, 20.04454421997070312500
2023-01-27 11:11:07.845684, 0.05393981933593750000, nan
2023-01-27 11:11:07.945427, 0.02838897705078125000, nan
2023-01-27 11:11:07.945454, -0.00227355957031250000, nan
2023-01-27 11:11:08.046119, -0.02781677246093750000, nan
2023-01-27 11:11:08.046143, -0.13257598876953125000, nan
2023-01-27 11:11:08.145497, -0.21177673339843750000, nan
2023-01-27 11:11:08.145530, -0.28076171875000000000, nan
2023-01-27 11:11:08.245703, -0.30886840820312500000, nan
2023-01-27 11:11:08.245727, -0.30375671386718750000, nan
2023-01-27 11:11:08.345383, -0.29865264892578125000, nan
2023-01-27 11:11:08.345407, -0.34974670410156250000, nan
2023-01-27 11:11:08.445557, -0.39573669433593750000, nan
2023-01-27 11:11:08.445584, -0.42895507812500000000, nan
2023-01-27 11:11:08.545418, -0.43917846679687500000, nan
2023-01-27 11:11:08.545440, -0.44939422607421875000, nan
2023-01-27 11:11:08.645452, -0.43917846679687500000, nan
2023-01-27 11:11:08.645478, -0.46472167968750000000, nan
2023-01-27 11:11:08.745453, -0.52860260009765625000, nan
2023-01-27 11:11:08.745476, -0.57459259033203125000, nan
2023-01-27 11:11:08.845691, -0.55670166015625000000, nan
2023-01-27 11:11:08.845715, -0.48005676269531250000, nan
2023-01-27 11:11:08.945758, -0.42384338378906250000, nan
2023-01-27 11:11:08.945785, -0.34464263916015625000, nan
2023-01-27 11:11:09.048206, -0.28331756591796875000, nan
2023-01-27 11:11:09.048232, -0.17856597900390625000, nan
2023-01-27 11:11:09.145419, -0.09935760498046875000, nan
2023-01-27 11:11:09.145445, 0.06416320800781250000, nan
2023-01-27 11:11:09.246263, 0.20468139648437500000, nan
2023-01-27 11:11:09.246297, 0.36309814453125000000, nan
2023-01-27 11:11:09.347297, 0.43463134765625000000, nan
2023-01-27 11:11:09.347322, 0.53683471679687500000, nan
2023-01-27 11:11:09.446671, 0.61348724365234375000, nan
2023-01-27 11:11:09.446698, 0.76422882080078125000, nan
2023-01-27 11:11:09.546555, 0.86132049560546875000, nan
2023-01-27 11:11:09.546580, 0.98906707763671875000, nan
2023-01-27 11:11:09.646748, 1.04783630371093750000, nan
2023-01-27 11:11:09.646774, 1.08104705810546875000, nan
2023-01-27 11:11:09.746596, 1.07594299316406250000, nan
2023-01-27 11:11:09.746619, 1.06827545166015625000, nan
2023-01-27 11:11:09.846666, 1.05039215087890625000, nan
2023-01-27 11:11:09.846692, 0.97118377685546875000, nan
2023-01-27 11:11:09.946471, 0.91497802734375000000, nan
2023-01-27 11:11:09.946497, 0.87153625488281250000, nan
2023-01-27 11:11:10.046793, 0.86643218994140625000, nan
2023-01-27 11:11:10.046819, 0.88175964355468750000, nan
2023-01-27 11:11:10.147767, 0.86643218994140625000, nan
2023-01-27 11:11:10.147795, 0.78722381591796875000, nan
2023-01-27 11:11:10.246425, 0.73101806640625000000, nan
2023-01-27 11:11:10.246449, 0.66969299316406250000, nan
2023-01-27 11:11:10.346672, 0.61859130859375000000, nan
2023-01-27 11:11:10.346699, 0.54960632324218750000, nan
2023-01-27 11:11:10.446616, 0.50361633300781250000, nan
2023-01-27 11:11:10.446639, 0.40142059326171875000, nan
2023-01-27 11:11:10.546514, 0.32987976074218750000, nan
2023-01-27 11:11:10.546536, 0.24301147460937500000, nan
2023-01-27 11:11:10.647336, 0.20213317871093750000, nan
2023-01-27 11:11:10.647360, 0.16891479492187500000, nan
2023-01-27 11:11:10.746542, 0.18935394287109375000, nan
2023-01-27 11:11:10.746569, 0.18935394287109375000, nan
2023-01-27 11:11:10.845854, 0.09737396240234375000, nan
2023-01-27 11:11:10.845875, -0.03548431396484375000, nan
2023-01-27 11:11:10.946027, -0.05592346191406250000, nan
2023-01-27 11:11:10.946052, -0.05847930908203125000, nan
2023-01-27 11:11:11.046788, -0.10446929931640625000, nan
2023-01-27 11:11:11.046815, -0.22455596923828125000, nan
2023-01-27 11:11:11.146822, -0.27821350097656250000, nan
2023-01-27 11:11:11.146843, -0.30631256103515625000, nan
2023-01-27 11:11:11.246658, -0.33186340332031250000, nan
2023-01-27 11:11:11.246685, -0.32930755615234375000, nan
2023-01-27 11:11:11.346550, -0.29609680175781250000, nan
2023-01-27 11:11:11.346576, -0.28587341308593750000, nan
2023-01-27 11:11:11.447115, -0.31398010253906250000, nan
2023-01-27 11:11:11.447137, -0.34208679199218750000, nan
2023-01-27 11:11:11.546573, -0.34208679199218750000, nan
2023-01-27 11:11:11.546599, -0.33697509765625000000, nan
2023-01-27 11:11:11.646292, -0.33186340332031250000, nan
2023-01-27 11:11:11.646314, -0.29609680175781250000, nan
2023-01-27 11:11:11.747262, -0.29098510742187500000, nan
2023-01-27 11:11:11.747285, -0.31398010253906250000, nan
2023-01-27 11:11:11.847311, -0.31653594970703125000, nan
2023-01-27 11:11:11.847337, -0.28842926025390625000, nan
2023-01-27 11:11:11.947499, -0.26543426513671875000, nan
2023-01-27 11:11:11.947523, -0.21177673339843750000, nan
2023-01-27 11:11:12.047520, -0.16834259033203125000, nan
2023-01-27 11:11:12.047549, -0.11469268798828125000, nan
2023-01-27 11:11:12.147375, -0.05847930908203125000, nan
2023-01-27 11:11:12.147400, 0.08715820312500000000, nan
2023-01-27 11:11:12.247427, 0.17402648925781250000, nan
2023-01-27 11:11:12.247449, 0.27111816406250000000, nan
2023-01-27 11:11:12.347336, 0.35287475585937500000, nan
2023-01-27 11:11:12.347362, 0.47551727294921875000, nan
2023-01-27 11:11:12.447312, 0.53172302246093750000, nan
2023-01-27 11:11:12.447334, 0.59559631347656250000, nan
2023-01-27 11:11:12.547356, 0.66969299316406250000, nan
2023-01-27 11:11:12.547407, 0.88175964355468750000, nan
2023-01-27 11:11:12.647308, 1.05294799804687500000, nan
2023-01-27 11:11:12.647335, 1.25479125976562500000, nan
2023-01-27 11:11:12.747890, 1.35698699951171875000, nan
2023-01-27 11:11:12.747915, 1.53328704833984375000, nan
2023-01-27 11:11:12.847375, 1.66614532470703125000, nan
2023-01-27 11:11:12.847445, 1.85010528564453125000, nan
2023-01-27 11:11:12.947573, 1.98296356201171875000, nan
2023-01-27 11:11:12.947600, 2.20780181884765625000, nan
2023-01-27 11:11:13.047372, 2.36366271972656250000, nan
2023-01-27 11:11:13.047398, 2.59105682373046875000, nan
2023-01-27 11:11:13.147468, 2.73413085937500000000, nan
2023-01-27 11:11:13.147494, 2.96408081054687500000, nan
2023-01-27 11:11:13.247598, 3.14038085937500000000, nan
2023-01-27 11:11:13.247621, 3.36777496337890625000, nan
2023-01-27 11:11:13.347570, 3.45208740234375000000, nan
2023-01-27 11:11:13.347598, 3.51596832275390625000, nan
2023-01-27 11:11:13.451000, 3.48274993896484375000, nan
2023-01-27 11:11:13.451021, 3.21958160400390625000, nan
2023-01-27 11:11:13.548522, 2.96919250488281250000, nan
2023-01-27 11:11:13.548548, 2.60894012451171875000, nan
2023-01-27 11:11:13.648331, 2.39176177978515625000, nan
2023-01-27 11:11:13.648352, 2.09538269042968750000, nan
2023-01-27 11:11:13.748410, 1.94464111328125000000, nan
2023-01-27 11:11:13.748436, 1.82199859619140625000, nan
2023-01-27 11:11:13.848359, 1.75301361083984375000, nan
2023-01-27 11:11:13.848382, 1.59971618652343750000, nan
2023-01-27 11:11:13.948483, 1.50773620605468750000, nan
2023-01-27 11:11:13.948511, 1.37998199462890625000, nan
2023-01-27 11:11:14.048454, 1.29311370849609375000, nan
2023-01-27 11:11:14.048477, 1.17302703857421875000, nan
2023-01-27 11:11:14.148365, 1.10915374755859375000, nan
2023-01-27 11:11:14.148392, 1.02484130859375000000, nan
2023-01-27 11:11:14.248489, 0.92774963378906250000, nan
2023-01-27 11:11:14.248520, 0.76422882080078125000, nan
2023-01-27 11:11:14.348002, 0.70291137695312500000, nan
2023-01-27 11:11:14.348017, 0.64414215087890625000, nan
2023-01-27 11:11:14.448095, 0.60581970214843750000, nan
2023-01-27 11:11:14.448112, 0.57515716552734375000, nan
2023-01-27 11:11:14.548567, 0.56238555908203125000, nan
2023-01-27 11:11:14.548593, 0.52916717529296875000, nan
2023-01-27 11:11:14.648319, 0.50361633300781250000, nan
2023-01-27 11:11:14.648343, 0.47040557861328125000, nan
2023-01-27 11:11:14.748412, 0.44741058349609375000, nan
2023-01-27 11:11:14.748438, 0.43463134765625000000, nan
2023-01-27 11:11:14.849207, 0.41419219970703125000, nan
2023-01-27 11:11:14.849237, 0.34776306152343750000, nan
2023-01-27 11:11:14.947880, 0.29921722412109375000, nan
2023-01-27 11:11:14.947887, 0.18935394287109375000, nan
2023-01-27 11:11:15.048496, 0.11270141601562500000, nan
2023-01-27 11:11:15.048516, 0.05393981933593750000, nan
2023-01-27 11:11:15.148425, 0.04882812500000000000, nan
2023-01-27 11:11:15.148454, 0.02838897705078125000, nan
2023-01-27 11:11:15.248466, -0.00482177734375000000, nan
2023-01-27 11:11:15.248492, -0.06870269775390625000, nan
2023-01-27 11:11:15.348815, -0.10958099365234375000, nan
2023-01-27 11:11:15.348845, -0.15045928955078125000, nan
2023-01-27 11:11:15.448369, -0.15812683105468750000, nan
2023-01-27 11:11:15.448395, -0.18367767333984375000, nan
2023-01-27 11:11:15.548527, -0.24755096435546875000, nan
2023-01-27 11:11:15.548552, -0.32675170898437500000, nan
2023-01-27 11:11:15.648245, -0.33953094482421875000, nan
2023-01-27 11:11:15.648269, -0.32164764404296875000, nan
2023-01-27 11:11:15.748250, -0.29098510742187500000, nan
2023-01-27 11:11:15.748273, -0.23988342285156250000, nan
2023-01-27 11:11:15.849379, -0.18878173828125000000, nan
2023-01-27 11:11:15.849405, -0.09425354003906250000, nan
2023-01-27 11:11:15.949364, -0.02015686035156250000, nan
2023-01-27 11:11:15.949389, 0.16891479492187500000, nan
2023-01-27 11:11:16.049330, 0.28900146484375000000, nan
2023-01-27 11:11:16.049359, 0.42697143554687500000, nan
2023-01-27 11:11:16.149678, 0.52150726318359375000, nan
2023-01-27 11:11:16.149704, 0.63392639160156250000, nan
2023-01-27 11:11:16.249288, 0.71312713623046875000, nan
2023-01-27 11:11:16.249309, 0.86132049560546875000, nan
2023-01-27 11:11:16.349487, 0.95585632324218750000, nan
2023-01-27 11:11:16.349514, 1.07594299316406250000, nan
2023-01-27 11:11:16.449735, 1.13726043701171875000, nan
2023-01-27 11:11:16.449765, 1.16281127929687500000, nan
2023-01-27 11:11:16.549268, 1.13981628417968750000, nan
2023-01-27 11:11:16.549291, 1.07338714599609375000, nan
2023-01-27 11:11:16.649504, 1.01206207275390625000, nan
2023-01-27 11:11:16.649532, 0.89708709716796875000, nan
2023-01-27 11:11:16.749337, 0.78466796875000000000, nan
2023-01-27 11:11:16.749365, 0.58538055419921875000, nan
2023-01-27 11:11:16.849409, 0.50361633300781250000, nan
2023-01-27 11:11:16.849436, 0.42185974121093750000, nan
2023-01-27 11:11:16.949586, 0.35543060302734375000, nan
2023-01-27 11:11:16.949615, 0.34265136718750000000, nan
2023-01-27 11:11:17.049173, 0.36309814453125000000, nan
2023-01-27 11:11:17.049197, 0.35287475585937500000, nan
2023-01-27 11:11:17.149551, 0.33243560791015625000, nan
2023-01-27 11:11:17.150120, 0.29666137695312500000, nan
2023-01-27 11:11:17.253861, 0.27366638183593750000, nan
2023-01-27 11:11:17.253883, 0.25578308105468750000, nan
2023-01-27 11:11:17.349645, 0.25067138671875000000, nan
2023-01-27 11:11:17.349668, 0.14591979980468750000, nan
2023-01-27 11:11:17.449898, 0.04627227783203125000, nan
2023-01-27 11:11:17.449934, -0.04826354980468750000, nan
2023-01-27 11:11:17.549433, -0.08914184570312500000, nan
2023-01-27 11:11:17.549486, -0.11979675292968750000, nan
2023-01-27 11:11:17.649337, -0.13513183593750000000, nan
2023-01-27 11:11:17.649360, -0.16068267822265625000, nan
2023-01-27 11:11:17.749370, -0.17345428466796875000, nan
2023-01-27 11:11:17.749396, -0.22200012207031250000, nan
2023-01-27 11:11:17.849383, -0.26287841796875000000, 10.00000000000000000000
2023-01-27 11:11:17.849409, -0.29354095458984375000, nan
2023-01-27 11:11:17.949447, -0.30375671386718750000, nan
2023-01-27 11:11:17.949475, -0.35997009277343750000, nan
2023-01-27 11:11:18.049306, -0.41107177734375000000, nan
2023-01-27 11:11:18.049331, -0.45961761474609375000, nan
2023-01-27 11:11:18.146676, -0.46983337402343750000, nan
2023-01-27 11:11:18.146697, -0.44683837890625000000, nan
2023-01-27 11:11:18.245612, -0.41873168945312500000, nan
2023-01-27 11:11:18.245636, -0.39318847656250000000, nan
2023-01-27 11:11:18.347027, -0.37529754638671875000, nan
2023-01-27 11:11:18.347055, -0.30631256103515625000, nan
2023-01-27 11:11:18.445308, -0.24243927001953125000, nan
2023-01-27 11:11:18.445334, -0.13257598876953125000, nan
2023-01-27 11:11:18.545270, -0.04059600830078125000, nan
2023-01-27 11:11:18.545294, 0.13569641113281250000, nan
2023-01-27 11:11:18.645655, 0.27111816406250000000, nan
2023-01-27 11:11:18.645679, 0.46018218994140625000, nan
2023-01-27 11:11:18.745500, 0.57771301269531250000, nan
2023-01-27 11:11:18.745529, 0.75401306152343750000, nan
2023-01-27 11:11:18.845384, 0.86132049560546875000, nan
2023-01-27 11:11:18.845410, 1.01206207275390625000, nan
2023-01-27 11:11:18.944785, 1.11170959472656250000, nan
2023-01-27 11:11:18.944799, 1.23435211181640625000, nan
2023-01-27 11:11:19.045120, 1.30078125000000000000, nan
2023-01-27 11:11:19.045139, 1.37998199462890625000, nan
2023-01-27 11:11:19.145425, 1.41320037841796875000, nan
2023-01-27 11:11:19.145606, 1.41064453125000000000, nan
2023-01-27 11:11:19.245432, 1.39020538330078125000, nan
2023-01-27 11:11:19.245482, 1.37232208251953125000, nan
2023-01-27 11:11:19.345278, 1.36721038818359375000, nan
2023-01-27 11:11:19.345304, 1.33143615722656250000, nan
2023-01-27 11:11:19.447129, 1.28289794921875000000, nan
2023-01-27 11:11:19.447160, 1.17047119140625000000, nan
2023-01-27 11:11:19.545221, 1.09382629394531250000, nan
2023-01-27 11:11:19.545244, 1.01206207275390625000, nan
2023-01-27 11:11:19.646073, 0.96607208251953125000, nan
2023-01-27 11:11:19.646102, 0.83065795898437500000, nan
2023-01-27 11:11:19.748656, 0.70802307128906250000, nan
2023-01-27 11:11:19.748684, 0.56749725341796875000, nan
2023-01-27 11:11:19.845347, 0.49851226806640625000, nan
2023-01-27 11:11:19.845374, 0.45252227783203125000, nan
2023-01-27 11:11:19.946680, 0.44485473632812500000, nan
2023-01-27 11:11:19.946707, 0.40397644042968750000, nan
