2023-01-27 16:09:50.079849, -0.69212341308593750000, nan
2023-01-27 16:09:50.079874, -0.63591003417968750000, nan
2023-01-27 16:09:50.179716, -0.50816345214843750000, nan
2023-01-27 16:09:50.179739, -0.43917846679687500000, nan
2023-01-27 16:09:50.280399, -0.36508178710937500000, nan
2023-01-27 16:09:50.280418, -0.29098510742187500000, nan
2023-01-27 16:09:50.382640, -0.15557098388671875000, nan
2023-01-27 16:09:50.382663, -0.05336761474609375000, nan
2023-01-27 16:09:50.480368, 0.16124725341796875000, nan
2023-01-27 16:09:50.480390, 0.30432891845703125000, nan
2023-01-27 16:09:50.579797, 0.44485473632812500000, nan
2023-01-27 16:09:50.579817, 0.53172302246093750000, nan
2023-01-27 16:09:50.682124, 0.69013214111328125000, nan
2023-01-27 16:09:50.682144, 0.81277465820312500000, nan
2023-01-27 16:09:50.779844, 0.98140716552734375000, nan
2023-01-27 16:09:50.779872, 1.07594299316406250000, nan
2023-01-27 16:09:50.879759, 1.19602203369140625000, nan
2023-01-27 16:09:50.879770, 1.26245117187500000000, nan
2023-01-27 16:09:50.979508, 1.35443115234375000000, nan
2023-01-27 16:09:50.979526, 1.40297698974609375000, nan
2023-01-27 16:09:51.079728, 1.46940612792968750000, nan
2023-01-27 16:09:51.079749, 1.51029205322265625000, nan
2023-01-27 16:09:51.179866, 1.54094696044921875000, nan
2023-01-27 16:09:51.179891, 1.54350280761718750000, nan
2023-01-27 16:09:51.279420, 1.53584289550781250000, nan
2023-01-27 16:09:51.279434, 1.53839111328125000000, nan
2023-01-27 16:09:51.380156, 1.51539611816406250000, nan
2023-01-27 16:09:51.380188, 1.47962951660156250000, nan
2023-01-27 16:09:51.481231, 1.43875122070312500000, nan
2023-01-27 16:09:51.481249, 1.39531707763671875000, nan
2023-01-27 16:09:51.579735, 1.29311370849609375000, nan
2023-01-27 16:09:51.579755, 1.23179626464843750000, nan
2023-01-27 16:09:51.682774, 1.17813873291015625000, nan
2023-01-27 16:09:51.682795, 1.14747619628906250000, nan
2023-01-27 16:09:51.779858, 1.07849121093750000000, nan
2023-01-27 16:09:51.779881, 1.02228546142578125000, nan
2023-01-27 16:09:51.880925, 0.93030548095703125000, nan
2023-01-27 16:09:51.880952, 0.87664794921875000000, nan
2023-01-27 16:09:51.979643, 0.78211212158203125000, nan
2023-01-27 16:09:51.979653, 0.70546722412109375000, nan
2023-01-27 16:09:52.079317, 0.61859130859375000000, nan
2023-01-27 16:09:52.079333, 0.55727386474609375000, nan
2023-01-27 16:09:52.179644, 0.46784973144531250000, nan
2023-01-27 16:09:52.179670, 0.42697143554687500000, nan
2023-01-27 16:09:52.279811, 0.39375305175781250000, nan
2023-01-27 16:09:52.279833, 0.36564636230468750000, nan
2023-01-27 16:09:52.379786, 0.29921722412109375000, nan
2023-01-27 16:09:52.379810, 0.25322723388671875000, nan
2023-01-27 16:09:52.479856, 0.17658233642578125000, nan
2023-01-27 16:09:52.479885, 0.11525726318359375000, nan
2023-01-27 16:09:52.579438, 0.02072143554687500000, nan
2023-01-27 16:09:52.579454, -0.03548431396484375000, nan
2023-01-27 16:09:52.680283, -0.10702514648437500000, nan
2023-01-27 16:09:52.680310, -0.14279174804687500000, nan
2023-01-27 16:09:52.779855, -0.18112182617187500000, nan
2023-01-27 16:09:52.779881, -0.19133758544921875000, nan
2023-01-27 16:09:52.879969, -0.21433258056640625000, nan
2023-01-27 16:09:52.879987, -0.25266265869140625000, nan
2023-01-27 16:09:52.979918, -0.31398010253906250000, nan
2023-01-27 16:09:52.979944, -0.35230255126953125000, nan
2023-01-27 16:09:53.081049, -0.39573669433593750000, nan
2023-01-27 16:09:53.081065, -0.42639923095703125000, nan
2023-01-27 16:09:53.179814, -0.51837921142578125000, nan
2023-01-27 16:09:53.179842, -0.58225250244140625000, nan
2023-01-27 16:09:53.284295, -0.64102172851562500000, nan
2023-01-27 16:09:53.284317, -0.66401672363281250000, nan
2023-01-27 16:09:53.379452, -0.67167663574218750000, nan
2023-01-27 16:09:53.379467, -0.66657257080078125000, nan
2023-01-27 16:09:53.479298, -0.67423248291015625000, nan
2023-01-27 16:09:53.479315, -0.69467163085937500000, nan
2023-01-27 16:09:53.579334, -0.73044586181640625000, nan
2023-01-27 16:09:53.579340, -0.75088500976562500000, nan
2023-01-27 16:09:53.679119, -0.76110839843750000000, nan
2023-01-27 16:09:53.679129, -0.77132415771484375000, nan
2023-01-27 16:09:53.779639, -0.81731414794921875000, nan
2023-01-27 16:09:53.779656, -0.84030914306640625000, nan
2023-01-27 16:09:53.880556, -0.84542083740234375000, nan
2023-01-27 16:09:53.880579, -0.82753753662109375000, nan
2023-01-27 16:09:53.981719, -0.76621246337890625000, nan
2023-01-27 16:09:53.981747, -0.70745086669921875000, nan
2023-01-27 16:09:54.080584, -0.62313842773437500000, nan
2023-01-27 16:09:54.080600, -0.56436920166015625000, nan
2023-01-27 16:09:54.179980, -0.46472167968750000000, nan
2023-01-27 16:09:54.179986, -0.39063262939453125000, nan
2023-01-27 16:09:54.280121, -0.28076171875000000000, nan
2023-01-27 16:09:54.280129, -0.22455596923828125000, nan
2023-01-27 16:09:54.381196, -0.14279174804687500000, nan
2023-01-27 16:09:54.381217, -0.07125854492187500000, nan
2023-01-27 16:09:54.480459, 0.09226226806640625000, nan
2023-01-27 16:09:54.480475, 0.22257232666015625000, nan
2023-01-27 16:09:54.585280, 0.40653228759765625000, nan
2023-01-27 16:09:54.585313, 0.52150726318359375000, nan
2023-01-27 16:09:54.680260, 0.67736053466796875000, nan
2023-01-27 16:09:54.680268, 0.78722381591796875000, nan
2023-01-27 16:09:54.782892, 0.95330047607421875000, nan
2023-01-27 16:09:54.782907, 1.05039215087890625000, nan
2023-01-27 16:09:54.881497, 1.17558288574218750000, nan
2023-01-27 16:09:54.881520, 1.24456787109375000000, nan
2023-01-27 16:09:54.981121, 1.35954284667968750000, nan
2023-01-27 16:09:54.981146, 1.42341613769531250000, nan
2023-01-27 16:09:55.086567, 1.48729705810546875000, nan
2023-01-27 16:09:55.086587, 1.53328704833984375000, nan
2023-01-27 16:09:55.182086, 1.59460449218750000000, nan
2023-01-27 16:09:55.182106, 1.61248779296875000000, nan
2023-01-27 16:09:55.280670, 1.58438110351562500000, nan
2023-01-27 16:09:55.280686, 1.53073120117187500000, nan
2023-01-27 16:09:55.380884, 1.43619537353515625000, nan
2023-01-27 16:09:55.380908, 1.35954284667968750000, nan
2023-01-27 16:09:55.482969, 1.21391296386718750000, nan
2023-01-27 16:09:55.482994, 1.11682128906250000000, nan
2023-01-27 16:09:55.581502, 0.97118377685546875000, nan
2023-01-27 16:09:55.581524, 0.88431549072265625000, nan
2023-01-27 16:09:55.680462, 0.76934051513671875000, nan
2023-01-27 16:09:55.680502, 0.71568298339843750000, nan
2023-01-27 16:09:55.780994, 0.64669799804687500000, nan
2023-01-27 16:09:55.781021, 0.58793640136718750000, nan
2023-01-27 16:09:55.880894, 0.49084472656250000000, nan
2023-01-27 16:09:55.880914, 0.42952728271484375000, nan
2023-01-27 16:09:55.980916, 0.35798645019531250000, nan
2023-01-27 16:09:55.980939, 0.31199645996093750000, nan
2023-01-27 16:09:56.085095, 0.20213317871093750000, nan
2023-01-27 16:09:56.085112, 0.11270141601562500000, nan
2023-01-27 16:09:56.181127, 0.01817321777343750000, nan
2023-01-27 16:09:56.181146, -0.01504516601562500000, nan
2023-01-27 16:09:56.280442, -0.04570770263671875000, nan
2023-01-27 16:09:56.280458, -0.07125854492187500000, nan
2023-01-27 16:09:56.380378, -0.12746429443359375000, nan
2023-01-27 16:09:56.380394, -0.18367767333984375000, nan
2023-01-27 16:09:56.481203, -0.27054595947265625000, nan
2023-01-27 16:09:56.481226, -0.31142425537109375000, nan
2023-01-27 16:09:56.580152, -0.36508178710937500000, 16.32970428466796875000
2023-01-27 16:09:56.580166, -0.41618347167968750000, nan
2023-01-27 16:09:56.680611, -0.52349090576171875000, nan
2023-01-27 16:09:56.680640, -0.58225250244140625000, nan
2023-01-27 16:09:56.780561, -0.63079833984375000000, nan
2023-01-27 16:09:56.780574, -0.65379333496093750000, nan
2023-01-27 16:09:56.881212, -0.67678833007812500000, nan
2023-01-27 16:09:56.881227, -0.69212341308593750000, nan
2023-01-27 16:09:56.981461, -0.72789001464843750000, nan
2023-01-27 16:09:56.981486, -0.75599670410156250000, nan
2023-01-27 16:09:57.080945, -0.79431915283203125000, nan
2023-01-27 16:09:57.080966, -0.80454254150390625000, nan
2023-01-27 16:09:57.180458, -0.80964660644531250000, nan
2023-01-27 16:09:57.180472, -0.83519744873046875000, nan
2023-01-27 16:09:57.280626, -0.88629913330078125000, nan
2023-01-27 16:09:57.280647, -0.90673828125000000000, nan
2023-01-27 16:09:57.381753, -0.90673828125000000000, nan
2023-01-27 16:09:57.381774, -0.89141082763671875000, nan
2023-01-27 16:09:57.480928, -0.82498168945312500000, nan
2023-01-27 16:09:57.480957, -0.75855255126953125000, nan
2023-01-27 16:09:57.580986, -0.65634918212890625000, nan
2023-01-27 16:09:57.581009, -0.57714843750000000000, nan
2023-01-27 16:09:57.681346, -0.43151092529296875000, nan
2023-01-27 16:09:57.681369, -0.32420349121093750000, nan
2023-01-27 16:09:57.784801, -0.16068267822265625000, nan
2023-01-27 16:09:57.784829, -0.06103515625000000000, nan
2023-01-27 16:09:57.881055, 0.14336395263671875000, nan
2023-01-27 16:09:57.881074, 0.31710815429687500000, nan
2023-01-27 16:09:57.980763, 0.54194641113281250000, nan
2023-01-27 16:09:57.980783, 0.69013214111328125000, nan
2023-01-27 16:09:58.082989, 0.91242218017578125000, nan
2023-01-27 16:09:58.083031, 1.03505706787109375000, nan
2023-01-27 16:09:58.182728, 1.19857788085937500000, nan
2023-01-27 16:09:58.182750, 1.30333709716796875000, nan
2023-01-27 16:09:58.280401, 1.43875122070312500000, nan
2023-01-27 16:09:58.280415, 1.51539611816406250000, nan
2023-01-27 16:09:58.380562, 1.61759948730468750000, nan
2023-01-27 16:09:58.380576, 1.65336608886718750000, nan
2023-01-27 16:09:58.481206, 1.64570617675781250000, nan
2023-01-27 16:09:58.481223, 1.58693695068359375000, nan
2023-01-27 16:09:58.580604, 1.46174621582031250000, nan
2023-01-27 16:09:58.580622, 1.38764953613281250000, nan
2023-01-27 16:09:58.683869, 1.27523040771484375000, nan
2023-01-27 16:09:58.683883, 1.18580627441406250000, nan
2023-01-27 16:09:58.781776, 1.04016876220703125000, nan
2023-01-27 16:09:58.781806, 0.95841217041015625000, nan
2023-01-27 16:09:58.883687, 0.84599304199218750000, nan
2023-01-27 16:09:58.883706, 0.76167297363281250000, nan
2023-01-27 16:09:58.980678, 0.63137054443359375000, nan
2023-01-27 16:09:58.981285, 0.55216217041015625000, nan
2023-01-27 16:09:59.080561, 0.44996643066406250000, nan
2023-01-27 16:09:59.080577, 0.39119720458984375000, nan
2023-01-27 16:09:59.189895, 0.33499145507812500000, nan
2023-01-27 16:09:59.189915, 0.31710815429687500000, nan
2023-01-27 16:09:59.284598, 0.27111816406250000000, nan
2023-01-27 16:09:59.285163, 0.22767639160156250000, nan
2023-01-27 16:09:59.380554, 0.10248565673828125000, nan
2023-01-27 16:09:59.380568, 0.02838897705078125000, nan
2023-01-27 16:09:59.483110, -0.02781677246093750000, nan
2023-01-27 16:09:59.483139, -0.07125854492187500000, nan
2023-01-27 16:09:59.582133, -0.16834259033203125000, nan
2023-01-27 16:09:59.582149, -0.22966766357421875000, nan
2023-01-27 16:09:59.680331, -0.30120849609375000000, nan
2023-01-27 16:09:59.680347, -0.33441925048828125000, nan
2023-01-27 16:09:59.780410, -0.36252593994140625000, nan
2023-01-27 16:09:59.780428, -0.38296508789062500000, nan
2023-01-27 16:09:59.881098, -0.44172668457031250000, nan
2023-01-27 16:09:59.881124, -0.50049591064453125000, nan
2023-01-27 16:09:59.980326, -0.57969665527343750000, nan
2023-01-27 16:09:59.980340, -0.60780334472656250000, nan
2023-01-27 16:10:00.082059, -0.64102172851562500000, nan
2023-01-27 16:10:00.082075, -0.68445587158203125000, nan
2023-01-27 16:10:00.182262, -0.75855255126953125000, nan
2023-01-27 16:10:00.182283, -0.79687500000000000000, nan
2023-01-27 16:10:00.282472, -0.82753753662109375000, nan
2023-01-27 16:10:00.282492, -0.83519744873046875000, nan
2023-01-27 16:10:00.380399, -0.83264160156250000000, nan
2023-01-27 16:10:00.380424, -0.82753753662109375000, nan
2023-01-27 16:10:00.483594, -0.84030914306640625000, nan
2023-01-27 16:10:00.483607, -0.85819244384765625000, nan
2023-01-27 16:10:00.581845, -0.86841583251953125000, nan
2023-01-27 16:10:00.581873, -0.84797668457031250000, nan
2023-01-27 16:10:00.682246, -0.77899169921875000000, nan
2023-01-27 16:10:00.682266, -0.73300170898437500000, nan
2023-01-27 16:10:00.780313, -0.66401672363281250000, nan
2023-01-27 16:10:00.780328, -0.59758758544921875000, nan
2023-01-27 16:10:00.881359, -0.46727752685546875000, nan
2023-01-27 16:10:00.881386, -0.37529754638671875000, nan
2023-01-27 16:10:00.982081, -0.24243927001953125000, nan
2023-01-27 16:10:00.982104, -0.14279174804687500000, nan
2023-01-27 16:10:01.082280, -0.00737762451171875000, nan
2023-01-27 16:10:01.082295, 0.11525726318359375000, nan
2023-01-27 16:10:01.182564, 0.30944061279296875000, nan
2023-01-27 16:10:01.182582, 0.40653228759765625000, nan
2023-01-27 16:10:01.284777, 0.54705810546875000000, nan
2023-01-27 16:10:01.284812, 0.62881469726562500000, nan
2023-01-27 16:10:01.382673, 0.76422882080078125000, nan
2023-01-27 16:10:01.382697, 0.85876464843750000000, nan
2023-01-27 16:10:01.487686, 0.99162292480468750000, nan
2023-01-27 16:10:01.487708, 1.08360290527343750000, nan
2023-01-27 16:10:01.590626, 1.22668457031250000000, nan
2023-01-27 16:10:01.590640, 1.30589294433593750000, nan
2023-01-27 16:10:01.686765, 1.38764953613281250000, nan
2023-01-27 16:10:01.686783, 1.41064453125000000000, nan
2023-01-27 16:10:01.781995, 1.39531707763671875000, nan
2023-01-27 16:10:01.782018, 1.36209869384765625000, nan
2023-01-27 16:10:01.883285, 1.25990295410156250000, nan
2023-01-27 16:10:01.883315, 1.15769958496093750000, nan
2023-01-27 16:10:01.982794, 1.01461791992187500000, nan
2023-01-27 16:10:01.982816, 0.92263793945312500000, nan
2023-01-27 16:10:02.081968, 0.77445220947265625000, nan
2023-01-27 16:10:02.081981, 0.70035552978515625000, nan
2023-01-27 16:10:02.183274, 0.63648223876953125000, nan
2023-01-27 16:10:02.183296, 0.60070800781250000000, nan
2023-01-27 16:10:02.281988, 0.51895141601562500000, nan
2023-01-27 16:10:02.282010, 0.46018218994140625000, nan
2023-01-27 16:10:02.381644, 0.39119720458984375000, nan
2023-01-27 16:10:02.381656, 0.35031890869140625000, nan
2023-01-27 16:10:02.481721, 0.27877807617187500000, nan
2023-01-27 16:10:02.481735, 0.19957733154296875000, nan
2023-01-27 16:10:02.582507, 0.06416320800781250000, nan
2023-01-27 16:10:02.582524, -0.00227355957031250000, nan
2023-01-27 16:10:02.681865, -0.05592346191406250000, nan
2023-01-27 16:10:02.681883, -0.07636260986328125000, nan
2023-01-27 16:10:02.782310, -0.08658599853515625000, nan
2023-01-27 16:10:02.782335, -0.10702514648437500000, nan
2023-01-27 16:10:02.884461, -0.16578674316406250000, nan
2023-01-27 16:10:02.884491, -0.20922851562500000000, nan
2023-01-27 16:10:02.982199, -0.27310180664062500000, nan
2023-01-27 16:10:02.982223, -0.30120849609375000000, nan
2023-01-27 16:10:03.082806, -0.35230255126953125000, nan
2023-01-27 16:10:03.082821, -0.41618347167968750000, nan
2023-01-27 16:10:03.181903, -0.52604675292968750000, nan
2023-01-27 16:10:03.181924, -0.58992004394531250000, nan
2023-01-27 16:10:03.281381, -0.65123748779296875000, nan
2023-01-27 16:10:03.281396, -0.67423248291015625000, nan
2023-01-27 16:10:03.381643, -0.69722747802734375000, nan
2023-01-27 16:10:03.381668, -0.71511840820312500000, nan
2023-01-27 16:10:03.481272, -0.75855255126953125000, nan
2023-01-27 16:10:03.481309, -0.79176330566406250000, nan
2023-01-27 16:10:03.583123, -0.83009338378906250000, nan
2023-01-27 16:10:03.583146, -0.84542083740234375000, nan
2023-01-27 16:10:03.682091, -0.84542083740234375000, nan
2023-01-27 16:10:03.682114, -0.86585998535156250000, nan
2023-01-27 16:10:03.781394, -0.91951751708984375000, nan
2023-01-27 16:10:03.781411, -0.94506835937500000000, nan
2023-01-27 16:10:03.882110, -0.96039581298828125000, nan
2023-01-27 16:10:03.882135, -0.95272827148437500000, nan
2023-01-27 16:10:03.981675, -0.91951751708984375000, nan
2023-01-27 16:10:03.981699, -0.87863159179687500000, nan
2023-01-27 16:10:04.081903, -0.80709838867187500000, nan
2023-01-27 16:10:04.081929, -0.75344085693359375000, nan
2023-01-27 16:10:04.181045, -0.64868164062500000000, nan
2023-01-27 16:10:04.181055, -0.55415344238281250000, nan
2023-01-27 16:10:04.281359, -0.38552093505859375000, nan
2023-01-27 16:10:04.281377, -0.29098510742187500000, nan
2023-01-27 16:10:04.382259, -0.17345428466796875000, nan
2023-01-27 16:10:04.382284, -0.08403015136718750000, nan
2023-01-27 16:10:04.482793, 0.10248565673828125000, nan
2023-01-27 16:10:04.482817, 0.24301147460937500000, nan
2023-01-27 16:10:04.581939, 0.42697143554687500000, nan
2023-01-27 16:10:04.581972, 0.53427886962890625000, nan
2023-01-27 16:10:04.681445, 0.68757629394531250000, nan
2023-01-27 16:10:04.681463, 0.78722381591796875000, nan
2023-01-27 16:10:04.781678, 0.93030548095703125000, nan
2023-01-27 16:10:04.781706, 1.01717376708984375000, nan
2023-01-27 16:10:04.881403, 1.13726043701171875000, nan
2023-01-27 16:10:04.881421, 1.21135711669921875000, nan
2023-01-27 16:10:04.982005, 1.28289794921875000000, nan
2023-01-27 16:10:04.982025, 1.30844116210937500000, nan
2023-01-27 16:10:05.082008, 1.30078125000000000000, nan
2023-01-27 16:10:05.082032, 1.25479125976562500000, nan
2023-01-27 16:10:05.183589, 1.17813873291015625000, nan
2023-01-27 16:10:05.183621, 1.12703704833984375000, nan
2023-01-27 16:10:05.281800, 1.01206207275390625000, nan
2023-01-27 16:10:05.281824, 0.91752624511718750000, nan
2023-01-27 16:10:05.388412, 0.75911712646484375000, nan
2023-01-27 16:10:05.388431, 0.66713714599609375000, nan
2023-01-27 16:10:05.482493, 0.54960632324218750000, nan
2023-01-27 16:10:05.482521, 0.46273803710937500000, nan
2023-01-27 16:10:05.581631, 0.33243560791015625000, nan
2023-01-27 16:10:05.581654, 0.26345062255859375000, nan
2023-01-27 16:10:05.683000, 0.14336395263671875000, nan
2023-01-27 16:10:05.683024, 0.06416320800781250000, nan
2023-01-27 16:10:05.782716, 0.01050567626953125000, nan
2023-01-27 16:10:05.782742, -0.00482177734375000000, nan
2023-01-27 16:10:05.884472, -0.04315185546875000000, nan
2023-01-27 16:10:05.884494, -0.08147430419921875000, nan
2023-01-27 16:10:05.981692, -0.14534759521484375000, nan
2023-01-27 16:10:05.981716, -0.18112182617187500000, nan
2023-01-27 16:10:06.081844, -0.22200012207031250000, nan
2023-01-27 16:10:06.081857, -0.26543426513671875000, nan
2023-01-27 16:10:06.181868, -0.35997009277343750000, nan
2023-01-27 16:10:06.181896, -0.41362762451171875000, nan
2023-01-27 16:10:06.281359, -0.46217346191406250000, nan
2023-01-27 16:10:06.281383, -0.48516845703125000000, nan
2023-01-27 16:10:06.381572, -0.50305175781250000000, nan
2023-01-27 16:10:06.381592, -0.52093505859375000000, nan
2023-01-27 16:10:06.484492, -0.57459259033203125000, nan
2023-01-27 16:10:06.484523, -0.61291503906250000000, nan
2023-01-27 16:10:06.581298, -0.65634918212890625000, 16.12903213500976562500
2023-01-27 16:10:06.581314, -0.67934417724609375000, nan
2023-01-27 16:10:06.682897, -0.69722747802734375000, nan
2023-01-27 16:10:06.682946, -0.71766662597656250000, nan
2023-01-27 16:10:06.781229, -0.79176330566406250000, nan
2023-01-27 16:10:06.781243, -0.82753753662109375000, nan
2023-01-27 16:10:06.882034, -0.85308837890625000000, nan
2023-01-27 16:10:06.882054, -0.85563659667968750000, nan
2023-01-27 16:10:06.982718, -0.84286499023437500000, nan
2023-01-27 16:10:06.982745, -0.83519744873046875000, nan
2023-01-27 16:10:07.081740, -0.83775329589843750000, nan
2023-01-27 16:10:07.081759, -0.85563659667968750000, nan
2023-01-27 16:10:07.181129, -0.87352752685546875000, nan
2023-01-27 16:10:07.181143, -0.88118743896484375000, nan
2023-01-27 16:10:07.284407, -0.87097167968750000000, nan
2023-01-27 16:10:07.284429, -0.86841583251953125000, nan
2023-01-27 16:10:07.381374, -0.89396667480468750000, nan
2023-01-27 16:10:07.381391, -0.88885498046875000000, nan
2023-01-27 16:10:07.486405, -0.82753753662109375000, nan
2023-01-27 16:10:07.486423, -0.75599670410156250000, nan
2023-01-27 16:10:07.581713, -0.60524749755859375000, nan
2023-01-27 16:10:07.581739, -0.48516845703125000000, nan
2023-01-27 16:10:07.681367, -0.31142425537109375000, nan
2023-01-27 16:10:07.681399, -0.21433258056640625000, nan
2023-01-27 16:10:07.782099, -0.06614685058593750000, nan
2023-01-27 16:10:07.782180, 0.04627227783203125000, nan
2023-01-27 16:10:07.881825, 0.24556732177734375000, nan
2023-01-27 16:10:07.881850, 0.36054229736328125000, nan
2023-01-27 16:10:07.982030, 0.49084472656250000000, nan
2023-01-27 16:10:07.982053, 0.57260131835937500000, nan
2023-01-27 16:10:08.081308, 0.71568298339843750000, nan
2023-01-27 16:10:08.081326, 0.82810211181640625000, nan
2023-01-27 16:10:08.181598, 1.00440216064453125000, nan
2023-01-27 16:10:08.181621, 1.11937713623046875000, nan
2023-01-27 16:10:08.283194, 1.27267456054687500000, nan
2023-01-27 16:10:08.283216, 1.34421539306640625000, nan
2023-01-27 16:10:08.382300, 1.39276123046875000000, nan
2023-01-27 16:10:08.382312, 1.36976623535156250000, nan
2023-01-27 16:10:08.482925, 1.24967956542968750000, nan
2023-01-27 16:10:08.482942, 1.13470458984375000000, nan
2023-01-27 16:10:08.582688, 0.95330047607421875000, nan
2023-01-27 16:10:08.582710, 0.83065795898437500000, nan
2023-01-27 16:10:08.682166, 0.66203308105468750000, nan
2023-01-27 16:10:08.682178, 0.57005310058593750000, nan
2023-01-27 16:10:08.783070, 0.46784973144531250000, nan
2023-01-27 16:10:08.783091, 0.42441558837890625000, nan
2023-01-27 16:10:08.883438, 0.36054229736328125000, nan
2023-01-27 16:10:08.883462, 0.30688476562500000000, nan
2023-01-27 16:10:08.983454, 0.20723724365234375000, nan
2023-01-27 16:10:08.983481, 0.12036895751953125000, nan
2023-01-27 16:10:09.082289, 0.02583312988281250000, nan
2023-01-27 16:10:09.082303, -0.01760101318359375000, nan
2023-01-27 16:10:09.182840, -0.10446929931640625000, nan
2023-01-27 16:10:09.182859, -0.15812683105468750000, nan
2023-01-27 16:10:09.283174, -0.21944427490234375000, nan
2023-01-27 16:10:09.283195, -0.24755096435546875000, nan
2023-01-27 16:10:09.382707, -0.26287841796875000000, nan
2023-01-27 16:10:09.382733, -0.26543426513671875000, nan
2023-01-27 16:10:09.482040, -0.28076171875000000000, nan
2023-01-27 16:10:09.482052, -0.30631256103515625000, nan
2023-01-27 16:10:09.588546, -0.35485839843750000000, nan
2023-01-27 16:10:09.588563, -0.38552093505859375000, nan
2023-01-27 16:10:09.683946, -0.41873168945312500000, nan
2023-01-27 16:10:09.683966, -0.43662261962890625000, nan
2023-01-27 16:10:09.784150, -0.51326751708984375000, nan
2023-01-27 16:10:09.784165, -0.57459259033203125000, nan
2023-01-27 16:10:09.885118, -0.62568664550781250000, nan
2023-01-27 16:10:09.885155, -0.64868164062500000000, nan
2023-01-27 16:10:09.983048, -0.66146087646484375000, nan
2023-01-27 16:10:09.983073, -0.66146087646484375000, nan
2023-01-27 16:10:10.083448, -0.66657257080078125000, nan
2023-01-27 16:10:10.083478, -0.68701171875000000000, nan
2023-01-27 16:10:10.182651, -0.73044586181640625000, nan
2023-01-27 16:10:10.182678, -0.75088500976562500000, nan
2023-01-27 16:10:10.282542, -0.76876831054687500000, nan
2023-01-27 16:10:10.282558, -0.76876831054687500000, nan
2023-01-27 16:10:10.382606, -0.78665161132812500000, nan
2023-01-27 16:10:10.382646, -0.81986999511718750000, nan
2023-01-27 16:10:10.484667, -0.85053253173828125000, nan
2023-01-27 16:10:10.484690, -0.84797668457031250000, nan
2023-01-27 16:10:10.582332, -0.81220245361328125000, nan
2023-01-27 16:10:10.582347, -0.75599670410156250000, nan
2023-01-27 16:10:10.683143, -0.62824249267578125000, nan
2023-01-27 16:10:10.683159, -0.53115844726562500000, nan
2023-01-27 16:10:10.782898, -0.39573669433593750000, nan
2023-01-27 16:10:10.782921, -0.30375671386718750000, nan
2023-01-27 16:10:10.882321, -0.16578674316406250000, nan
2023-01-27 16:10:10.882332, -0.06359100341796875000, nan
2023-01-27 16:10:10.983458, 0.14591979980468750000, nan
2023-01-27 16:10:10.983479, 0.26600646972656250000, nan
2023-01-27 16:10:11.082522, 0.39886474609375000000, nan
2023-01-27 16:10:11.082536, 0.49084472656250000000, nan
2023-01-27 16:10:11.182528, 0.62625885009765625000, nan
2023-01-27 16:10:11.182550, 0.73612213134765625000, nan
2023-01-27 16:10:11.282827, 0.92263793945312500000, nan
2023-01-27 16:10:11.282852, 1.03250122070312500000, nan
2023-01-27 16:10:11.382406, 1.15769958496093750000, nan
2023-01-27 16:10:11.382423, 1.23179626464843750000, nan
2023-01-27 16:10:11.483868, 1.32122039794921875000, nan
2023-01-27 16:10:11.483890, 1.36976623535156250000, nan
2023-01-27 16:10:11.587486, 1.39531707763671875000, nan
2023-01-27 16:10:11.587514, 1.37232208251953125000, nan
2023-01-27 16:10:11.682094, 1.34421539306640625000, nan
2023-01-27 16:10:11.682109, 1.31866455078125000000, nan
2023-01-27 16:10:11.782505, 1.26500701904296875000, nan
2023-01-27 16:10:11.782525, 1.22924041748046875000, nan
2023-01-27 16:10:11.883220, 1.17813873291015625000, nan
2023-01-27 16:10:11.883252, 1.12959289550781250000, nan
2023-01-27 16:10:11.982357, 1.03505706787109375000, nan
2023-01-27 16:10:11.982372, 0.97373962402343750000, nan
2023-01-27 16:10:12.082230, 0.89198303222656250000, nan
2023-01-27 16:10:12.082247, 0.83576965332031250000, nan
2023-01-27 16:10:12.182485, 0.72590637207031250000, nan
2023-01-27 16:10:12.182501, 0.64414215087890625000, nan
2023-01-27 16:10:12.284264, 0.54194641113281250000, nan
2023-01-27 16:10:12.284285, 0.47040557861328125000, nan
2023-01-27 16:10:12.383102, 0.37075805664062500000, nan
2023-01-27 16:10:12.383133, 0.32221221923828125000, nan
2023-01-27 16:10:12.482272, 0.28644561767578125000, nan
2023-01-27 16:10:12.482295, 0.26089477539062500000, nan
2023-01-27 16:10:12.582541, 0.16380310058593750000, nan
2023-01-27 16:10:12.582564, 0.07693481445312500000, nan
2023-01-27 16:10:12.682801, -0.01248931884765625000, nan
2023-01-27 16:10:12.682815, -0.05592346191406250000, nan
2023-01-27 16:10:12.782476, -0.10702514648437500000, nan
2023-01-27 16:10:12.782494, -0.15557098388671875000, nan
2023-01-27 16:10:12.885055, -0.23477172851562500000, nan
2023-01-27 16:10:12.885077, -0.28331756591796875000, nan
2023-01-27 16:10:12.982679, -0.34208679199218750000, nan
2023-01-27 16:10:12.982699, -0.36252593994140625000, nan
2023-01-27 16:10:13.082767, -0.38040924072265625000, nan
2023-01-27 16:10:13.082791, -0.39573669433593750000, nan
2023-01-27 16:10:13.182092, -0.44428253173828125000, nan
2023-01-27 16:10:13.182110, -0.48771667480468750000, nan
2023-01-27 16:10:13.283463, -0.55670166015625000000, nan
2023-01-27 16:10:13.283486, -0.58736419677734375000, nan
2023-01-27 16:10:13.383525, -0.62058258056640625000, nan
2023-01-27 16:10:13.383546, -0.65123748779296875000, nan
2023-01-27 16:10:13.482491, -0.72533416748046875000, nan
2023-01-27 16:10:13.482507, -0.76876831054687500000, nan
2023-01-27 16:10:13.582684, -0.81220245361328125000, nan
2023-01-27 16:10:13.582706, -0.82242584228515625000, nan
2023-01-27 16:10:13.682239, -0.82242584228515625000, nan
2023-01-27 16:10:13.682257, -0.81986999511718750000, nan
2023-01-27 16:10:13.782689, -0.82498168945312500000, nan
2023-01-27 16:10:13.782715, -0.84286499023437500000, nan
2023-01-27 16:10:13.883714, -0.86074829101562500000, nan
2023-01-27 16:10:13.883734, -0.85053253173828125000, nan
2023-01-27 16:10:13.978057, -0.79431915283203125000, nan
2023-01-27 16:10:13.978077, -0.73811340332031250000, nan
2023-01-27 16:10:14.079341, -0.66657257080078125000, nan
2023-01-27 16:10:14.079364, -0.61802673339843750000, nan
2023-01-27 16:10:14.182649, -0.50049591064453125000, nan
2023-01-27 16:10:14.182669, -0.40340423583984375000, nan
2023-01-27 16:10:14.278904, -0.24755096435546875000, nan
2023-01-27 16:10:14.278931, -0.13257598876953125000, nan
2023-01-27 16:10:14.381838, 0.05649566650390625000, nan
2023-01-27 16:10:14.381866, 0.19702148437500000000, nan
2023-01-27 16:10:14.479449, 0.38609313964843750000, nan
2023-01-27 16:10:14.479475, 0.48317718505859375000, nan
2023-01-27 16:10:14.579095, 0.62625885009765625000, nan
2023-01-27 16:10:14.579118, 0.71823883056640625000, nan
2023-01-27 16:10:14.683470, 0.84854125976562500000, nan
2023-01-27 16:10:14.683495, 0.93030548095703125000, nan
2023-01-27 16:10:14.779193, 1.04528045654296875000, nan
2023-01-27 16:10:14.779219, 1.12703704833984375000, nan
2023-01-27 16:10:14.883418, 1.23435211181640625000, nan
2023-01-27 16:10:14.883441, 1.30589294433593750000, nan
2023-01-27 16:10:14.978899, 1.38764953613281250000, nan
2023-01-27 16:10:14.978919, 1.38764953613281250000, nan
2023-01-27 16:10:15.081191, 1.29822540283203125000, nan
2023-01-27 16:10:15.081204, 1.21135711669921875000, nan
2023-01-27 16:10:15.180936, 1.06827545166015625000, nan
2023-01-27 16:10:15.180961, 0.96862792968750000000, nan
2023-01-27 16:10:15.278660, 0.80766296386718750000, nan
2023-01-27 16:10:15.278676, 0.70035552978515625000, nan
2023-01-27 16:10:15.379114, 0.55982971191406250000, nan
2023-01-27 16:10:15.379140, 0.48062133789062500000, nan
2023-01-27 16:10:15.478960, 0.38864135742187500000, nan
2023-01-27 16:10:15.478983, 0.34776306152343750000, nan
2023-01-27 16:10:15.579038, 0.29411315917968750000, nan
2023-01-27 16:10:15.579060, 0.22512817382812500000, nan
2023-01-27 16:10:15.680408, 0.09481811523437500000, nan
2023-01-27 16:10:15.680437, 0.03350067138671875000, nan
2023-01-27 16:10:15.778320, -0.02781677246093750000, nan
2023-01-27 16:10:15.778335, -0.06614685058593750000, nan
2023-01-27 16:10:15.879355, -0.14279174804687500000, nan
2023-01-27 16:10:15.879392, -0.20156097412109375000, nan
2023-01-27 16:10:15.980141, -0.27310180664062500000, nan
2023-01-27 16:10:15.980160, -0.30886840820312500000, nan
2023-01-27 16:10:16.078636, -0.34208679199218750000, nan
2023-01-27 16:10:16.078671, -0.35741424560546875000, nan
2023-01-27 16:10:16.178341, -0.38040924072265625000, nan
2023-01-27 16:10:16.178358, -0.41107177734375000000, nan
2023-01-27 16:10:16.278757, -0.48005676269531250000, nan
2023-01-27 16:10:16.278947, -0.53115844726562500000, nan
2023-01-27 16:10:16.379091, -0.58225250244140625000, nan
2023-01-27 16:10:16.379404, -0.59758758544921875000, nan
2023-01-27 16:10:16.486446, -0.63335418701171875000, nan
2023-01-27 16:10:16.486462, -0.68445587158203125000, nan
2023-01-27 16:10:16.579254, -0.75855255126953125000, 17.34103965759277343750
2023-01-27 16:10:16.579273, -0.78920745849609375000, nan
2023-01-27 16:10:16.681660, -0.81986999511718750000, nan
2023-01-27 16:10:16.681675, -0.83009338378906250000, nan
2023-01-27 16:10:16.779235, -0.83009338378906250000, nan
2023-01-27 16:10:16.779261, -0.83264160156250000000, nan
2023-01-27 16:10:16.878950, -0.85819244384765625000, nan
2023-01-27 16:10:16.878973, -0.88374328613281250000, nan
2023-01-27 16:10:16.979984, -0.90418243408203125000, nan
2023-01-27 16:10:16.980005, -0.90418243408203125000, nan
2023-01-27 16:10:17.079033, -0.89396667480468750000, nan
2023-01-27 16:10:17.079081, -0.90162658691406250000, nan
2023-01-27 16:10:17.179037, -0.93995666503906250000, nan
2023-01-27 16:10:17.179056, -0.95528411865234375000, nan
2023-01-27 16:10:17.280249, -0.93740081787109375000, nan
2023-01-27 16:10:17.280270, -0.89141082763671875000, nan
2023-01-27 16:10:17.378907, -0.77388000488281250000, nan
2023-01-27 16:10:17.378930, -0.68190002441406250000, nan
2023-01-27 16:10:17.479342, -0.53626251220703125000, nan
2023-01-27 16:10:17.479366, -0.44683837890625000000, nan
2023-01-27 16:10:17.578340, -0.30886840820312500000, nan
2023-01-27 16:10:17.578356, -0.21177673339843750000, nan
2023-01-27 16:10:17.679460, -0.04826354980468750000, nan
2023-01-27 16:10:17.679492, 0.09992980957031250000, nan
2023-01-27 16:10:17.779871, 0.30432891845703125000, nan
2023-01-27 16:10:17.779895, 0.38864135742187500000, nan
2023-01-27 16:10:17.880009, 0.51128387451171875000, nan
2023-01-27 16:10:17.880037, 0.60581970214843750000, nan
2023-01-27 16:10:17.979480, 0.77955627441406250000, nan
2023-01-27 16:10:17.979494, 0.91497802734375000000, nan
2023-01-27 16:10:18.078329, 1.08615875244140625000, nan
2023-01-27 16:10:18.078349, 1.17302703857421875000, nan
2023-01-27 16:10:18.179347, 1.28034210205078125000, nan
2023-01-27 16:10:18.179379, 1.32377624511718750000, nan
2023-01-27 16:10:18.280082, 1.33143615722656250000, nan
2023-01-27 16:10:18.280103, 1.28544616699218750000, nan
2023-01-27 16:10:18.379073, 1.17302703857421875000, nan
2023-01-27 16:10:18.379097, 1.08104705810546875000, nan
2023-01-27 16:10:18.478177, 0.92519378662109375000, nan
2023-01-27 16:10:18.478190, 0.80255126953125000000, nan
2023-01-27 16:10:18.581622, 0.62625885009765625000, nan
2023-01-27 16:10:18.581663, 0.55982971191406250000, nan
2023-01-27 16:10:18.679050, 0.48062133789062500000, nan
2023-01-27 16:10:18.679269, 0.42185974121093750000, nan
2023-01-27 16:10:18.780737, 0.31455230712890625000, nan
2023-01-27 16:10:18.780755, 0.24812316894531250000, nan
2023-01-27 16:10:18.879779, 0.11270141601562500000, nan
2023-01-27 16:10:18.879813, 0.03605651855468750000, nan
2023-01-27 16:10:18.979007, -0.03548431396484375000, nan
2023-01-27 16:10:18.979033, -0.09935760498046875000, nan
2023-01-27 16:10:19.081683, -0.18112182617187500000, nan
2023-01-27 16:10:19.081706, -0.22455596923828125000, nan
2023-01-27 16:10:19.179608, -0.27310180664062500000, nan
2023-01-27 16:10:19.179638, -0.28587341308593750000, nan
2023-01-27 16:10:19.278745, -0.29354095458984375000, nan
2023-01-27 16:10:19.278765, -0.30886840820312500000, nan
2023-01-27 16:10:19.378047, -0.35741424560546875000, nan
2023-01-27 16:10:19.378060, -0.39063262939453125000, nan
2023-01-27 16:10:19.486126, -0.43406677246093750000, nan
2023-01-27 16:10:19.486134, -0.44939422607421875000, nan
2023-01-27 16:10:19.579401, -0.48261260986328125000, nan
2023-01-27 16:10:19.579416, -0.53881835937500000000, nan
2023-01-27 16:10:19.678247, -0.62313842773437500000, nan
2023-01-27 16:10:19.678261, -0.65634918212890625000, nan
2023-01-27 16:10:19.779211, -0.68701171875000000000, nan
2023-01-27 16:10:19.779231, -0.69212341308593750000, nan
2023-01-27 16:10:19.885619, -0.69722747802734375000, nan
2023-01-27 16:10:19.885642, -0.71000671386718750000, nan
2023-01-27 16:10:19.978259, -0.74321746826171875000, nan
2023-01-27 16:10:19.978276, -0.77132415771484375000, nan
2023-01-27 16:10:20.079808, -0.79943084716796875000, nan
2023-01-27 16:10:20.079830, -0.80709838867187500000, nan
2023-01-27 16:10:20.179917, -0.81475830078125000000, nan
2023-01-27 16:10:20.179937, -0.84286499023437500000, nan
2023-01-27 16:10:20.279067, -0.88885498046875000000, nan
2023-01-27 16:10:20.279090, -0.90418243408203125000, nan
2023-01-27 16:10:20.380493, -0.90673828125000000000, nan
2023-01-27 16:10:20.380519, -0.88885498046875000000, nan
2023-01-27 16:10:20.478973, -0.82498168945312500000, nan
2023-01-27 16:10:20.478996, -0.76110839843750000000, nan
2023-01-27 16:10:20.578315, -0.65890502929687500000, nan
2023-01-27 16:10:20.578333, -0.58736419677734375000, nan
2023-01-27 16:10:20.679279, -0.45450592041015625000, nan
2023-01-27 16:10:20.679299, -0.36508178710937500000, nan
2023-01-27 16:10:20.779691, -0.21433258056640625000, nan
2023-01-27 16:10:20.779754, -0.10958099365234375000, nan
2023-01-27 16:10:20.882127, 0.02072143554687500000, nan
2023-01-27 16:10:20.882149, 0.14591979980468750000, nan
2023-01-27 16:10:20.979076, 0.34010314941406250000, nan
2023-01-27 16:10:20.979100, 0.44229888916015625000, nan
2023-01-27 16:10:21.084268, 0.62114715576171875000, nan
2023-01-27 16:10:21.084298, 0.75656127929687500000, nan
2023-01-27 16:10:21.179088, 0.93030548095703125000, nan
2023-01-27 16:10:21.179118, 1.01461791992187500000, nan
2023-01-27 16:10:21.279167, 1.12703704833984375000, nan
2023-01-27 16:10:21.279193, 1.19346618652343750000, nan
2023-01-27 16:10:21.382647, 1.26245117187500000000, nan
2023-01-27 16:10:21.382667, 1.27011871337890625000, nan
2023-01-27 16:10:21.484280, 1.23179626464843750000, nan
2023-01-27 16:10:21.484300, 1.18580627441406250000, nan
2023-01-27 16:10:21.577949, 1.08615875244140625000, nan
2023-01-27 16:10:21.577961, 1.00695800781250000000, nan
2023-01-27 16:10:21.681826, 0.91752624511718750000, nan
2023-01-27 16:10:21.681849, 0.86643218994140625000, nan
2023-01-27 16:10:21.780221, 0.74634552001953125000, nan
2023-01-27 16:10:21.780242, 0.65692138671875000000, nan
2023-01-27 16:10:21.881139, 0.54194641113281250000, nan
2023-01-27 16:10:21.881164, 0.47040557861328125000, nan
2023-01-27 16:10:21.979511, 0.37075805664062500000, nan
2023-01-27 16:10:21.979535, 0.29921722412109375000, nan
2023-01-27 16:10:22.080272, 0.12292480468750000000, nan
2023-01-27 16:10:22.080301, 0.01306152343750000000, nan
2023-01-27 16:10:22.181261, -0.08147430419921875000, nan
2023-01-27 16:10:22.181285, -0.13002014160156250000, nan
2023-01-27 16:10:22.279890, -0.17345428466796875000, nan
2023-01-27 16:10:22.279909, -0.19389343261718750000, nan
2023-01-27 16:10:22.380084, -0.23988342285156250000, nan
2023-01-27 16:10:22.380106, -0.28076171875000000000, nan
2023-01-27 16:10:22.485219, -0.34719848632812500000, nan
2023-01-27 16:10:22.485235, -0.39063262939453125000, nan
2023-01-27 16:10:22.580010, -0.43917846679687500000, nan
2023-01-27 16:10:22.580042, -0.48005676269531250000, nan
2023-01-27 16:10:22.683654, -0.58736419677734375000, nan
2023-01-27 16:10:22.683675, -0.64868164062500000000, nan
2023-01-27 16:10:22.779236, -0.71256256103515625000, nan
2023-01-27 16:10:22.779251, -0.74577331542968750000, nan
2023-01-27 16:10:22.880675, -0.76876831054687500000, nan
2023-01-27 16:10:22.880697, -0.77388000488281250000, nan
2023-01-27 16:10:22.980734, -0.79176330566406250000, nan
2023-01-27 16:10:22.980758, -0.81475830078125000000, nan
2023-01-27 16:10:23.079417, -0.84542083740234375000, nan
2023-01-27 16:10:23.079427, -0.86330413818359375000, nan
2023-01-27 16:10:23.180726, -0.86841583251953125000, nan
2023-01-27 16:10:23.180754, -0.87097167968750000000, nan
2023-01-27 16:10:23.282083, -0.90929412841796875000, nan
2023-01-27 16:10:23.282101, -0.94506835937500000000, nan
2023-01-27 16:10:23.384070, -0.97061157226562500000, nan
2023-01-27 16:10:23.384090, -0.97061157226562500000, nan
2023-01-27 16:10:23.480268, -0.93484497070312500000, nan
2023-01-27 16:10:23.480282, -0.88118743896484375000, nan
2023-01-27 16:10:23.580337, -0.77132415771484375000, nan
2023-01-27 16:10:23.580358, -0.68956756591796875000, nan
2023-01-27 16:10:23.680830, -0.55670166015625000000, nan
2023-01-27 16:10:23.680850, -0.45450592041015625000, nan
2023-01-27 16:10:23.779867, -0.27821350097656250000, nan
2023-01-27 16:10:23.779890, -0.15812683105468750000, nan
2023-01-27 16:10:23.879163, 0.01561737060546875000, nan
2023-01-27 16:10:23.879174, 0.14336395263671875000, nan
2023-01-27 16:10:23.980291, 0.32732391357421875000, nan
2023-01-27 16:10:23.980306, 0.42952728271484375000, nan
2023-01-27 16:10:24.081306, 0.59049224853515625000, nan
2023-01-27 16:10:24.081322, 0.71057128906250000000, nan
2023-01-27 16:10:24.180639, 0.88942718505859375000, nan
2023-01-27 16:10:24.180658, 0.98140716552734375000, nan
2023-01-27 16:10:24.281913, 1.09638214111328125000, nan
2023-01-27 16:10:24.281933, 1.16025543212890625000, nan
2023-01-27 16:10:24.379533, 1.23945617675781250000, nan
2023-01-27 16:10:24.379547, 1.25479125976562500000, nan
2023-01-27 16:10:24.481714, 1.20880126953125000000, nan
2023-01-27 16:10:24.481731, 1.13726043701171875000, nan
2023-01-27 16:10:24.579074, 0.99162292480468750000, nan
2023-01-27 16:10:24.579091, 0.88175964355468750000, nan
2023-01-27 16:10:24.680339, 0.70802307128906250000, nan
2023-01-27 16:10:24.680353, 0.62370300292968750000, nan
2023-01-27 16:10:24.781116, 0.53427886962890625000, nan
2023-01-27 16:10:24.781138, 0.46529388427734375000, nan
2023-01-27 16:10:24.880220, 0.35543060302734375000, nan
2023-01-27 16:10:24.880240, 0.29155731201171875000, nan
2023-01-27 16:10:24.980093, 0.18168640136718750000, nan
2023-01-27 16:10:24.980116, 0.09992980957031250000, nan
2023-01-27 16:10:25.079372, -0.01248931884765625000, nan
2023-01-27 16:10:25.079391, -0.07891845703125000000, nan
2023-01-27 16:10:25.179748, -0.17601013183593750000, nan
2023-01-27 16:10:25.179772, -0.23222351074218750000, nan
2023-01-27 16:10:25.280190, -0.29098510742187500000, nan
2023-01-27 16:10:25.280203, -0.31142425537109375000, nan
2023-01-27 16:10:25.379488, -0.32675170898437500000, nan
2023-01-27 16:10:25.379502, -0.34464263916015625000, nan
2023-01-27 16:10:25.478984, -0.39318847656250000000, nan
2023-01-27 16:10:25.478994, -0.42639923095703125000, nan
2023-01-27 16:10:25.579650, -0.46727752685546875000, nan
2023-01-27 16:10:25.579669, -0.48261260986328125000, nan
2023-01-27 16:10:25.680208, -0.51582336425781250000, nan
2023-01-27 16:10:25.680232, -0.56181335449218750000, nan
2023-01-27 16:10:25.779464, -0.63079833984375000000, nan
2023-01-27 16:10:25.779479, -0.66401672363281250000, nan
2023-01-27 16:10:25.880306, -0.68956756591796875000, nan
2023-01-27 16:10:25.880322, -0.69212341308593750000, nan
2023-01-27 16:10:25.980837, -0.68956756591796875000, nan
2023-01-27 16:10:25.980855, -0.68956756591796875000, nan
2023-01-27 16:10:26.080921, -0.72789001464843750000, nan
2023-01-27 16:10:26.080938, -0.76621246337890625000, nan
2023-01-27 16:10:26.179387, -0.81731414794921875000, nan
2023-01-27 16:10:26.179400, -0.84286499023437500000, nan
2023-01-27 16:10:26.280801, -0.86841583251953125000, nan
2023-01-27 16:10:26.280821, -0.89396667480468750000, nan
2023-01-27 16:10:26.379323, -0.95272827148437500000, nan
2023-01-27 16:10:26.379333, -0.97827911376953125000, nan
2023-01-27 16:10:26.479322, -0.99105834960937500000, nan
2023-01-27 16:10:26.479343, -0.99105834960937500000, nan
2023-01-27 16:10:26.579102, -0.97316741943359375000, 18.47574996948242187500
2023-01-27 16:10:26.579117, -0.95528411865234375000, nan
2023-01-27 16:10:26.678925, -0.92717742919921875000, nan
2023-01-27 16:10:26.678937, -0.91184997558593750000, nan
2023-01-27 16:10:26.778884, -0.86585998535156250000, nan
2023-01-27 16:10:26.778889, -0.80964660644531250000, nan
2023-01-27 16:10:26.878855, -0.69978332519531250000, nan
2023-01-27 16:10:26.878860, -0.61547088623046875000, nan
2023-01-27 16:10:26.979109, -0.49282836914062500000, nan
2023-01-27 16:10:26.979116, -0.42128753662109375000, nan
2023-01-27 16:10:27.079328, -0.29865264892578125000, nan
2023-01-27 16:10:27.079341, -0.19900512695312500000, nan
2023-01-27 16:10:27.179115, -0.03037261962890625000, nan
2023-01-27 16:10:27.179122, 0.12292480468750000000, nan
2023-01-27 16:10:27.278927, 0.33499145507812500000, nan
2023-01-27 16:10:27.278939, 0.42185974121093750000, nan
2023-01-27 16:10:27.379308, 0.53683471679687500000, nan
2023-01-27 16:10:27.379323, 0.62114715576171875000, nan
2023-01-27 16:10:27.479183, 0.76934051513671875000, nan
2023-01-27 16:10:27.479197, 0.87153625488281250000, nan
2023-01-27 16:10:27.580613, 1.00440216064453125000, nan
2023-01-27 16:10:27.580629, 1.07594299316406250000, nan
2023-01-27 16:10:27.680478, 1.17558288574218750000, nan
2023-01-27 16:10:27.680494, 1.22157287597656250000, nan
2023-01-27 16:10:27.782516, 1.23690795898437500000, nan
2023-01-27 16:10:27.782545, 1.21646118164062500000, nan
2023-01-27 16:10:27.882953, 1.13726043701171875000, nan
2023-01-27 16:10:27.882976, 1.04783630371093750000, nan
2023-01-27 16:10:27.980207, 0.87153625488281250000, nan
2023-01-27 16:10:27.980230, 0.75145721435546875000, nan
2023-01-27 16:10:28.081156, 0.59559631347656250000, nan
2023-01-27 16:10:28.081177, 0.50872802734375000000, nan
2023-01-27 16:10:28.180577, 0.37331390380859375000, nan
2023-01-27 16:10:28.180602, 0.26089477539062500000, nan
2023-01-27 16:10:28.280186, 0.07949066162109375000, nan
2023-01-27 16:10:28.280203, -0.01248931884765625000, nan
2023-01-27 16:10:28.380777, -0.10446929931640625000, nan
2023-01-27 16:10:28.380800, -0.14790344238281250000, nan
2023-01-27 16:10:28.480122, -0.19133758544921875000, nan
2023-01-27 16:10:28.480135, -0.22455596923828125000, nan
2023-01-27 16:10:28.580167, -0.29354095458984375000, nan
2023-01-27 16:10:28.580183, -0.33953094482421875000, nan
2023-01-27 16:10:28.681500, -0.40084838867187500000, nan
2023-01-27 16:10:28.681525, -0.43151092529296875000, nan
2023-01-27 16:10:28.780621, -0.48771667480468750000, nan
2023-01-27 16:10:28.780641, -0.54904174804687500000, nan
2023-01-27 16:10:28.880689, -0.63846588134765625000, nan
2023-01-27 16:10:28.880706, -0.67934417724609375000, nan
2023-01-27 16:10:28.980341, -0.73300170898437500000, nan
2023-01-27 16:10:28.980355, -0.75599670410156250000, nan
2023-01-27 16:10:29.080521, -0.77132415771484375000, nan
2023-01-27 16:10:29.080534, -0.78410339355468750000, nan
2023-01-27 16:10:29.182188, -0.83009338378906250000, nan
2023-01-27 16:10:29.186084, -0.86074829101562500000, nan
2023-01-27 16:10:29.280188, -0.88374328613281250000, nan
2023-01-27 16:10:29.280202, -0.89141082763671875000, nan
2023-01-27 16:10:29.381818, -0.90162658691406250000, nan
2023-01-27 16:10:29.381837, -0.92973327636718750000, nan
2023-01-27 16:10:29.483618, -0.97316741943359375000, nan
2023-01-27 16:10:29.483635, -0.99360656738281250000, nan
2023-01-27 16:10:29.580236, -1.01405334472656250000, nan
2023-01-27 16:10:29.580250, -1.01915740966796875000, nan
2023-01-27 16:10:29.682000, -1.01149749755859375000, nan
2023-01-27 16:10:29.682019, -1.00638580322265625000, nan
2023-01-27 16:10:29.780165, -1.00894165039062500000, nan
2023-01-27 16:10:29.780179, -1.01149749755859375000, nan
2023-01-27 16:10:29.881546, -1.01405334472656250000, nan
2023-01-27 16:10:29.881560, -0.99871826171875000000, nan
2023-01-27 16:10:29.980222, -0.95528411865234375000, nan
2023-01-27 16:10:29.980239, -0.93228912353515625000, nan
2023-01-27 16:10:30.081206, -0.87352752685546875000, nan
2023-01-27 16:10:30.081229, -0.80964660644531250000, nan
2023-01-27 16:10:30.181653, -0.69467163085937500000, nan
2023-01-27 16:10:30.181676, -0.59758758544921875000, nan
2023-01-27 16:10:30.280168, -0.40851593017578125000, nan
2023-01-27 16:10:30.280183, -0.27821350097656250000, nan
2023-01-27 16:10:30.380448, -0.11724853515625000000, nan
2023-01-27 16:10:30.380473, 0.00028228759765625000, nan
2023-01-27 16:10:30.484233, 0.20723724365234375000, nan
2023-01-27 16:10:30.484246, 0.33243560791015625000, nan
2023-01-27 16:10:30.580706, 0.48828887939453125000, nan
2023-01-27 16:10:30.580728, 0.57771301269531250000, nan
2023-01-27 16:10:30.682070, 0.70546722412109375000, nan
2023-01-27 16:10:30.682092, 0.79489135742187500000, nan
2023-01-27 16:10:30.780340, 0.89708709716796875000, nan
2023-01-27 16:10:30.780354, 0.93286132812500000000, nan
2023-01-27 16:10:30.880168, 0.93541717529296875000, nan
2023-01-27 16:10:30.880183, 0.87153625488281250000, nan
2023-01-27 16:10:30.980507, 0.67991638183593750000, nan
2023-01-27 16:10:30.980520, 0.54450225830078125000, nan
2023-01-27 16:10:31.080704, 0.37331390380859375000, nan
2023-01-27 16:10:31.080731, 0.27366638183593750000, nan
2023-01-27 16:10:31.180593, 0.09226226806640625000, nan
2023-01-27 16:10:31.180613, -0.02781677246093750000, nan
2023-01-27 16:10:31.284329, -0.15045928955078125000, nan
2023-01-27 16:10:31.284387, -0.21944427490234375000, nan
2023-01-27 16:10:31.380974, -0.30375671386718750000, nan
2023-01-27 16:10:31.380991, -0.33953094482421875000, nan
2023-01-27 16:10:31.483702, -0.36763763427734375000, nan
2023-01-27 16:10:31.483717, -0.38296508789062500000, nan
2023-01-27 16:10:31.580337, -0.42639923095703125000, nan
2023-01-27 16:10:31.580349, -0.47494506835937500000, nan
2023-01-27 16:10:31.681713, -0.55415344238281250000, nan
2023-01-27 16:10:31.681726, -0.59247589111328125000, nan
2023-01-27 16:10:31.780551, -0.62568664550781250000, nan
2023-01-27 16:10:31.780571, -0.64613342285156250000, nan
2023-01-27 16:10:31.881683, -0.70745086669921875000, nan
2023-01-27 16:10:31.881707, -0.74577331542968750000, nan
2023-01-27 16:10:31.980933, -0.78920745849609375000, nan
2023-01-27 16:10:31.980965, -0.80964660644531250000, nan
2023-01-27 16:10:32.080764, -0.81220245361328125000, nan
2023-01-27 16:10:32.080785, -0.80964660644531250000, nan
2023-01-27 16:10:32.180396, -0.81986999511718750000, nan
2023-01-27 16:10:32.180421, -0.83775329589843750000, nan
2023-01-27 16:10:32.281836, -0.86585998535156250000, nan
2023-01-27 16:10:32.281866, -0.88374328613281250000, nan
2023-01-27 16:10:32.380544, -0.89141082763671875000, nan
2023-01-27 16:10:32.380563, -0.88374328613281250000, nan
2023-01-27 16:10:32.481207, -0.89907836914062500000, nan
2023-01-27 16:10:32.481231, -0.92462158203125000000, nan
2023-01-27 16:10:32.581465, -0.93995666503906250000, nan
2023-01-27 16:10:32.581492, -0.93228912353515625000, nan
2023-01-27 16:10:32.680572, -0.87608337402343750000, nan
2023-01-27 16:10:32.680594, -0.80198669433593750000, nan
2023-01-27 16:10:32.780770, -0.67167663574218750000, nan
2023-01-27 16:10:32.780799, -0.58992004394531250000, nan
2023-01-27 16:10:32.880351, -0.46217346191406250000, nan
2023-01-27 16:10:32.880367, -0.36252593994140625000, nan
2023-01-27 16:10:32.980665, -0.21177673339843750000, nan
2023-01-27 16:10:32.980681, -0.10958099365234375000, nan
2023-01-27 16:10:33.081575, 0.04371643066406250000, nan
2023-01-27 16:10:33.081598, 0.15358734130859375000, nan
2023-01-27 16:10:33.180130, 0.30944061279296875000, nan
2023-01-27 16:10:33.180145, 0.39630889892578125000, nan
2023-01-27 16:10:33.283166, 0.53683471679687500000, nan
2023-01-27 16:10:33.283185, 0.64158630371093750000, nan
2023-01-27 16:10:33.380617, 0.82810211181640625000, nan
2023-01-27 16:10:33.380647, 0.94563293457031250000, nan
2023-01-27 16:10:33.480285, 1.07594299316406250000, nan
2023-01-27 16:10:33.480305, 1.14747619628906250000, nan
2023-01-27 16:10:33.580179, 1.23435211181640625000, nan
2023-01-27 16:10:33.580194, 1.25734710693359375000, nan
2023-01-27 16:10:33.680150, 1.21646118164062500000, nan
2023-01-27 16:10:33.680165, 1.14237213134765625000, nan
2023-01-27 16:10:33.781280, 0.98140716552734375000, nan
2023-01-27 16:10:33.781299, 0.85620880126953125000, nan
2023-01-27 16:10:33.880674, 0.66458129882812500000, nan
2023-01-27 16:10:33.880700, 0.55216217041015625000, nan
2023-01-27 16:10:33.980525, 0.44485473632812500000, nan
2023-01-27 16:10:33.980549, 0.39375305175781250000, nan
2023-01-27 16:10:34.081192, 0.29666137695312500000, nan
2023-01-27 16:10:34.081226, 0.20213317871093750000, nan
2023-01-27 16:10:34.180659, 0.05649566650390625000, nan
2023-01-27 16:10:34.180686, -0.01504516601562500000, nan
2023-01-27 16:10:34.280847, -0.09169769287109375000, nan
2023-01-27 16:10:34.280861, -0.14790344238281250000, nan
2023-01-27 16:10:34.380254, -0.25521850585937500000, nan
2023-01-27 16:10:34.380274, -0.32420349121093750000, nan
2023-01-27 16:10:34.483742, -0.41618347167968750000, nan
2023-01-27 16:10:34.483752, -0.46217346191406250000, nan
2023-01-27 16:10:34.579973, -0.52860260009765625000, nan
2023-01-27 16:10:34.579985, -0.56692504882812500000, nan
2023-01-27 16:10:34.680456, -0.61035919189453125000, nan
2023-01-27 16:10:34.680473, -0.65379333496093750000, nan
2023-01-27 16:10:34.780605, -0.72022247314453125000, nan
2023-01-27 16:10:34.780631, -0.75344085693359375000, nan
2023-01-27 16:10:34.881709, -0.78665161132812500000, nan
2023-01-27 16:10:34.881718, -0.80709838867187500000, nan
2023-01-27 16:10:34.980498, -0.86585998535156250000, nan
2023-01-27 16:10:34.980522, -0.90929412841796875000, nan
2023-01-27 16:10:35.080654, -0.94761657714843750000, nan
2023-01-27 16:10:35.080679, -0.96295166015625000000, nan
2023-01-27 16:10:35.180580, -0.98339080810546875000, nan
2023-01-27 16:10:35.180606, -0.99360656738281250000, nan
2023-01-27 16:10:35.280110, -1.01405334472656250000, nan
2023-01-27 16:10:35.280125, -1.03449249267578125000, nan
2023-01-27 16:10:35.380856, -1.06004333496093750000, nan
2023-01-27 16:10:35.380885, -1.06770324707031250000, nan
2023-01-27 16:10:35.479969, -1.06259155273437500000, nan
2023-01-27 16:10:35.479980, -1.05493164062500000000, nan
2023-01-27 16:10:35.581273, -1.07792663574218750000, nan
2023-01-27 16:10:35.581290, -1.09069824218750000000, nan
2023-01-27 16:10:35.684594, -1.06259155273437500000, nan
2023-01-27 16:10:35.684617, -1.01405334472656250000, nan
2023-01-27 16:10:35.779957, -0.89396667480468750000, nan
2023-01-27 16:10:35.779970, -0.79431915283203125000, nan
2023-01-27 16:10:35.881885, -0.64613342285156250000, nan
2023-01-27 16:10:35.881899, -0.55415344238281250000, nan
2023-01-27 16:10:35.980568, -0.40084838867187500000, nan
2023-01-27 16:10:35.980595, -0.29354095458984375000, nan
2023-01-27 16:10:36.080167, -0.11724853515625000000, nan
2023-01-27 16:10:36.080182, 0.01050567626953125000, nan
2023-01-27 16:10:36.180623, 0.20213317871093750000, nan
2023-01-27 16:10:36.180648, 0.30944061279296875000, nan
2023-01-27 16:10:36.281231, 0.44485473632812500000, nan
2023-01-27 16:10:36.281247, 0.53683471679687500000, nan
2023-01-27 16:10:36.381170, 0.69013214111328125000, nan
2023-01-27 16:10:36.381182, 0.81021881103515625000, nan
2023-01-27 16:10:36.481704, 0.97118377685546875000, nan
2023-01-27 16:10:36.481730, 1.04272460937500000000, nan
2023-01-27 16:10:36.581693, 1.12448120117187500000, 19.14893531799316406250
2023-01-27 16:10:36.581730, 1.15258789062500000000, nan
2023-01-27 16:10:36.682233, 1.11426544189453125000, nan
2023-01-27 16:10:36.682256, 1.03505706787109375000, nan
2023-01-27 16:10:36.781307, 0.86387634277343750000, nan
2023-01-27 16:10:36.781322, 0.73867797851562500000, nan
2023-01-27 16:10:36.880919, 0.56749725341796875000, nan
2023-01-27 16:10:36.880932, 0.46529388427734375000, nan
2023-01-27 16:10:36.981495, 0.35287475585937500000, nan
2023-01-27 16:10:36.981516, 0.29666137695312500000, nan
2023-01-27 16:10:37.081851, 0.18168640136718750000, nan
2023-01-27 16:10:37.081878, 0.08204650878906250000, nan
2023-01-27 16:10:37.181419, -0.03548431396484375000, nan
2023-01-27 16:10:37.181436, -0.08147430419921875000, nan
2023-01-27 16:10:37.281597, -0.13768768310546875000, nan
2023-01-27 16:10:37.281623, -0.18367767333984375000, nan
2023-01-27 16:10:37.381532, -0.27054595947265625000, nan
2023-01-27 16:10:37.381557, -0.31398010253906250000, nan
2023-01-27 16:10:37.482120, -0.36763763427734375000, nan
2023-01-27 16:10:37.482143, -0.40084838867187500000, nan
2023-01-27 16:10:37.581606, -0.41618347167968750000, nan
2023-01-27 16:10:37.581627, -0.42128753662109375000, nan
2023-01-27 16:10:37.681192, -0.44683837890625000000, nan
2023-01-27 16:10:37.681206, -0.48005676269531250000, nan
2023-01-27 16:10:37.780962, -0.53370666503906250000, nan
2023-01-27 16:10:37.780976, -0.56181335449218750000, nan
2023-01-27 16:10:37.881234, -0.58992004394531250000, nan
2023-01-27 16:10:37.881248, -0.61035919189453125000, nan
2023-01-27 16:10:37.981311, -0.66912841796875000000, nan
2023-01-27 16:10:37.981328, -0.70489501953125000000, nan
2023-01-27 16:10:38.081551, -0.73555755615234375000, nan
2023-01-27 16:10:38.081571, -0.74577331542968750000, nan
2023-01-27 16:10:38.181466, -0.74577331542968750000, nan
2023-01-27 16:10:38.181487, -0.74832916259765625000, nan
2023-01-27 16:10:38.281830, -0.75855255126953125000, nan
2023-01-27 16:10:38.281856, -0.77643585205078125000, nan
2023-01-27 16:10:38.384185, -0.81475830078125000000, nan
2023-01-27 16:10:38.384205, -0.83009338378906250000, nan
2023-01-27 16:10:38.481071, -0.83775329589843750000, nan
2023-01-27 16:10:38.481084, -0.84030914306640625000, nan
2023-01-27 16:10:38.581455, -0.87608337402343750000, nan
2023-01-27 16:10:38.581481, -0.91184997558593750000, nan
2023-01-27 16:10:38.681967, -0.93740081787109375000, nan
2023-01-27 16:10:38.681994, -0.94251251220703125000, nan
2023-01-27 16:10:38.781267, -0.92207336425781250000, nan
2023-01-27 16:10:38.781282, -0.88629913330078125000, nan
2023-01-27 16:10:38.881278, -0.82242584228515625000, nan
2023-01-27 16:10:38.881293, -0.77132415771484375000, nan
2023-01-27 16:10:38.981680, -0.69467163085937500000, nan
2023-01-27 16:10:38.981704, -0.63079833984375000000, nan
2023-01-27 16:10:39.081342, -0.48516845703125000000, nan
2023-01-27 16:10:39.081357, -0.38296508789062500000, nan
2023-01-27 16:10:39.181292, -0.25776672363281250000, nan
2023-01-27 16:10:39.181310, -0.18112182617187500000, nan
2023-01-27 16:10:39.281683, -0.04570770263671875000, nan
2023-01-27 16:10:39.281709, 0.08970642089843750000, nan
2023-01-27 16:10:39.381588, 0.30177307128906250000, nan
2023-01-27 16:10:39.381616, 0.41930389404296875000, nan
2023-01-27 16:10:39.481200, 0.58282470703125000000, nan
2023-01-27 16:10:39.481216, 0.68247222900390625000, nan
2023-01-27 16:10:39.581293, 0.82810211181640625000, nan
2023-01-27 16:10:39.581306, 0.91497802734375000000, nan
2023-01-27 16:10:39.681174, 1.00695800781250000000, nan
2023-01-27 16:10:39.681193, 1.03505706787109375000, nan
2023-01-27 16:10:39.781667, 0.98651123046875000000, nan
2023-01-27 16:10:39.781697, 0.89198303222656250000, nan
2023-01-27 16:10:39.881201, 0.70291137695312500000, nan
2023-01-27 16:10:39.881216, 0.57771301269531250000, nan
2023-01-27 16:10:39.981227, 0.41163635253906250000, nan
2023-01-27 16:10:39.981239, 0.34010314941406250000, nan
2023-01-27 16:10:40.084240, 0.26856231689453125000, nan
2023-01-27 16:10:40.084414, 0.19446563720703125000, nan
2023-01-27 16:10:40.181134, 0.05649566650390625000, nan
2023-01-27 16:10:40.181148, -0.01248931884765625000, nan
2023-01-27 16:10:40.281436, -0.08403015136718750000, nan
2023-01-27 16:10:40.281461, -0.12490844726562500000, nan
2023-01-27 16:10:40.381508, -0.20411682128906250000, nan
2023-01-27 16:10:40.381534, -0.27821350097656250000, nan
2023-01-27 16:10:40.486639, -0.37019348144531250000, nan
2023-01-27 16:10:40.486663, -0.42128753662109375000, nan
2023-01-27 16:10:40.581784, -0.49282836914062500000, nan
2023-01-27 16:10:40.581806, -0.53370666503906250000, nan
2023-01-27 16:10:40.685471, -0.57459259033203125000, nan
2023-01-27 16:10:40.685486, -0.60524749755859375000, nan
2023-01-27 16:10:40.781349, -0.67423248291015625000, nan
2023-01-27 16:10:40.781370, -0.72022247314453125000, nan
2023-01-27 16:10:40.881515, -0.76621246337890625000, nan
2023-01-27 16:10:40.881585, -0.79176330566406250000, nan
2023-01-27 16:10:40.981387, -0.83009338378906250000, nan
2023-01-27 16:10:40.981410, -0.87097167968750000000, nan
2023-01-27 16:10:41.083191, -0.93740081787109375000, nan
2023-01-27 16:10:41.083211, -0.96806335449218750000, nan
2023-01-27 16:10:41.181498, -0.99616241455078125000, nan
2023-01-27 16:10:41.181515, -0.99616241455078125000, nan
2023-01-27 16:10:41.281477, -0.99105834960937500000, nan
2023-01-27 16:10:41.281501, -0.99616241455078125000, nan
2023-01-27 16:10:41.381277, -1.00382995605468750000, nan
2023-01-27 16:10:41.381288, -1.01149749755859375000, nan
2023-01-27 16:10:41.481278, -1.01405334472656250000, nan
2023-01-27 16:10:41.481296, -1.00127410888671875000, nan
2023-01-27 16:10:41.581203, -0.95272827148437500000, nan
2023-01-27 16:10:41.581212, -0.92207336425781250000, nan
2023-01-27 16:10:41.680882, -0.87097167968750000000, nan
2023-01-27 16:10:41.680892, -0.80964660644531250000, nan
2023-01-27 16:10:41.781638, -0.68956756591796875000, nan
2023-01-27 16:10:41.781667, -0.59758758544921875000, nan
2023-01-27 16:10:41.882505, -0.42639923095703125000, nan
2023-01-27 16:10:41.882533, -0.31653594970703125000, nan
2023-01-27 16:10:41.981923, -0.17856597900390625000, nan
2023-01-27 16:10:41.981951, -0.08403015136718750000, nan
2023-01-27 16:10:42.081584, 0.11015319824218750000, nan
2023-01-27 16:10:42.081608, 0.25578308105468750000, nan
2023-01-27 16:10:42.181727, 0.42441558837890625000, nan
2023-01-27 16:10:42.181759, 0.51639556884765625000, nan
2023-01-27 16:10:42.281509, 0.64158630371093750000, nan
2023-01-27 16:10:42.281538, 0.73356628417968750000, nan
2023-01-27 16:10:42.381562, 0.87153625488281250000, nan
2023-01-27 16:10:42.381584, 0.95585632324218750000, nan
2023-01-27 16:10:42.481600, 1.08615875244140625000, nan
2023-01-27 16:10:42.481628, 1.15258789062500000000, nan
2023-01-27 16:10:42.581528, 1.17558288574218750000, nan
2023-01-27 16:10:42.581556, 1.13470458984375000000, nan
2023-01-27 16:10:42.681211, 1.00950622558593750000, nan
2023-01-27 16:10:42.681226, 0.91497802734375000000, nan
2023-01-27 16:10:42.782202, 0.74890136718750000000, nan
2023-01-27 16:10:42.782225, 0.63392639160156250000, nan
2023-01-27 16:10:42.881878, 0.49084472656250000000, nan
2023-01-27 16:10:42.881898, 0.40397644042968750000, nan
2023-01-27 16:10:42.981166, 0.28133392333984375000, nan
2023-01-27 16:10:42.981177, 0.22001647949218750000, nan
2023-01-27 16:10:43.081127, 0.11015319824218750000, nan
2023-01-27 16:10:43.081144, 0.04371643066406250000, nan
2023-01-27 16:10:43.181139, -0.02015686035156250000, nan
2023-01-27 16:10:43.181149, -0.06870269775390625000, nan
2023-01-27 16:10:43.282065, -0.13257598876953125000, nan
2023-01-27 16:10:43.282079, -0.16578674316406250000, nan
2023-01-27 16:10:43.381621, -0.21433258056640625000, nan
2023-01-27 16:10:43.381647, -0.26287841796875000000, nan
2023-01-27 16:10:43.481042, -0.34208679199218750000, nan
2023-01-27 16:10:43.481060, -0.38296508789062500000, nan
2023-01-27 16:10:43.582583, -0.42895507812500000000, nan
2023-01-27 16:10:43.582610, -0.44939422607421875000, nan
2023-01-27 16:10:43.682502, -0.46983337402343750000, nan
2023-01-27 16:10:43.682522, -0.50049591064453125000, nan
2023-01-27 16:10:43.782540, -0.56692504882812500000, nan
2023-01-27 16:10:43.782565, -0.61035919189453125000, nan
2023-01-27 16:10:43.882519, -0.65890502929687500000, nan
2023-01-27 16:10:43.882540, -0.68190002441406250000, nan
2023-01-27 16:10:43.978993, -0.72789001464843750000, nan
2023-01-27 16:10:43.979021, -0.78154754638671875000, nan
2023-01-27 16:10:44.080198, -0.85308837890625000000, nan
2023-01-27 16:10:44.080212, -0.88374328613281250000, nan
2023-01-27 16:10:44.182770, -0.91184997558593750000, nan
2023-01-27 16:10:44.182792, -0.91440582275390625000, nan
2023-01-27 16:10:44.277536, -0.91696166992187500000, nan
2023-01-27 16:10:44.277551, -0.92717742919921875000, nan
2023-01-27 16:10:44.380238, -0.95272827148437500000, nan
2023-01-27 16:10:44.380259, -0.97061157226562500000, nan
2023-01-27 16:10:44.478045, -0.98594665527343750000, nan
2023-01-27 16:10:44.478067, -0.98594665527343750000, nan
2023-01-27 16:10:44.578001, -0.99616241455078125000, nan
2023-01-27 16:10:44.578016, -1.02171325683593750000, nan
2023-01-27 16:10:44.677727, -1.03449249267578125000, nan
2023-01-27 16:10:44.677759, -1.01915740966796875000, nan
2023-01-27 16:10:44.777642, -0.96039581298828125000, nan
2023-01-27 16:10:44.777660, -0.89141082763671875000, nan
2023-01-27 16:10:44.878322, -0.76621246337890625000, nan
2023-01-27 16:10:44.878348, -0.68701171875000000000, nan
2023-01-27 16:10:44.978365, -0.56436920166015625000, nan
2023-01-27 16:10:44.978381, -0.46983337402343750000, nan
2023-01-27 16:10:45.082293, -0.32420349121093750000, nan
2023-01-27 16:10:45.082306, -0.22200012207031250000, nan
2023-01-27 16:10:45.180563, -0.08147430419921875000, nan
2023-01-27 16:10:45.180585, 0.00539398193359375000, nan
2023-01-27 16:10:45.277283, 0.19446563720703125000, nan
2023-01-27 16:10:45.277294, 0.31710815429687500000, nan
2023-01-27 16:10:45.378164, 0.46529388427734375000, nan
2023-01-27 16:10:45.378190, 0.56749725341796875000, nan
2023-01-27 16:10:45.477416, 0.72079467773437500000, nan
2023-01-27 16:10:45.477429, 0.80766296386718750000, nan
2023-01-27 16:10:45.579438, 0.89964294433593750000, nan
2023-01-27 16:10:45.579453, 0.91752624511718750000, nan
2023-01-27 16:10:45.680814, 0.87664794921875000000, nan
2023-01-27 16:10:45.680829, 0.79744720458984375000, nan
2023-01-27 16:10:45.777883, 0.63648223876953125000, nan
2023-01-27 16:10:45.777903, 0.53427886962890625000, nan
2023-01-27 16:10:45.884741, 0.38609313964843750000, nan
2023-01-27 16:10:45.884766, 0.29155731201171875000, nan
2023-01-27 16:10:45.977964, 0.12548065185546875000, nan
2023-01-27 16:10:45.977986, 0.04116821289062500000, nan
2023-01-27 16:10:46.078552, -0.01504516601562500000, nan
2023-01-27 16:10:46.078572, -0.06359100341796875000, nan
2023-01-27 16:10:46.178085, -0.13768768310546875000, nan
2023-01-27 16:10:46.178103, -0.17856597900390625000, nan
2023-01-27 16:10:46.280323, -0.23477172851562500000, nan
2023-01-27 16:10:46.280345, -0.27310180664062500000, nan
2023-01-27 16:10:46.378220, -0.34208679199218750000, nan
2023-01-27 16:10:46.378235, -0.39573669433593750000, nan
2023-01-27 16:10:46.486928, -0.47238922119140625000, nan
2023-01-27 16:10:46.486938, -0.52349090576171875000, nan
2023-01-27 16:10:46.577697, -0.57714843750000000000, 19.73684120178222656250
2023-01-27 16:10:46.577721, -0.58992004394531250000, nan
2023-01-27 16:10:46.682158, -0.60014343261718750000, nan
2023-01-27 16:10:46.682182, -0.62058258056640625000, nan
2023-01-27 16:10:46.779153, -0.66657257080078125000, nan
2023-01-27 16:10:46.779178, -0.69212341308593750000, nan
2023-01-27 16:10:46.878112, -0.72789001464843750000, nan
2023-01-27 16:10:46.878217, -0.73811340332031250000, nan
2023-01-27 16:10:46.980360, -0.76876831054687500000, nan
2023-01-27 16:10:46.980388, -0.81475830078125000000, nan
2023-01-27 16:10:47.079012, -0.87863159179687500000, nan
2023-01-27 16:10:47.079035, -0.90673828125000000000, nan
2023-01-27 16:10:47.179296, -0.92717742919921875000, nan
2023-01-27 16:10:47.179318, -0.92973327636718750000, nan
2023-01-27 16:10:47.278122, -0.92717742919921875000, nan
2023-01-27 16:10:47.278363, -0.93228912353515625000, nan
2023-01-27 16:10:47.379763, -0.94506835937500000000, nan
2023-01-27 16:10:47.379785, -0.95783996582031250000, nan
2023-01-27 16:10:47.480807, -0.97061157226562500000, nan
2023-01-27 16:10:47.480823, -0.96806335449218750000, nan
2023-01-27 16:10:47.577667, -0.95017242431640625000, nan
2023-01-27 16:10:47.577680, -0.95272827148437500000, nan
2023-01-27 16:10:47.677695, -0.97827911376953125000, nan
2023-01-27 16:10:47.677711, -0.97316741943359375000, nan
2023-01-27 16:10:47.777557, -0.91696166992187500000, nan
2023-01-27 16:10:47.777575, -0.85308837890625000000, nan
2023-01-27 16:10:47.877549, -0.71256256103515625000, nan
2023-01-27 16:10:47.877572, -0.60524749755859375000, nan
2023-01-27 16:10:47.978872, -0.44939422607421875000, nan
2023-01-27 16:10:47.978902, -0.35485839843750000000, nan
2023-01-27 16:10:48.077131, -0.19900512695312500000, nan
2023-01-27 16:10:48.077145, -0.08914184570312500000, nan
2023-01-27 16:10:48.178965, 0.11015319824218750000, nan
2023-01-27 16:10:48.178989, 0.25067138671875000000, nan
2023-01-27 16:10:48.279878, 0.40908813476562500000, nan
2023-01-27 16:10:48.279901, 0.49340057373046875000, nan
2023-01-27 16:10:48.378484, 0.62370300292968750000, nan
2023-01-27 16:10:48.378508, 0.72079467773437500000, nan
2023-01-27 16:10:48.477476, 0.87920379638671875000, nan
2023-01-27 16:10:48.477491, 0.96862792968750000000, nan
2023-01-27 16:10:48.578557, 1.03505706787109375000, nan
2023-01-27 16:10:48.578577, 1.01461791992187500000, nan
2023-01-27 16:10:48.677580, 0.90475463867187500000, nan
2023-01-27 16:10:48.677594, 0.78977966308593750000, nan
2023-01-27 16:10:48.781191, 0.62881469726562500000, nan
2023-01-27 16:10:48.781215, 0.53939056396484375000, nan
2023-01-27 16:10:48.879673, 0.38353729248046875000, nan
2023-01-27 16:10:48.879687, 0.28388977050781250000, nan
2023-01-27 16:10:48.977932, 0.09737396240234375000, nan
2023-01-27 16:10:48.977947, -0.00993347167968750000, nan
2023-01-27 16:10:49.077695, -0.08403015136718750000, nan
2023-01-27 16:10:49.077719, -0.10958099365234375000, nan
2023-01-27 16:10:49.178778, -0.14534759521484375000, nan
2023-01-27 16:10:49.178797, -0.18367767333984375000, nan
2023-01-27 16:10:49.279204, -0.25010681152343750000, nan
2023-01-27 16:10:49.279220, -0.29098510742187500000, nan
2023-01-27 16:10:49.378594, -0.33953094482421875000, nan
2023-01-27 16:10:49.378612, -0.35997009277343750000, nan
2023-01-27 16:10:49.477389, -0.39829254150390625000, nan
2023-01-27 16:10:49.477403, -0.44683837890625000000, nan
2023-01-27 16:10:49.578971, -0.53370666503906250000, nan
2023-01-27 16:10:49.578995, -0.58225250244140625000, nan
2023-01-27 16:10:49.678053, -0.63079833984375000000, nan
2023-01-27 16:10:49.678066, -0.64613342285156250000, nan
2023-01-27 16:10:49.779007, -0.65890502929687500000, nan
2023-01-27 16:10:49.779030, -0.66657257080078125000, nan
2023-01-27 16:10:49.881845, -0.70489501953125000000, nan
2023-01-27 16:10:49.881860, -0.73811340332031250000, nan
2023-01-27 16:10:49.978259, -0.77643585205078125000, nan
2023-01-27 16:10:49.978276, -0.79431915283203125000, nan
