2023-01-27 11:24:00.077575, -1.70390319824218750000, nan
2023-01-27 11:24:00.077598, -1.75755310058593750000, nan
2023-01-27 11:24:00.178191, -1.81887817382812500000, nan
2023-01-27 11:24:00.178213, -1.87508392333984375000, nan
2023-01-27 11:24:00.277604, -1.98239898681640625000, nan
2023-01-27 11:24:00.277631, -2.01305389404296875000, nan
2023-01-27 11:24:00.377538, -2.02327728271484375000, nan
2023-01-27 11:24:00.377563, -2.01305389404296875000, nan
2023-01-27 11:24:00.477711, -2.01049804687500000000, nan
2023-01-27 11:24:00.477736, -2.02838897705078125000, nan
2023-01-27 11:24:00.577646, -2.04116058349609375000, nan
2023-01-27 11:24:00.577671, -2.05138397216796875000, nan
2023-01-27 11:24:00.678956, -2.07182312011718750000, nan
2023-01-27 11:24:00.678980, -2.07437896728515625000, nan
2023-01-27 11:24:00.777477, -2.07948303222656250000, nan
2023-01-27 11:24:00.777498, -2.10503387451171875000, nan
2023-01-27 11:24:00.877767, -2.12291717529296875000, nan
2023-01-27 11:24:00.877791, -2.13569641113281250000, nan
2023-01-27 11:24:00.977477, -2.18679809570312500000, nan
2023-01-27 11:24:00.977498, -2.20468139648437500000, nan
2023-01-27 11:24:01.077110, -2.19956970214843750000, nan
2023-01-27 11:24:01.077129, -2.16890716552734375000, nan
2023-01-27 11:24:01.177903, -2.11014556884765625000, nan
2023-01-27 11:24:01.177924, -2.09737396240234375000, nan
2023-01-27 11:24:01.277749, -2.07948303222656250000, nan
2023-01-27 11:24:01.277775, -2.07182312011718750000, nan
2023-01-27 11:24:01.381338, -2.07948303222656250000, nan
2023-01-27 11:24:01.381362, -2.08715057373046875000, nan
2023-01-27 11:24:01.478359, -2.08715057373046875000, nan
2023-01-27 11:24:01.478383, -2.08459472656250000000, nan
2023-01-27 11:24:01.577425, -2.11781311035156250000, nan
2023-01-27 11:24:01.577444, -2.13569641113281250000, nan
2023-01-27 11:24:01.677493, -2.16124725341796875000, nan
2023-01-27 11:24:01.677513, -2.19956970214843750000, nan
2023-01-27 11:24:01.777540, -2.22512054443359375000, nan
2023-01-27 11:24:01.777566, -2.22256469726562500000, nan
2023-01-27 11:24:01.877522, -2.17401885986328125000, nan
2023-01-27 11:24:01.877546, -2.12547302246093750000, nan
2023-01-27 11:24:01.977768, -2.08715057373046875000, nan
2023-01-27 11:24:01.977791, -2.07182312011718750000, nan
2023-01-27 11:24:02.077765, -2.06159973144531250000, nan
2023-01-27 11:24:02.077789, -2.06159973144531250000, nan
2023-01-27 11:24:02.177644, -2.06926727294921875000, nan
2023-01-27 11:24:02.177671, -2.07692718505859375000, nan
2023-01-27 11:24:02.278475, -2.06926727294921875000, nan
2023-01-27 11:24:02.278503, -2.06671142578125000000, nan
2023-01-27 11:24:02.377448, -2.09992218017578125000, nan
2023-01-27 11:24:02.377472, -2.11014556884765625000, nan
2023-01-27 11:24:02.477871, -2.14591217041015625000, nan
2023-01-27 11:24:02.477897, -2.18935394287109375000, nan
2023-01-27 11:24:02.577680, -2.21234893798828125000, nan
2023-01-27 11:24:02.577705, -2.20212554931640625000, nan
2023-01-27 11:24:02.677552, -2.14336395263671875000, nan
2023-01-27 11:24:02.677576, -2.09992218017578125000, nan
2023-01-27 11:24:02.779296, -2.06671142578125000000, nan
2023-01-27 11:24:02.779339, -2.04627227783203125000, nan
2023-01-27 11:24:02.877604, -2.03860473632812500000, nan
2023-01-27 11:24:02.877629, -2.04627227783203125000, nan
2023-01-27 11:24:02.977690, -2.05138397216796875000, nan
2023-01-27 11:24:02.977717, -2.05648803710937500000, nan
2023-01-27 11:24:03.077465, -2.04882812500000000000, nan
2023-01-27 11:24:03.077488, -2.03604888916015625000, nan
2023-01-27 11:24:03.177721, -2.06415557861328125000, nan
2023-01-27 11:24:03.177751, -2.07948303222656250000, nan
2023-01-27 11:24:03.278105, -2.11014556884765625000, nan
2023-01-27 11:24:03.278129, -2.15357971191406250000, nan
2023-01-27 11:24:03.377756, -2.18424224853515625000, nan
2023-01-27 11:24:03.377783, -2.17657470703125000000, nan
2023-01-27 11:24:03.479812, -2.12291717529296875000, nan
2023-01-27 11:24:03.479839, -2.07692718505859375000, nan
2023-01-27 11:24:03.577662, -2.03860473632812500000, nan
2023-01-27 11:24:03.577689, -2.02072143554687500000, nan
2023-01-27 11:24:03.678974, -2.01305389404296875000, nan
2023-01-27 11:24:03.679001, -2.01560974121093750000, nan
2023-01-27 11:24:03.777761, -2.02327728271484375000, nan
2023-01-27 11:24:03.777788, -2.02583312988281250000, nan
2023-01-27 11:24:03.878547, -2.02327728271484375000, nan
2023-01-27 11:24:03.878569, -2.01816558837890625000, nan
2023-01-27 11:24:03.978425, -2.02838897705078125000, nan
2023-01-27 11:24:03.978448, -2.06159973144531250000, nan
2023-01-27 11:24:04.078773, -2.09226226806640625000, nan
2023-01-27 11:24:04.078797, -2.11781311035156250000, nan
2023-01-27 11:24:04.178300, -2.17401885986328125000, nan
2023-01-27 11:24:04.178325, -2.18935394287109375000, nan
2023-01-27 11:24:04.278434, -2.16635894775390625000, nan
2023-01-27 11:24:04.278457, -2.12291717529296875000, nan
2023-01-27 11:24:04.378541, -2.06159973144531250000, nan
2023-01-27 11:24:04.378563, -2.03349304199218750000, nan
2023-01-27 11:24:04.478421, -2.00794219970703125000, nan
2023-01-27 11:24:04.478448, -2.00794219970703125000, nan
2023-01-27 11:24:04.578717, -2.01305389404296875000, nan
2023-01-27 11:24:04.578742, -2.01816558837890625000, nan
2023-01-27 11:24:04.678639, -2.02327728271484375000, nan
2023-01-27 11:24:04.678662, -2.02072143554687500000, nan
2023-01-27 11:24:04.778487, -2.01305389404296875000, nan
2023-01-27 11:24:04.778511, -2.02838897705078125000, nan
2023-01-27 11:24:04.878540, -2.06415557861328125000, nan
2023-01-27 11:24:04.878563, -2.08203887939453125000, nan
2023-01-27 11:24:04.978725, -2.14336395263671875000, nan
2023-01-27 11:24:04.978747, -2.17657470703125000000, nan
2023-01-27 11:24:05.078889, -2.17913055419921875000, nan
2023-01-27 11:24:05.078924, -2.15357971191406250000, nan
2023-01-27 11:24:05.178053, -2.08459472656250000000, nan
2023-01-27 11:24:05.178076, -2.05393218994140625000, nan
2023-01-27 11:24:05.279577, -2.01305389404296875000, nan
2023-01-27 11:24:05.279600, -2.00028228759765625000, nan
2023-01-27 11:24:05.378738, -2.00539398193359375000, nan
2023-01-27 11:24:05.378765, -2.00539398193359375000, nan
2023-01-27 11:24:05.478693, -1.97984313964843750000, nan
2023-01-27 11:24:05.478717, -1.92107391357421875000, nan
2023-01-27 11:24:05.578557, -1.77799224853515625000, nan
2023-01-27 11:24:05.578580, -1.70134735107421875000, nan
2023-01-27 11:24:05.678682, -1.58126068115234375000, nan
2023-01-27 11:24:05.678707, -1.48416900634765625000, nan
2023-01-27 11:24:05.778385, -1.37430572509765625000, nan
2023-01-27 11:24:05.778407, -1.29765319824218750000, nan
2023-01-27 11:24:05.878561, -1.21589660644531250000, nan
2023-01-27 11:24:05.878584, -1.07792663574218750000, nan
2023-01-27 11:24:05.978482, -0.97061157226562500000, nan
2023-01-27 11:24:05.978509, -0.84542083740234375000, nan
2023-01-27 11:24:06.078249, -0.78920745849609375000, nan
2023-01-27 11:24:06.078268, -0.75599670410156250000, nan
2023-01-27 11:24:06.178259, -0.77132415771484375000, nan
2023-01-27 11:24:06.178279, -0.83775329589843750000, nan
2023-01-27 11:24:06.278374, -0.91184997558593750000, nan
2023-01-27 11:24:06.278398, -1.03959655761718750000, nan
2023-01-27 11:24:06.378492, -1.12136077880859375000, nan
2023-01-27 11:24:06.378629, -1.27721405029296875000, nan
2023-01-27 11:24:06.478671, -1.38707733154296875000, nan
2023-01-27 11:24:06.478695, -1.54038238525390625000, nan
2023-01-27 11:24:06.578494, -1.65024566650390625000, nan
2023-01-27 11:24:06.578518, -1.79332733154296875000, nan
2023-01-27 11:24:06.680933, -1.85975646972656250000, nan
2023-01-27 11:24:06.680955, -1.90574645996093750000, nan
2023-01-27 11:24:06.778521, -1.91341400146484375000, nan
2023-01-27 11:24:06.778548, -1.93640899658203125000, nan
2023-01-27 11:24:06.878674, -1.95429229736328125000, nan
2023-01-27 11:24:06.878707, -1.98239898681640625000, nan
2023-01-27 11:24:06.978423, -2.00539398193359375000, 8.70827293395996093750
2023-01-27 11:24:06.978449, -2.02838897705078125000, nan
2023-01-27 11:24:07.078344, -2.04116058349609375000, nan
2023-01-27 11:24:07.078374, -2.04627227783203125000, nan
2023-01-27 11:24:07.178811, -2.05138397216796875000, nan
2023-01-27 11:24:07.178838, -2.07692718505859375000, nan
2023-01-27 11:24:07.278414, -2.08715057373046875000, nan
2023-01-27 11:24:07.278439, -2.11781311035156250000, nan
2023-01-27 11:24:07.381345, -2.15869140625000000000, nan
2023-01-27 11:24:07.381371, -2.18168640136718750000, nan
2023-01-27 11:24:07.478526, -2.15357971191406250000, nan
2023-01-27 11:24:07.478551, -2.06415557861328125000, nan
2023-01-27 11:24:07.578422, -2.02072143554687500000, nan
2023-01-27 11:24:07.578448, -1.99772644042968750000, nan
2023-01-27 11:24:07.678753, -1.99005889892578125000, nan
2023-01-27 11:24:07.678775, -1.99772644042968750000, nan
2023-01-27 11:24:07.778415, -2.00794219970703125000, nan
2023-01-27 11:24:07.778440, -2.01816558837890625000, nan
2023-01-27 11:24:07.878450, -2.02072143554687500000, nan
2023-01-27 11:24:07.878474, -2.02072143554687500000, nan
2023-01-27 11:24:07.978412, -2.04371643066406250000, nan
2023-01-27 11:24:07.978437, -2.06926727294921875000, nan
2023-01-27 11:24:08.078413, -2.08203887939453125000, nan
2023-01-27 11:24:08.078437, -2.14080810546875000000, nan
2023-01-27 11:24:08.178381, -2.16380310058593750000, nan
2023-01-27 11:24:08.178403, -2.15102386474609375000, nan
2023-01-27 11:24:08.278571, -2.11270141601562500000, nan
2023-01-27 11:24:08.278596, -2.04627227783203125000, nan
2023-01-27 11:24:08.378398, -2.02072143554687500000, nan
2023-01-27 11:24:08.378423, -1.99517059326171875000, nan
2023-01-27 11:24:08.480503, -1.99261474609375000000, nan
2023-01-27 11:24:08.480523, -1.99772644042968750000, nan
2023-01-27 11:24:08.578574, -2.00539398193359375000, nan
2023-01-27 11:24:08.578600, -2.01305389404296875000, nan
2023-01-27 11:24:08.678931, -2.00539398193359375000, nan
2023-01-27 11:24:08.678956, -2.03604888916015625000, nan
2023-01-27 11:24:08.778382, -2.05648803710937500000, nan
2023-01-27 11:24:08.778409, -2.08203887939453125000, nan
2023-01-27 11:24:08.878501, -2.12291717529296875000, nan
2023-01-27 11:24:08.878533, -2.15102386474609375000, nan
2023-01-27 11:24:08.978729, -2.13825225830078125000, nan
2023-01-27 11:24:08.978756, -2.07437896728515625000, nan
2023-01-27 11:24:09.078392, -2.02583312988281250000, nan
2023-01-27 11:24:09.078421, -1.99261474609375000000, nan
2023-01-27 11:24:09.178440, -1.98494720458984375000, nan
2023-01-27 11:24:09.178467, -1.98494720458984375000, nan
2023-01-27 11:24:09.278373, -1.99517059326171875000, nan
2023-01-27 11:24:09.278398, -2.00794219970703125000, nan
2023-01-27 11:24:09.377732, -2.01049804687500000000, nan
2023-01-27 11:24:09.377745, -2.02072143554687500000, nan
2023-01-27 11:24:09.483447, -2.04627227783203125000, nan
2023-01-27 11:24:09.483474, -2.06671142578125000000, nan
2023-01-27 11:24:09.578487, -2.08459472656250000000, nan
2023-01-27 11:24:09.578512, -2.14080810546875000000, nan
2023-01-27 11:24:09.678484, -2.15102386474609375000, nan
2023-01-27 11:24:09.678506, -2.11781311035156250000, nan
2023-01-27 11:24:09.778185, -2.07948303222656250000, nan
2023-01-27 11:24:09.778203, -2.03093719482421875000, nan
2023-01-27 11:24:09.878081, -1.99517059326171875000, nan
2023-01-27 11:24:09.878100, -1.88786315917968750000, nan
2023-01-27 11:24:09.978455, -1.79843902587890625000, nan
2023-01-27 11:24:09.978484, -1.66557312011718750000, nan
2023-01-27 11:24:10.078396, -1.57359313964843750000, nan
2023-01-27 11:24:10.078422, -1.43562316894531250000, nan
2023-01-27 11:24:10.178310, -1.36663818359375000000, nan
2023-01-27 11:24:10.178337, -1.25166320800781250000, nan
2023-01-27 11:24:10.278959, -1.18523406982421875000, nan
2023-01-27 11:24:10.278982, -1.11113739013671875000, nan
2023-01-27 11:24:10.378441, -1.03704833984375000000, nan
2023-01-27 11:24:10.378466, -0.90162658691406250000, nan
2023-01-27 11:24:10.478651, -0.79431915283203125000, nan
2023-01-27 11:24:10.478675, -0.64613342285156250000, nan
2023-01-27 11:24:10.578526, -0.55925750732421875000, nan
2023-01-27 11:24:10.578550, -0.44172668457031250000, nan
2023-01-27 11:24:10.679577, -0.38040924072265625000, nan
2023-01-27 11:24:10.679603, -0.30120849609375000000, nan
2023-01-27 11:24:10.780014, -0.24755096435546875000, nan
2023-01-27 11:24:10.780044, -0.18367767333984375000, nan
2023-01-27 11:24:10.879373, -0.17601013183593750000, nan
2023-01-27 11:24:10.879395, -0.19133758544921875000, nan
2023-01-27 11:24:10.979378, -0.27054595947265625000, nan
2023-01-27 11:24:10.979402, -0.53881835937500000000, nan
2023-01-27 11:24:11.081081, -0.74321746826171875000, nan
2023-01-27 11:24:11.081104, -0.98083496093750000000, nan
2023-01-27 11:24:11.179239, -1.08814239501953125000, nan
2023-01-27 11:24:11.179260, -1.21334075927734375000, nan
2023-01-27 11:24:11.279357, -1.30020904541015625000, nan
2023-01-27 11:24:11.279383, -1.43051147460937500000, nan
2023-01-27 11:24:11.379418, -1.50971984863281250000, nan
2023-01-27 11:24:11.379442, -1.62725067138671875000, nan
2023-01-27 11:24:11.480535, -1.68601226806640625000, nan
2023-01-27 11:24:11.480561, -1.78054809570312500000, nan
2023-01-27 11:24:11.579442, -1.85208892822265625000, nan
2023-01-27 11:24:11.579468, -1.92107391357421875000, nan
2023-01-27 11:24:11.679351, -1.96706390380859375000, nan
2023-01-27 11:24:11.679417, -2.05393218994140625000, nan
2023-01-27 11:24:11.779853, -2.08203887939453125000, nan
2023-01-27 11:24:11.779878, -2.08715057373046875000, nan
2023-01-27 11:24:11.879732, -2.05904388427734375000, nan
2023-01-27 11:24:11.879756, -2.02327728271484375000, nan
2023-01-27 11:24:11.980631, -2.02583312988281250000, nan
2023-01-27 11:24:11.980657, -2.02838897705078125000, nan
2023-01-27 11:24:12.079355, -2.03604888916015625000, nan
2023-01-27 11:24:12.079379, -2.04627227783203125000, nan
2023-01-27 11:24:12.179375, -2.04116058349609375000, nan
2023-01-27 11:24:12.179398, -2.04627227783203125000, nan
2023-01-27 11:24:12.279398, -2.06926727294921875000, nan
2023-01-27 11:24:12.279425, -2.08715057373046875000, nan
2023-01-27 11:24:12.379696, -2.10758972167968750000, nan
2023-01-27 11:24:12.379721, -2.16635894775390625000, nan
2023-01-27 11:24:12.480638, -2.17913055419921875000, nan
2023-01-27 11:24:12.480739, -2.16124725341796875000, nan
2023-01-27 11:24:12.579459, -2.11781311035156250000, nan
2023-01-27 11:24:12.579484, -2.04371643066406250000, nan
2023-01-27 11:24:12.679709, -1.99772644042968750000, nan
2023-01-27 11:24:12.679760, -1.87508392333984375000, nan
2023-01-27 11:24:12.779185, -1.76522064208984375000, nan
2023-01-27 11:24:12.779207, -1.59658813476562500000, nan
2023-01-27 11:24:12.879726, -1.48161315917968750000, nan
2023-01-27 11:24:12.879743, -1.32064819335937500000, nan
2023-01-27 11:24:12.979971, -1.23377990722656250000, nan
2023-01-27 11:24:12.979986, -1.09069824218750000000, nan
2023-01-27 11:24:13.080397, -1.00382995605468750000, nan
2023-01-27 11:24:13.080421, -0.89652252197265625000, nan
2023-01-27 11:24:13.181503, -0.81475830078125000000, nan
2023-01-27 11:24:13.181529, -0.66146087646484375000, nan
2023-01-27 11:24:13.280365, -0.53370666503906250000, nan
2023-01-27 11:24:13.280390, -0.36763763427734375000, nan
2023-01-27 11:24:13.382024, -0.28331756591796875000, nan
2023-01-27 11:24:13.382050, -0.18112182617187500000, nan
2023-01-27 11:24:13.480107, -0.14534759521484375000, nan
2023-01-27 11:24:13.480127, -0.08403015136718750000, nan
2023-01-27 11:24:13.579428, -0.02526855468750000000, nan
2023-01-27 11:24:13.579455, 0.03861236572265625000, nan
2023-01-27 11:24:13.679585, 0.07949066162109375000, nan
2023-01-27 11:24:13.679609, 0.05138397216796875000, nan
2023-01-27 11:24:13.779575, -0.06614685058593750000, nan
2023-01-27 11:24:13.779598, -0.25521850585937500000, nan
2023-01-27 11:24:13.879529, -0.35741424560546875000, nan
2023-01-27 11:24:13.879561, -0.47238922119140625000, nan
2023-01-27 11:24:13.979317, -0.55415344238281250000, nan
2023-01-27 11:24:13.979340, -0.71766662597656250000, nan
2023-01-27 11:24:14.081514, -0.82753753662109375000, nan
2023-01-27 11:24:14.081537, -1.00382995605468750000, nan
2023-01-27 11:24:14.179434, -1.11624908447265625000, nan
2023-01-27 11:24:14.179456, -1.25166320800781250000, nan
2023-01-27 11:24:14.279597, -1.33598327636718750000, nan
2023-01-27 11:24:14.279620, -1.48161315917968750000, nan
2023-01-27 11:24:14.379269, -1.56593322753906250000, nan
2023-01-27 11:24:14.379293, -1.67835235595703125000, nan
2023-01-27 11:24:14.480105, -1.76777648925781250000, nan
2023-01-27 11:24:14.480129, -1.87252807617187500000, nan
2023-01-27 11:24:14.579359, -1.90830230712890625000, nan
2023-01-27 11:24:14.579385, -1.91341400146484375000, nan
2023-01-27 11:24:14.679348, -1.90574645996093750000, nan
2023-01-27 11:24:14.679371, -1.92362976074218750000, nan
2023-01-27 11:24:14.779362, -1.93895721435546875000, nan
2023-01-27 11:24:14.779388, -1.95684814453125000000, nan
2023-01-27 11:24:14.879578, -1.97984313964843750000, nan
2023-01-27 11:24:14.879611, -2.00028228759765625000, nan
2023-01-27 11:24:14.979431, -2.00539398193359375000, nan
2023-01-27 11:24:14.979458, -2.04116058349609375000, nan
2023-01-27 11:24:15.079252, -2.05648803710937500000, nan
2023-01-27 11:24:15.079276, -2.07692718505859375000, nan
2023-01-27 11:24:15.179183, -2.11525726318359375000, nan
2023-01-27 11:24:15.179203, -2.14846801757812500000, nan
2023-01-27 11:24:15.279614, -2.15102386474609375000, nan
2023-01-27 11:24:15.279637, -2.11014556884765625000, nan
2023-01-27 11:24:15.379395, -2.06671142578125000000, nan
2023-01-27 11:24:15.379420, -2.03860473632812500000, nan
2023-01-27 11:24:15.481713, -2.03604888916015625000, nan
2023-01-27 11:24:15.481730, -2.03349304199218750000, nan
2023-01-27 11:24:15.579380, -2.04116058349609375000, nan
2023-01-27 11:24:15.579406, -2.05648803710937500000, nan
2023-01-27 11:24:15.680609, -2.05648803710937500000, nan
2023-01-27 11:24:15.680628, -2.05393218994140625000, nan
2023-01-27 11:24:15.779184, -2.07692718505859375000, nan
2023-01-27 11:24:15.779210, -2.10247802734375000000, nan
2023-01-27 11:24:15.879267, -2.11525726318359375000, nan
2023-01-27 11:24:15.879289, -2.16890716552734375000, nan
2023-01-27 11:24:15.979543, -2.18935394287109375000, nan
2023-01-27 11:24:15.979569, -2.17401885986328125000, nan
2023-01-27 11:24:16.079294, -2.13569641113281250000, nan
2023-01-27 11:24:16.079315, -2.07948303222656250000, nan
2023-01-27 11:24:16.180193, -2.06415557861328125000, nan
2023-01-27 11:24:16.180220, -2.05648803710937500000, nan
2023-01-27 11:24:16.281825, -2.05648803710937500000, nan
2023-01-27 11:24:16.281849, -2.07182312011718750000, nan
2023-01-27 11:24:16.382237, -2.08459472656250000000, nan
2023-01-27 11:24:16.382262, -2.09226226806640625000, nan
2023-01-27 11:24:16.480411, -2.09226226806640625000, nan
2023-01-27 11:24:16.480439, -2.12547302246093750000, nan
2023-01-27 11:24:16.579290, -2.14080810546875000000, nan
2023-01-27 11:24:16.579312, -2.16635894775390625000, nan
2023-01-27 11:24:16.679235, -2.21234893798828125000, nan
2023-01-27 11:24:16.679256, -2.24044799804687500000, nan
2023-01-27 11:24:16.779489, -2.22767639160156250000, nan
2023-01-27 11:24:16.779511, -2.16124725341796875000, nan
2023-01-27 11:24:16.879518, -2.11525726318359375000, nan
2023-01-27 11:24:16.879551, -2.06926727294921875000, nan
2023-01-27 11:24:16.979351, -2.02072143554687500000, 9.70873832702636718750
2023-01-27 11:24:16.979376, -1.92362976074218750000, nan
2023-01-27 11:24:17.079259, -1.82909393310546875000, nan
2023-01-27 11:24:17.079284, -1.67579650878906250000, nan
2023-01-27 11:24:17.179168, -1.58637237548828125000, nan
2023-01-27 11:24:17.179189, -1.46117401123046875000, nan
2023-01-27 11:24:17.280934, -1.40496826171875000000, nan
2023-01-27 11:24:17.280962, -1.30276489257812500000, nan
2023-01-27 11:24:17.379350, -1.23122406005859375000, nan
2023-01-27 11:24:17.379380, -1.16223907470703125000, nan
2023-01-27 11:24:17.479895, -1.09836578369140625000, nan
2023-01-27 11:24:17.479915, -0.97316741943359375000, nan
2023-01-27 11:24:17.579301, -0.86841583251953125000, nan
2023-01-27 11:24:17.579324, -0.73044586181640625000, nan
2023-01-27 11:24:17.679221, -0.66146087646484375000, nan
2023-01-27 11:24:17.679244, -0.55670166015625000000, nan
2023-01-27 11:24:17.781174, -0.49538421630859375000, nan
2023-01-27 11:24:17.781207, -0.42128753662109375000, nan
2023-01-27 11:24:17.880187, -0.37785339355468750000, nan
2023-01-27 11:24:17.880209, -0.32420349121093750000, nan
2023-01-27 11:24:17.980868, -0.31142425537109375000, nan
2023-01-27 11:24:17.980890, -0.37529754638671875000, nan
2023-01-27 11:24:18.080486, -0.47494506835937500000, nan
2023-01-27 11:24:18.080512, -0.69467163085937500000, nan
2023-01-27 11:24:18.175445, -0.85563659667968750000, nan
2023-01-27 11:24:18.175477, -1.04981994628906250000, nan
2023-01-27 11:24:18.276118, -1.18267822265625000000, nan
2023-01-27 11:24:18.276144, -1.24144744873046875000, nan
2023-01-27 11:24:18.375329, -1.35131072998046875000, nan
2023-01-27 11:24:18.375354, -1.43051147460937500000, nan
2023-01-27 11:24:18.476173, -1.54293823242187500000, nan
2023-01-27 11:24:18.476195, -1.61958312988281250000, nan
2023-01-27 11:24:18.575180, -1.71923065185546875000, nan
2023-01-27 11:24:18.575204, -1.77288818359375000000, nan
2023-01-27 11:24:18.676998, -1.85975646972656250000, nan
2023-01-27 11:24:18.677024, -1.92362976074218750000, nan
2023-01-27 11:24:18.775206, -1.97217559814453125000, nan
2023-01-27 11:24:18.775230, -2.00794219970703125000, nan
2023-01-27 11:24:18.875343, -2.09226226806640625000, nan
2023-01-27 11:24:18.875367, -2.12547302246093750000, nan
2023-01-27 11:24:18.975367, -2.13314056396484375000, nan
2023-01-27 11:24:18.975387, -2.11525726318359375000, nan
2023-01-27 11:24:19.075404, -2.07692718505859375000, nan
2023-01-27 11:24:19.075427, -2.06415557861328125000, nan
2023-01-27 11:24:19.175239, -2.05393218994140625000, nan
2023-01-27 11:24:19.175259, -2.05648803710937500000, nan
2023-01-27 11:24:19.276866, -2.06671142578125000000, nan
2023-01-27 11:24:19.276892, -2.06926727294921875000, nan
2023-01-27 11:24:19.375398, -2.06926727294921875000, nan
2023-01-27 11:24:19.375419, -2.07437896728515625000, nan
2023-01-27 11:24:19.475509, -2.10247802734375000000, nan
2023-01-27 11:24:19.475544, -2.11014556884765625000, nan
2023-01-27 11:24:19.575265, -2.13825225830078125000, nan
2023-01-27 11:24:19.575289, -2.16635894775390625000, nan
2023-01-27 11:24:19.675449, -2.16890716552734375000, nan
2023-01-27 11:24:19.675483, -2.15102386474609375000, nan
2023-01-27 11:24:19.775670, -2.09737396240234375000, nan
2023-01-27 11:24:19.775694, -2.06926727294921875000, nan
2023-01-27 11:24:19.875228, -2.05138397216796875000, nan
2023-01-27 11:24:19.875254, -2.04882812500000000000, nan
2023-01-27 11:24:19.975608, -2.06415557861328125000, nan
2023-01-27 11:24:19.975633, -2.07437896728515625000, nan
2023-01-27 11:24:20.075191, -2.07948303222656250000, nan
2023-01-27 11:24:20.075214, -2.07692718505859375000, nan
2023-01-27 11:24:20.175390, -2.10503387451171875000, nan
2023-01-27 11:24:20.175421, -2.11781311035156250000, nan
2023-01-27 11:24:20.274683, -2.13825225830078125000, nan
2023-01-27 11:24:20.274698, -2.17657470703125000000, nan
2023-01-27 11:24:20.374964, -2.20212554931640625000, nan
2023-01-27 11:24:20.374989, -2.18679809570312500000, nan
2023-01-27 11:24:20.475378, -2.13314056396484375000, nan
2023-01-27 11:24:20.475404, -2.10503387451171875000, nan
2023-01-27 11:24:20.575684, -2.08203887939453125000, nan
2023-01-27 11:24:20.575714, -2.07182312011718750000, nan
2023-01-27 11:24:20.675932, -2.05904388427734375000, nan
2023-01-27 11:24:20.675960, -2.03093719482421875000, nan
2023-01-27 11:24:20.775344, -1.91851806640625000000, nan
2023-01-27 11:24:20.775369, -1.80865478515625000000, nan
2023-01-27 11:24:20.875196, -1.67579650878906250000, nan
2023-01-27 11:24:20.875220, -1.59914398193359375000, nan
2023-01-27 11:24:20.975454, -1.48928070068359375000, nan
2023-01-27 11:24:20.975479, -1.43306732177734375000, nan
2023-01-27 11:24:21.074739, -1.33598327636718750000, nan
2023-01-27 11:24:21.074751, -1.25933074951171875000, nan
2023-01-27 11:24:21.175164, -1.13157653808593750000, nan
2023-01-27 11:24:21.175186, -1.04981994628906250000, nan
2023-01-27 11:24:21.275492, -0.93995666503906250000, nan
2023-01-27 11:24:21.275514, -0.87608337402343750000, nan
2023-01-27 11:24:21.375429, -0.81220245361328125000, nan
2023-01-27 11:24:21.375464, -0.78154754638671875000, nan
2023-01-27 11:24:21.475492, -0.72277832031250000000, nan
2023-01-27 11:24:21.475525, -0.68956756591796875000, nan
2023-01-27 11:24:21.575385, -0.67678833007812500000, nan
2023-01-27 11:24:21.575408, -0.67678833007812500000, nan
2023-01-27 11:24:21.675359, -0.72789001464843750000, nan
2023-01-27 11:24:21.675381, -0.83009338378906250000, nan
2023-01-27 11:24:21.775439, -1.02171325683593750000, nan
2023-01-27 11:24:21.775463, -1.12391662597656250000, nan
2023-01-27 11:24:21.875320, -1.21589660644531250000, nan
2023-01-27 11:24:21.875346, -1.27210235595703125000, nan
2023-01-27 11:24:21.975894, -1.38197326660156250000, nan
2023-01-27 11:24:21.975922, -1.46117401123046875000, nan
2023-01-27 11:24:22.075220, -1.57103729248046875000, nan
2023-01-27 11:24:22.075243, -1.64002227783203125000, nan
2023-01-27 11:24:22.175156, -1.71923065185546875000, nan
2023-01-27 11:24:22.175176, -1.75755310058593750000, nan
2023-01-27 11:24:22.275458, -1.85208892822265625000, nan
2023-01-27 11:24:22.275481, -1.90830230712890625000, nan
2023-01-27 11:24:22.377345, -1.96450805664062500000, nan
2023-01-27 11:24:22.377376, -2.01816558837890625000, nan
2023-01-27 11:24:22.475490, -2.08203887939453125000, nan
2023-01-27 11:24:22.475525, -2.09481811523437500000, nan
2023-01-27 11:24:22.575483, -2.06159973144531250000, nan
2023-01-27 11:24:22.575503, -2.03604888916015625000, nan
2023-01-27 11:24:22.675391, -2.02838897705078125000, nan
2023-01-27 11:24:22.675425, -2.02838897705078125000, nan
2023-01-27 11:24:22.775391, -2.03604888916015625000, nan
2023-01-27 11:24:22.775415, -2.04882812500000000000, nan
2023-01-27 11:24:22.875437, -2.05904388427734375000, nan
2023-01-27 11:24:22.875463, -2.06415557861328125000, nan
2023-01-27 11:24:22.975424, -2.10247802734375000000, nan
2023-01-27 11:24:22.975454, -2.12547302246093750000, nan
2023-01-27 11:24:23.076271, -2.14846801757812500000, nan
2023-01-27 11:24:23.076295, -2.18168640136718750000, nan
2023-01-27 11:24:23.175215, -2.21489715576171875000, nan
2023-01-27 11:24:23.175246, -2.21234893798828125000, nan
2023-01-27 11:24:23.276546, -2.17401885986328125000, nan
2023-01-27 11:24:23.276571, -2.14080810546875000000, nan
2023-01-27 11:24:23.376283, -2.12036895751953125000, nan
2023-01-27 11:24:23.376309, -2.11270141601562500000, nan
2023-01-27 11:24:23.476319, -2.11014556884765625000, nan
2023-01-27 11:24:23.476346, -2.12036895751953125000, nan
2023-01-27 11:24:23.576229, -2.12802886962890625000, nan
2023-01-27 11:24:23.576254, -2.12802886962890625000, nan
2023-01-27 11:24:23.676560, -2.14846801757812500000, nan
2023-01-27 11:24:23.676584, -2.16635894775390625000, nan
2023-01-27 11:24:23.776269, -2.18168640136718750000, nan
2023-01-27 11:24:23.776296, -2.20468139648437500000, nan
2023-01-27 11:24:23.876292, -2.18935394287109375000, nan
2023-01-27 11:24:23.876320, -2.12802886962890625000, nan
2023-01-27 11:24:23.976268, -1.96706390380859375000, nan
2023-01-27 11:24:23.976294, -1.83676147460937500000, nan
2023-01-27 11:24:24.076200, -1.67579650878906250000, nan
2023-01-27 11:24:24.076224, -1.58381652832031250000, nan
2023-01-27 11:24:24.176221, -1.45606231689453125000, nan
2023-01-27 11:24:24.176241, -1.38707733154296875000, nan
2023-01-27 11:24:24.276358, -1.26699829101562500000, nan
2023-01-27 11:24:24.276420, -1.19545745849609375000, nan
2023-01-27 11:24:24.376028, -1.12902832031250000000, nan
2023-01-27 11:24:24.376049, -1.07025909423828125000, nan
2023-01-27 11:24:24.478223, -0.97572326660156250000, nan
2023-01-27 11:24:24.478253, -0.93740081787109375000, nan
2023-01-27 11:24:24.576216, -0.88118743896484375000, nan
2023-01-27 11:24:24.576240, -0.83519744873046875000, nan
2023-01-27 11:24:24.676669, -0.74577331542968750000, nan
2023-01-27 11:24:24.676695, -0.68701171875000000000, nan
2023-01-27 11:24:24.776198, -0.63335418701171875000, nan
2023-01-27 11:24:24.776225, -0.61802673339843750000, nan
2023-01-27 11:24:24.876310, -0.61802673339843750000, nan
2023-01-27 11:24:24.876333, -0.63846588134765625000, nan
2023-01-27 11:24:24.976822, -0.69722747802734375000, nan
2023-01-27 11:24:24.976846, -0.76876831054687500000, nan
2023-01-27 11:24:25.076191, -0.95783996582031250000, nan
2023-01-27 11:24:25.076216, -1.09069824218750000000, nan
2023-01-27 11:24:25.176034, -1.25166320800781250000, nan
2023-01-27 11:24:25.176058, -1.36663818359375000000, nan
2023-01-27 11:24:25.276426, -1.52249145507812500000, nan
2023-01-27 11:24:25.276449, -1.59403228759765625000, nan
2023-01-27 11:24:25.376692, -1.65791320800781250000, nan
2023-01-27 11:24:25.376721, -1.68090820312500000000, nan
2023-01-27 11:24:25.476637, -1.73200225830078125000, nan
2023-01-27 11:24:25.476662, -1.76777648925781250000, nan
2023-01-27 11:24:25.575533, -1.83931732177734375000, nan
2023-01-27 11:24:25.575546, -1.88786315917968750000, nan
2023-01-27 11:24:25.676190, -1.93129730224609375000, nan
2023-01-27 11:24:25.676209, -1.95429229736328125000, nan
2023-01-27 11:24:25.776592, -1.99772644042968750000, nan
2023-01-27 11:24:25.776620, -2.02838897705078125000, nan
2023-01-27 11:24:25.876113, -2.05138397216796875000, nan
2023-01-27 11:24:25.876135, -2.08203887939453125000, nan
2023-01-27 11:24:25.976167, -2.13569641113281250000, nan
2023-01-27 11:24:25.976193, -2.14591217041015625000, nan
2023-01-27 11:24:26.076291, -2.12547302246093750000, nan
2023-01-27 11:24:26.076317, -2.09481811523437500000, nan
2023-01-27 11:24:26.176198, -2.07437896728515625000, nan
2023-01-27 11:24:26.176230, -2.07692718505859375000, nan
2023-01-27 11:24:26.276597, -2.07692718505859375000, nan
2023-01-27 11:24:26.276622, -2.08459472656250000000, nan
2023-01-27 11:24:26.376095, -2.09992218017578125000, nan
2023-01-27 11:24:26.376135, -2.10247802734375000000, nan
2023-01-27 11:24:26.476619, -2.11014556884765625000, nan
2023-01-27 11:24:26.476644, -2.14080810546875000000, nan
2023-01-27 11:24:26.576194, -2.16380310058593750000, nan
2023-01-27 11:24:26.576221, -2.17146301269531250000, nan
2023-01-27 11:24:26.676135, -2.22256469726562500000, nan
2023-01-27 11:24:26.676158, -2.24044799804687500000, nan
2023-01-27 11:24:26.776772, -2.23023223876953125000, nan
2023-01-27 11:24:26.776800, -2.18679809570312500000, nan
2023-01-27 11:24:26.876179, -2.10247802734375000000, nan
2023-01-27 11:24:26.876206, -2.04627227783203125000, nan
2023-01-27 11:24:26.976685, -1.93385314941406250000, 9.41422557830810546875
2023-01-27 11:24:26.976710, -1.84442901611328125000, nan
2023-01-27 11:24:27.076170, -1.71411895751953125000, nan
2023-01-27 11:24:27.076251, -1.62980651855468750000, nan
2023-01-27 11:24:27.176092, -1.48928070068359375000, nan
2023-01-27 11:24:27.176115, -1.40751647949218750000, nan
2023-01-27 11:24:27.276415, -1.30787658691406250000, nan
2023-01-27 11:24:27.276444, -1.24400329589843750000, nan
2023-01-27 11:24:27.376143, -1.17246246337890625000, nan
2023-01-27 11:24:27.376171, -1.13413238525390625000, nan
2023-01-27 11:24:27.478207, -1.03449249267578125000, nan
2023-01-27 11:24:27.478230, -0.93740081787109375000, nan
2023-01-27 11:24:27.576242, -0.78410339355468750000, nan
2023-01-27 11:24:27.576264, -0.69467163085937500000, nan
2023-01-27 11:24:27.676286, -0.57203674316406250000, nan
2023-01-27 11:24:27.676307, -0.50560760498046875000, nan
2023-01-27 11:24:27.777219, -0.45961761474609375000, nan
2023-01-27 11:24:27.777243, -0.42384338378906250000, nan
2023-01-27 11:24:27.878228, -0.40851593017578125000, nan
2023-01-27 11:24:27.878251, -0.44172668457031250000, nan
2023-01-27 11:24:27.978271, -0.54137420654296875000, nan
2023-01-27 11:24:27.978295, -0.73300170898437500000, nan
2023-01-27 11:24:28.078378, -0.86585998535156250000, nan
2023-01-27 11:24:28.078402, -1.09580993652343750000, nan
2023-01-27 11:24:28.178128, -1.22100830078125000000, nan
2023-01-27 11:24:28.178150, -1.34875488281250000000, nan
2023-01-27 11:24:28.278238, -1.39985656738281250000, nan
2023-01-27 11:24:28.278263, -1.46884155273437500000, nan
2023-01-27 11:24:28.379313, -1.52249145507812500000, nan
2023-01-27 11:24:28.379339, -1.62213897705078125000, nan
2023-01-27 11:24:28.478190, -1.70645904541015625000, nan
2023-01-27 11:24:28.478215, -1.82143402099609375000, nan
2023-01-27 11:24:28.578206, -1.86997222900390625000, nan
2023-01-27 11:24:28.578231, -1.92107391357421875000, nan
2023-01-27 11:24:28.678071, -1.95429229736328125000, nan
2023-01-27 11:24:28.678095, -1.95429229736328125000, nan
2023-01-27 11:24:28.778330, -1.93895721435546875000, nan
2023-01-27 11:24:28.778354, -1.94918060302734375000, nan
2023-01-27 11:24:28.878559, -1.95940399169921875000, nan
2023-01-27 11:24:28.878585, -1.96706390380859375000, nan
2023-01-27 11:24:28.976233, -1.97473144531250000000, nan
2023-01-27 11:24:28.976259, -1.98239898681640625000, nan
2023-01-27 11:24:29.076159, -1.99005889892578125000, nan
2023-01-27 11:24:29.076181, -1.99772644042968750000, nan
2023-01-27 11:24:29.175944, -2.00794219970703125000, nan
2023-01-27 11:24:29.175964, -2.01305389404296875000, nan
2023-01-27 11:24:29.276616, -2.04371643066406250000, nan
2023-01-27 11:24:29.276641, -2.05904388427734375000, nan
2023-01-27 11:24:29.376274, -2.11014556884765625000, nan
2023-01-27 11:24:29.376362, -2.17146301269531250000, nan
2023-01-27 11:24:29.476584, -2.21234893798828125000, nan
2023-01-27 11:24:29.476606, -2.21234893798828125000, nan
2023-01-27 11:24:29.576145, -2.18679809570312500000, nan
2023-01-27 11:24:29.576169, -2.15357971191406250000, nan
2023-01-27 11:24:29.676114, -2.13058471679687500000, nan
2023-01-27 11:24:29.676140, -2.11781311035156250000, nan
2023-01-27 11:24:29.776166, -2.10758972167968750000, nan
2023-01-27 11:24:29.776191, -2.11014556884765625000, nan
2023-01-27 11:24:29.876571, -2.08459472656250000000, nan
2023-01-27 11:24:29.876598, -2.02838897705078125000, nan
2023-01-27 11:24:29.976208, -1.88786315917968750000, nan
2023-01-27 11:24:29.976240, -1.79077148437500000000, nan
2023-01-27 11:24:30.075979, -1.63236236572265625000, nan
2023-01-27 11:24:30.076004, -1.53782653808593750000, nan
2023-01-27 11:24:30.177802, -1.44584655761718750000, nan
2023-01-27 11:24:30.177821, -1.36663818359375000000, nan
2023-01-27 11:24:30.277233, -1.22611236572265625000, nan
2023-01-27 11:24:30.277258, -1.13413238525390625000, nan
2023-01-27 11:24:30.377282, -0.99871826171875000000, nan
2023-01-27 11:24:30.377307, -0.92462158203125000000, nan
2023-01-27 11:24:30.477326, -0.81986999511718750000, nan
2023-01-27 11:24:30.477351, -0.76876831054687500000, nan
2023-01-27 11:24:30.577311, -0.72533416748046875000, nan
2023-01-27 11:24:30.577336, -0.65634918212890625000, nan
2023-01-27 11:24:30.678194, -0.60780334472656250000, nan
2023-01-27 11:24:30.678215, -0.54904174804687500000, nan
2023-01-27 11:24:30.776490, -0.52349090576171875000, nan
2023-01-27 11:24:30.776502, -0.50560760498046875000, nan
2023-01-27 11:24:30.877174, -0.54137420654296875000, nan
2023-01-27 11:24:30.877197, -0.63335418701171875000, nan
2023-01-27 11:24:30.977292, -0.68701171875000000000, nan
2023-01-27 11:24:30.977319, -0.76110839843750000000, nan
2023-01-27 11:24:31.077112, -0.78410339355468750000, nan
2023-01-27 11:24:31.077135, -0.82498168945312500000, nan
2023-01-27 11:24:31.178001, -0.86841583251953125000, nan
2023-01-27 11:24:31.178022, -0.95017242431640625000, nan
2023-01-27 11:24:31.277229, -1.02426910400390625000, nan
2023-01-27 11:24:31.277256, -1.13157653808593750000, nan
2023-01-27 11:24:31.377963, -1.19545745849609375000, nan
2023-01-27 11:24:31.377991, -1.29509735107421875000, nan
2023-01-27 11:24:31.477436, -1.38197326660156250000, nan
2023-01-27 11:24:31.477462, -1.47905731201171875000, nan
2023-01-27 11:24:31.577195, -1.53782653808593750000, nan
2023-01-27 11:24:31.577220, -1.65535736083984375000, nan
2023-01-27 11:24:31.677292, -1.70645904541015625000, nan
2023-01-27 11:24:31.677321, -1.74989318847656250000, nan
2023-01-27 11:24:31.777280, -1.75499725341796875000, nan
2023-01-27 11:24:31.777306, -1.76777648925781250000, nan
2023-01-27 11:24:31.877187, -1.79843902587890625000, nan
2023-01-27 11:24:31.877214, -1.85208892822265625000, nan
2023-01-27 11:24:31.978034, -1.88275146484375000000, nan
2023-01-27 11:24:31.978059, -1.89296722412109375000, nan
2023-01-27 11:24:32.076637, -1.88275146484375000000, nan
2023-01-27 11:24:32.076654, -1.87763977050781250000, nan
2023-01-27 11:24:32.177167, -1.91596221923828125000, nan
2023-01-27 11:24:32.177191, -1.95940399169921875000, nan
2023-01-27 11:24:32.277211, -1.98239898681640625000, nan
2023-01-27 11:24:32.277235, -2.05904388427734375000, nan
2023-01-27 11:24:32.377187, -2.09481811523437500000, nan
2023-01-27 11:24:32.377214, -2.09737396240234375000, nan
2023-01-27 11:24:32.477484, -2.06415557861328125000, nan
2023-01-27 11:24:32.477508, -2.02583312988281250000, nan
2023-01-27 11:24:32.577179, -2.02838897705078125000, nan
2023-01-27 11:24:32.577204, -2.04627227783203125000, nan
2023-01-27 11:24:32.677271, -2.07182312011718750000, nan
2023-01-27 11:24:32.677298, -2.11525726318359375000, nan
2023-01-27 11:24:32.778301, -2.12291717529296875000, nan
2023-01-27 11:24:32.778333, -2.11781311035156250000, nan
2023-01-27 11:24:32.877170, -2.11781311035156250000, nan
2023-01-27 11:24:32.877195, -2.09226226806640625000, nan
2023-01-27 11:24:32.977561, -2.04371643066406250000, nan
2023-01-27 11:24:32.977585, -1.98239898681640625000, nan
2023-01-27 11:24:33.077109, -1.97473144531250000000, nan
2023-01-27 11:24:33.077134, -1.97217559814453125000, nan
2023-01-27 11:24:33.177140, -1.97217559814453125000, nan
2023-01-27 11:24:33.177166, -1.96450805664062500000, nan
2023-01-27 11:24:33.277412, -1.94406890869140625000, nan
2023-01-27 11:24:33.277435, -1.90830230712890625000, nan
2023-01-27 11:24:33.377260, -1.89807891845703125000, nan
2023-01-27 11:24:33.377287, -1.93640899658203125000, nan
2023-01-27 11:24:33.476898, -2.00028228759765625000, nan
2023-01-27 11:24:33.476925, -2.09992218017578125000, nan
2023-01-27 11:24:33.577216, -2.15102386474609375000, nan
2023-01-27 11:24:33.577239, -2.23278808593750000000, nan
2023-01-27 11:24:33.677555, -2.25067138671875000000, nan
2023-01-27 11:24:33.677578, -2.20979309082031250000, nan
2023-01-27 11:24:33.777367, -2.15613555908203125000, nan
2023-01-27 11:24:33.777390, -2.05393218994140625000, nan
2023-01-27 11:24:33.881498, -1.99772644042968750000, nan
2023-01-27 11:24:33.881514, -1.94151306152343750000, nan
2023-01-27 11:24:33.977198, -1.92362976074218750000, nan
2023-01-27 11:24:33.977224, -1.83931732177734375000, nan
2023-01-27 11:24:34.078753, -1.71923065185546875000, nan
2023-01-27 11:24:34.078801, -1.53527069091796875000, nan
2023-01-27 11:24:34.177604, -1.44584655761718750000, nan
2023-01-27 11:24:34.177626, -1.31043243408203125000, nan
2023-01-27 11:24:34.277158, -1.22355651855468750000, nan
2023-01-27 11:24:34.277182, -1.11880493164062500000, nan
2023-01-27 11:24:34.377084, -1.03193664550781250000, nan
2023-01-27 11:24:34.377107, -0.86074829101562500000, nan
2023-01-27 11:24:34.477414, -0.73300170898437500000, nan
2023-01-27 11:24:34.477438, -0.56181335449218750000, nan
2023-01-27 11:24:34.577332, -0.48005676269531250000, nan
2023-01-27 11:24:34.577359, -0.40340423583984375000, nan
2023-01-27 11:24:34.677474, -0.40340423583984375000, nan
2023-01-27 11:24:34.677498, -0.48516845703125000000, nan
2023-01-27 11:24:34.777049, -0.58992004394531250000, nan
2023-01-27 11:24:34.777070, -0.78920745849609375000, nan
2023-01-27 11:24:34.877178, -0.91440582275390625000, nan
2023-01-27 11:24:34.877202, -1.07792663574218750000, nan
2023-01-27 11:24:34.977157, -1.18012237548828125000, nan
2023-01-27 11:24:34.977183, -1.31553649902343750000, nan
2023-01-27 11:24:35.081038, -1.39218902587890625000, nan
2023-01-27 11:24:35.081062, -1.45095825195312500000, nan
2023-01-27 11:24:35.176988, -1.47395324707031250000, nan
2023-01-27 11:24:35.177007, -1.52760314941406250000, nan
2023-01-27 11:24:35.277376, -1.56593322753906250000, nan
2023-01-27 11:24:35.277401, -1.62469482421875000000, nan
2023-01-27 11:24:35.377114, -1.66301727294921875000, nan
2023-01-27 11:24:35.377142, -1.70645904541015625000, nan
2023-01-27 11:24:35.477532, -1.74989318847656250000, nan
2023-01-27 11:24:35.477558, -1.81632232666015625000, nan
2023-01-27 11:24:35.577253, -1.82143402099609375000, nan
2023-01-27 11:24:35.577280, -1.86742401123046875000, nan
2023-01-27 11:24:35.677658, -1.91596221923828125000, nan
2023-01-27 11:24:35.677684, -1.93895721435546875000, nan
2023-01-27 11:24:35.777169, -1.93640899658203125000, nan
2023-01-27 11:24:35.777188, -1.91085815429687500000, nan
2023-01-27 11:24:35.879217, -1.91851806640625000000, nan
2023-01-27 11:24:35.879239, -1.94662475585937500000, nan
2023-01-27 11:24:35.978482, -1.95684814453125000000, nan
2023-01-27 11:24:35.978505, -1.98494720458984375000, nan
2023-01-27 11:24:36.078123, -2.00028228759765625000, nan
2023-01-27 11:24:36.078143, -2.02072143554687500000, nan
2023-01-27 11:24:36.177890, -2.04882812500000000000, nan
2023-01-27 11:24:36.177910, -2.06926727294921875000, nan
2023-01-27 11:24:36.278118, -2.08459472656250000000, nan
2023-01-27 11:24:36.278140, -2.13314056396484375000, nan
2023-01-27 11:24:36.378118, -2.14591217041015625000, nan
2023-01-27 11:24:36.378145, -2.13058471679687500000, nan
2023-01-27 11:24:36.478506, -2.09992218017578125000, nan
2023-01-27 11:24:36.478534, -2.06415557861328125000, nan
2023-01-27 11:24:36.578116, -2.06159973144531250000, nan
2023-01-27 11:24:36.578140, -2.06415557861328125000, nan
2023-01-27 11:24:36.678038, -2.07437896728515625000, nan
2023-01-27 11:24:36.678063, -2.09737396240234375000, nan
2023-01-27 11:24:36.778164, -2.09992218017578125000, nan
2023-01-27 11:24:36.778188, -2.11014556884765625000, nan
2023-01-27 11:24:36.878259, -2.11525726318359375000, nan
2023-01-27 11:24:36.878285, -2.07182312011718750000, nan
2023-01-27 11:24:36.978126, -2.03860473632812500000, 17.67676734924316406250
2023-01-27 11:24:36.978154, -1.96195220947265625000, nan
2023-01-27 11:24:37.078194, -1.85464477539062500000, nan
2023-01-27 11:24:37.078218, -1.64002227783203125000, nan
2023-01-27 11:24:37.178990, -1.50205230712890625000, nan
2023-01-27 11:24:37.179013, -1.34619903564453125000, nan
2023-01-27 11:24:37.277948, -1.25421905517578125000, nan
2023-01-27 11:24:37.277967, -1.13413238525390625000, nan
2023-01-27 11:24:37.378223, -1.06514739990234375000, nan
2023-01-27 11:24:37.378248, -0.93995666503906250000, nan
2023-01-27 11:24:37.478028, -0.84286499023437500000, nan
2023-01-27 11:24:37.478055, -0.72022247314453125000, nan
2023-01-27 11:24:37.578065, -0.65379333496093750000, nan
2023-01-27 11:24:37.578089, -0.53626251220703125000, nan
2023-01-27 11:24:37.678219, -0.46217346191406250000, nan
2023-01-27 11:24:37.678242, -0.40340423583984375000, nan
2023-01-27 11:24:37.778140, -0.36508178710937500000, nan
2023-01-27 11:24:37.778167, -0.27565765380859375000, nan
2023-01-27 11:24:37.877504, -0.22200012207031250000, nan
2023-01-27 11:24:37.877518, -0.21688842773437500000, nan
2023-01-27 11:24:37.977570, -0.25776672363281250000, nan
2023-01-27 11:24:37.977584, -0.39318847656250000000, nan
2023-01-27 11:24:38.078242, -0.54137420654296875000, nan
2023-01-27 11:24:38.078266, -0.75855255126953125000, nan
2023-01-27 11:24:38.178071, -0.87352752685546875000, nan
2023-01-27 11:24:38.178096, -1.04726409912109375000, nan
2023-01-27 11:24:38.278122, -1.16223907470703125000, nan
2023-01-27 11:24:38.278147, -1.31298828125000000000, nan
2023-01-27 11:24:38.378081, -1.42540740966796875000, nan
2023-01-27 11:24:38.378107, -1.58126068115234375000, nan
2023-01-27 11:24:38.478256, -1.65280151367187500000, nan
2023-01-27 11:24:38.478281, -1.71667480468750000000, nan
2023-01-27 11:24:38.578212, -1.73200225830078125000, nan
2023-01-27 11:24:38.578230, -1.76777648925781250000, nan
2023-01-27 11:24:38.677988, -1.80098724365234375000, nan
2023-01-27 11:24:38.678007, -1.85975646972656250000, nan
2023-01-27 11:24:38.777857, -1.89807891845703125000, nan
2023-01-27 11:24:38.777878, -1.93385314941406250000, nan
2023-01-27 11:24:38.878027, -1.95173645019531250000, nan
2023-01-27 11:24:38.878048, -1.97728729248046875000, nan
2023-01-27 11:24:38.978412, -2.01816558837890625000, nan
2023-01-27 11:24:38.978435, -2.05648803710937500000, nan
2023-01-27 11:24:39.078212, -2.07948303222656250000, nan
2023-01-27 11:24:39.078239, -2.14080810546875000000, nan
2023-01-27 11:24:39.178005, -2.15869140625000000000, nan
2023-01-27 11:24:39.178030, -2.14846801757812500000, nan
2023-01-27 11:24:39.278094, -2.11270141601562500000, nan
2023-01-27 11:24:39.278118, -2.06415557861328125000, nan
2023-01-27 11:24:39.378035, -2.05904388427734375000, nan
2023-01-27 11:24:39.378058, -2.05138397216796875000, nan
2023-01-27 11:24:39.478491, -2.04882812500000000000, nan
2023-01-27 11:24:39.478516, -2.05648803710937500000, nan
2023-01-27 11:24:39.577958, -2.06671142578125000000, nan
2023-01-27 11:24:39.577980, -2.06926727294921875000, nan
2023-01-27 11:24:39.681939, -2.06415557861328125000, nan
2023-01-27 11:24:39.681962, -2.09481811523437500000, nan
2023-01-27 11:24:39.778237, -2.10758972167968750000, nan
2023-01-27 11:24:39.778264, -2.12547302246093750000, nan
2023-01-27 11:24:39.878652, -2.16635894775390625000, nan
2023-01-27 11:24:39.878675, -2.20212554931640625000, nan
2023-01-27 11:24:39.978108, -2.19701385498046875000, nan
2023-01-27 11:24:39.978134, -2.14336395263671875000, nan
2023-01-27 11:24:40.077423, -2.09992218017578125000, nan
2023-01-27 11:24:40.077438, -2.08203887939453125000, nan
2023-01-27 11:24:40.177479, -2.07948303222656250000, nan
2023-01-27 11:24:40.177493, -2.07182312011718750000, nan
2023-01-27 11:24:40.278399, -2.07182312011718750000, nan
2023-01-27 11:24:40.278426, -2.07437896728515625000, nan
2023-01-27 11:24:40.378041, -2.07692718505859375000, nan
2023-01-27 11:24:40.378063, -2.07437896728515625000, nan
2023-01-27 11:24:40.478084, -2.07437896728515625000, nan
2023-01-27 11:24:40.478110, -2.09992218017578125000, nan
2023-01-27 11:24:40.578015, -2.09992218017578125000, nan
2023-01-27 11:24:40.578038, -2.11270141601562500000, nan
2023-01-27 11:24:40.678544, -2.15613555908203125000, nan
2023-01-27 11:24:40.678566, -2.19956970214843750000, nan
2023-01-27 11:24:40.779071, -2.20212554931640625000, nan
2023-01-27 11:24:40.779091, -2.14591217041015625000, nan
2023-01-27 11:24:40.878171, -2.10503387451171875000, nan
2023-01-27 11:24:40.878195, -2.08459472656250000000, nan
2023-01-27 11:24:40.978010, -2.07437896728515625000, nan
2023-01-27 11:24:40.978035, -2.06415557861328125000, nan
2023-01-27 11:24:41.079729, -2.04882812500000000000, nan
2023-01-27 11:24:41.079758, -1.97217559814453125000, nan
2023-01-27 11:24:41.177954, -1.89041900634765625000, nan
2023-01-27 11:24:41.177979, -1.74733734130859375000, nan
2023-01-27 11:24:41.278013, -1.66046905517578125000, nan
2023-01-27 11:24:41.278036, -1.57870483398437500000, nan
2023-01-27 11:24:41.378006, -1.50971984863281250000, nan
2023-01-27 11:24:41.378031, -1.42540740966796875000, nan
2023-01-27 11:24:41.477925, -1.39474487304687500000, nan
2023-01-27 11:24:41.477946, -1.32575988769531250000, nan
2023-01-27 11:24:41.578226, -1.26188659667968750000, nan
2023-01-27 11:24:41.578249, -1.15202331542968750000, nan
2023-01-27 11:24:41.679298, -1.08814239501953125000, nan
2023-01-27 11:24:41.679320, -0.99871826171875000000, nan
2023-01-27 11:24:41.779652, -0.95272827148437500000, nan
2023-01-27 11:24:41.779677, -0.90162658691406250000, nan
2023-01-27 11:24:41.880605, -0.86330413818359375000, nan
2023-01-27 11:24:41.880628, -0.79943084716796875000, nan
2023-01-27 11:24:41.979356, -0.75599670410156250000, nan
2023-01-27 11:24:41.979379, -0.65890502929687500000, nan
2023-01-27 11:24:42.079061, -0.61291503906250000000, nan
2023-01-27 11:24:42.079084, -0.52860260009765625000, nan
2023-01-27 11:24:42.178942, -0.49027252197265625000, nan
2023-01-27 11:24:42.178964, -0.52349090576171875000, nan
2023-01-27 11:24:42.279067, -0.57459259033203125000, nan
2023-01-27 11:24:42.279092, -0.69467163085937500000, nan
2023-01-27 11:24:42.380144, -0.74321746826171875000, nan
2023-01-27 11:24:42.380167, -0.74832916259765625000, nan
2023-01-27 11:24:42.479254, -0.77899169921875000000, nan
2023-01-27 11:24:42.479277, -0.90929412841796875000, nan
2023-01-27 11:24:42.579081, -1.02426910400390625000, nan
2023-01-27 11:24:42.579105, -1.16735076904296875000, nan
2023-01-27 11:24:42.679155, -1.24655151367187500000, nan
2023-01-27 11:24:42.679177, -1.36152648925781250000, nan
2023-01-27 11:24:42.779220, -1.42540740966796875000, nan
2023-01-27 11:24:42.779252, -1.56337738037109375000, nan
2023-01-27 11:24:42.879781, -1.64002227783203125000, nan
2023-01-27 11:24:42.879802, -1.71156311035156250000, nan
2023-01-27 11:24:42.978981, -1.79332733154296875000, nan
2023-01-27 11:24:42.979006, -1.91851806640625000000, nan
2023-01-27 11:24:43.078949, -1.95940399169921875000, nan
2023-01-27 11:24:43.078972, -1.96706390380859375000, nan
2023-01-27 11:24:43.178934, -1.94662475585937500000, nan
2023-01-27 11:24:43.178959, -1.93385314941406250000, nan
2023-01-27 11:24:43.279079, -1.94406890869140625000, nan
2023-01-27 11:24:43.279108, -1.96706390380859375000, nan
2023-01-27 11:24:43.379994, -1.98494720458984375000, nan
2023-01-27 11:24:43.380017, -2.00539398193359375000, nan
2023-01-27 11:24:43.479056, -2.01560974121093750000, nan
2023-01-27 11:24:43.479082, -2.01560974121093750000, nan
2023-01-27 11:24:43.579152, -2.01305389404296875000, nan
2023-01-27 11:24:43.579181, -2.03093719482421875000, nan
2023-01-27 11:24:43.680770, -2.05393218994140625000, nan
2023-01-27 11:24:43.680793, -2.11525726318359375000, nan
2023-01-27 11:24:43.779297, -2.15613555908203125000, nan
2023-01-27 11:24:43.779335, -2.17401885986328125000, nan
2023-01-27 11:24:43.879313, -2.15613555908203125000, nan
2023-01-27 11:24:43.879340, -2.11014556884765625000, nan
2023-01-27 11:24:43.979005, -2.09226226806640625000, nan
2023-01-27 11:24:43.979032, -2.08459472656250000000, nan
2023-01-27 11:24:44.079223, -2.08459472656250000000, nan
2023-01-27 11:24:44.079248, -2.10247802734375000000, nan
2023-01-27 11:24:44.179073, -2.11525726318359375000, nan
2023-01-27 11:24:44.179097, -2.09226226806640625000, nan
2023-01-27 11:24:44.278953, -2.02838897705078125000, nan
2023-01-27 11:24:44.278977, -1.91341400146484375000, nan
2023-01-27 11:24:44.379120, -1.81887817382812500000, nan
2023-01-27 11:24:44.379142, -1.68090820312500000000, nan
2023-01-27 11:24:44.478962, -1.62725067138671875000, nan
2023-01-27 11:24:44.478989, -1.53015899658203125000, nan
2023-01-27 11:24:44.579102, -1.43562316894531250000, nan
2023-01-27 11:24:44.579129, -1.26444244384765625000, nan
2023-01-27 11:24:44.679508, -1.16223907470703125000, nan
2023-01-27 11:24:44.679532, -1.03193664550781250000, nan
2023-01-27 11:24:44.779057, -0.93995666503906250000, nan
2023-01-27 11:24:44.779085, -0.81731414794921875000, nan
2023-01-27 11:24:44.879340, -0.75088500976562500000, nan
2023-01-27 11:24:44.879363, -0.63846588134765625000, nan
2023-01-27 11:24:44.979003, -0.54904174804687500000, nan
2023-01-27 11:24:44.979030, -0.43917846679687500000, nan
2023-01-27 11:24:45.079290, -0.37785339355468750000, nan
2023-01-27 11:24:45.079316, -0.29865264892578125000, nan
2023-01-27 11:24:45.178975, -0.26032257080078125000, nan
2023-01-27 11:24:45.178998, -0.21433258056640625000, nan
2023-01-27 11:24:45.278990, -0.18112182617187500000, nan
2023-01-27 11:24:45.279014, -0.10958099365234375000, nan
2023-01-27 11:24:45.379130, -0.08403015136718750000, nan
2023-01-27 11:24:45.379152, -0.13257598876953125000, nan
2023-01-27 11:24:45.480248, -0.21177673339843750000, nan
2023-01-27 11:24:45.480276, -0.39318847656250000000, nan
2023-01-27 11:24:45.578671, -0.53370666503906250000, nan
2023-01-27 11:24:45.578684, -0.71766662597656250000, nan
2023-01-27 11:24:45.679034, -0.81986999511718750000, nan
2023-01-27 11:24:45.679053, -0.94761657714843750000, nan
2023-01-27 11:24:45.779088, -0.97827911376953125000, nan
2023-01-27 11:24:45.779121, -1.04981994628906250000, nan
2023-01-27 11:24:45.879011, -1.14179992675781250000, nan
2023-01-27 11:24:45.879036, -1.26188659667968750000, nan
2023-01-27 11:24:45.979103, -1.32831573486328125000, nan
2023-01-27 11:24:45.979129, -1.39218902587890625000, nan
2023-01-27 11:24:46.078363, -1.43051147460937500000, nan
2023-01-27 11:24:46.078378, -1.50460815429687500000, nan
2023-01-27 11:24:46.182120, -1.55826568603515625000, nan
2023-01-27 11:24:46.182145, -1.63236236572265625000, nan
2023-01-27 11:24:46.279561, -1.67579650878906250000, nan
2023-01-27 11:24:46.279590, -1.72434234619140625000, nan
2023-01-27 11:24:46.379831, -1.77288818359375000000, nan
2023-01-27 11:24:46.379856, -1.85975646972656250000, nan
2023-01-27 11:24:46.478969, -1.89552307128906250000, nan
2023-01-27 11:24:46.478997, -1.96195220947265625000, nan
2023-01-27 11:24:46.578881, -2.00539398193359375000, nan
2023-01-27 11:24:46.578904, -2.02583312988281250000, nan
2023-01-27 11:24:46.679626, -2.01305389404296875000, nan
2023-01-27 11:24:46.679716, -1.97217559814453125000, nan
2023-01-27 11:24:46.779219, -1.96961975097656250000, nan
2023-01-27 11:24:46.779247, -1.98239898681640625000, nan
2023-01-27 11:24:46.879139, -1.99261474609375000000, nan
2023-01-27 11:24:46.879172, -2.01049804687500000000, nan
2023-01-27 11:24:46.978979, -2.01816558837890625000, 17.50547027587890625000
2023-01-27 11:24:46.979003, -2.03860473632812500000, nan
2023-01-27 11:24:47.078998, -2.06671142578125000000, nan
2023-01-27 11:24:47.079022, -2.07948303222656250000, nan
2023-01-27 11:24:47.179099, -2.09226226806640625000, nan
2023-01-27 11:24:47.179120, -2.15102386474609375000, nan
2023-01-27 11:24:47.279117, -2.16890716552734375000, nan
2023-01-27 11:24:47.279142, -2.15613555908203125000, nan
2023-01-27 11:24:47.379075, -2.12036895751953125000, nan
2023-01-27 11:24:47.379096, -2.07948303222656250000, nan
2023-01-27 11:24:47.480626, -2.07182312011718750000, nan
2023-01-27 11:24:47.480650, -2.06926727294921875000, nan
2023-01-27 11:24:47.580432, -2.07692718505859375000, nan
2023-01-27 11:24:47.580457, -2.09226226806640625000, nan
2023-01-27 11:24:47.680926, -2.09481811523437500000, nan
2023-01-27 11:24:47.680948, -2.11525726318359375000, nan
2023-01-27 11:24:47.780397, -2.13825225830078125000, nan
2023-01-27 11:24:47.780433, -2.15102386474609375000, nan
2023-01-27 11:24:47.879891, -2.16890716552734375000, nan
2023-01-27 11:24:47.879915, -2.20979309082031250000, nan
2023-01-27 11:24:47.980233, -2.21234893798828125000, nan
2023-01-27 11:24:47.980256, -2.17146301269531250000, nan
2023-01-27 11:24:48.080242, -2.12802886962890625000, nan
2023-01-27 11:24:48.080267, -2.09226226806640625000, nan
2023-01-27 11:24:48.174826, -2.08203887939453125000, nan
2023-01-27 11:24:48.174846, -2.07182312011718750000, nan
2023-01-27 11:24:48.274952, -2.08203887939453125000, nan
2023-01-27 11:24:48.274977, -2.08715057373046875000, nan
2023-01-27 11:24:48.374977, -2.08459472656250000000, nan
2023-01-27 11:24:48.375003, -2.09992218017578125000, nan
2023-01-27 11:24:48.484833, -2.10247802734375000000, nan
2023-01-27 11:24:48.484846, -2.07182312011718750000, nan
2023-01-27 11:24:48.574981, -2.01049804687500000000, nan
2023-01-27 11:24:48.575009, -1.95429229736328125000, nan
2023-01-27 11:24:48.681332, -1.80354309082031250000, nan
2023-01-27 11:24:48.681346, -1.68090820312500000000, nan
2023-01-27 11:24:48.774932, -1.53271484375000000000, nan
2023-01-27 11:24:48.774973, -1.45606231689453125000, nan
2023-01-27 11:24:48.875004, -1.35642242431640625000, nan
2023-01-27 11:24:48.875037, -1.29765319824218750000, nan
2023-01-27 11:24:48.974835, -1.21589660644531250000, nan
2023-01-27 11:24:48.974858, -1.16223907470703125000, nan
2023-01-27 11:24:49.075008, -1.08048248291015625000, nan
2023-01-27 11:24:49.075036, -1.04470825195312500000, nan
2023-01-27 11:24:49.174797, -0.99616241455078125000, nan
2023-01-27 11:24:49.174821, -0.97061157226562500000, nan
2023-01-27 11:24:49.275236, -0.96039581298828125000, nan
2023-01-27 11:24:49.275262, -0.94251251220703125000, nan
2023-01-27 11:24:49.375080, -0.89141082763671875000, nan
2023-01-27 11:24:49.375104, -0.83009338378906250000, nan
2023-01-27 11:24:49.475946, -0.74577331542968750000, nan
2023-01-27 11:24:49.475974, -0.72277832031250000000, nan
2023-01-27 11:24:49.574975, -0.75088500976562500000, nan
2023-01-27 11:24:49.575008, -0.82753753662109375000, nan
2023-01-27 11:24:49.675089, -0.97316741943359375000, nan
2023-01-27 11:24:49.675124, -1.05237579345703125000, nan
2023-01-27 11:24:49.775301, -1.15457153320312500000, nan
2023-01-27 11:24:49.775328, -1.25166320800781250000, nan
2023-01-27 11:24:49.875119, -1.38963317871093750000, nan
2023-01-27 11:24:49.875155, -1.47139739990234375000, nan
2023-01-27 11:24:49.974854, -1.61447906494140625000, nan
2023-01-27 11:24:49.974878, -1.68601226806640625000, nan
2023-01-27 11:24:50.074888, -1.74733734130859375000, nan
2023-01-27 11:24:50.074911, -1.75755310058593750000, nan
2023-01-27 11:24:50.175489, -1.76777648925781250000, nan
2023-01-27 11:24:50.175510, -1.79843902587890625000, nan
2023-01-27 11:24:50.274460, -1.84953308105468750000, nan
2023-01-27 11:24:50.274478, -1.88530731201171875000, nan
2023-01-27 11:24:50.374675, -1.93385314941406250000, nan
2023-01-27 11:24:50.374692, -1.94918060302734375000, nan
2023-01-27 11:24:50.475245, -1.95684814453125000000, nan
2023-01-27 11:24:50.475272, -1.98750305175781250000, nan
2023-01-27 11:24:50.574878, -2.03860473632812500000, nan
2023-01-27 11:24:50.574905, -2.05904388427734375000, nan
2023-01-27 11:24:50.675469, -2.11525726318359375000, nan
2023-01-27 11:24:50.675496, -2.15102386474609375000, nan
2023-01-27 11:24:50.774755, -2.15869140625000000000, nan
2023-01-27 11:24:50.774781, -2.13569641113281250000, nan
2023-01-27 11:24:50.875047, -2.07948303222656250000, nan
2023-01-27 11:24:50.875081, -2.05904388427734375000, nan
2023-01-27 11:24:50.977884, -2.04882812500000000000, nan
2023-01-27 11:24:50.977907, -2.04627227783203125000, nan
2023-01-27 11:24:51.075083, -2.06415557861328125000, nan
2023-01-27 11:24:51.075104, -2.07692718505859375000, nan
2023-01-27 11:24:51.174844, -2.08203887939453125000, nan
2023-01-27 11:24:51.174869, -2.07692718505859375000, nan
2023-01-27 11:24:51.274991, -2.08203887939453125000, nan
2023-01-27 11:24:51.275020, -2.05138397216796875000, nan
2023-01-27 11:24:51.375187, -1.97473144531250000000, nan
2023-01-27 11:24:51.375222, -1.93895721435546875000, nan
2023-01-27 11:24:51.474954, -1.81376647949218750000, nan
2023-01-27 11:24:51.474980, -1.70900726318359375000, nan
2023-01-27 11:24:51.575228, -1.53782653808593750000, nan
2023-01-27 11:24:51.575264, -1.44073486328125000000, nan
2023-01-27 11:24:51.675043, -1.33853149414062500000, nan
2023-01-27 11:24:51.675068, -1.26444244384765625000, nan
2023-01-27 11:24:51.774641, -1.17756652832031250000, nan
2023-01-27 11:24:51.774664, -1.12391662597656250000, nan
2023-01-27 11:24:51.875111, -1.01915740966796875000, nan
2023-01-27 11:24:51.875145, -0.92973327636718750000, nan
2023-01-27 11:24:51.974647, -0.81986999511718750000, nan
2023-01-27 11:24:51.974667, -0.77388000488281250000, nan
2023-01-27 11:24:52.074986, -0.70233917236328125000, nan
2023-01-27 11:24:52.075181, -0.67167663574218750000, nan
2023-01-27 11:24:52.174846, -0.66401672363281250000, nan
2023-01-27 11:24:52.174870, -0.64868164062500000000, nan
2023-01-27 11:24:52.274937, -0.58480834960937500000, nan
2023-01-27 11:24:52.274963, -0.54137420654296875000, nan
2023-01-27 11:24:52.376672, -0.57459259033203125000, nan
2023-01-27 11:24:52.376697, -0.65634918212890625000, nan
2023-01-27 11:24:52.474913, -0.81475830078125000000, nan
2023-01-27 11:24:52.474939, -0.93740081787109375000, nan
2023-01-27 11:24:52.574898, -1.11369323730468750000, nan
2023-01-27 11:24:52.574925, -1.20311737060546875000, nan
2023-01-27 11:24:52.674928, -1.32320404052734375000, nan
2023-01-27 11:24:52.674954, -1.42540740966796875000, nan
2023-01-27 11:24:52.774757, -1.54293823242187500000, nan
2023-01-27 11:24:52.774780, -1.61958312988281250000, nan
2023-01-27 11:24:52.875551, -1.77288818359375000000, nan
2023-01-27 11:24:52.875587, -1.84953308105468750000, nan
2023-01-27 11:24:52.974850, -1.91596221923828125000, nan
2023-01-27 11:24:52.974874, -1.92107391357421875000, nan
2023-01-27 11:24:53.075939, -1.90319061279296875000, nan
2023-01-27 11:24:53.075974, -1.90574645996093750000, nan
2023-01-27 11:24:53.174917, -1.93129730224609375000, nan
2023-01-27 11:24:53.174941, -1.95940399169921875000, nan
2023-01-27 11:24:53.274957, -1.99261474609375000000, nan
2023-01-27 11:24:53.274981, -2.00539398193359375000, nan
2023-01-27 11:24:53.375388, -2.01305389404296875000, nan
2023-01-27 11:24:53.375421, -2.01816558837890625000, nan
2023-01-27 11:24:53.474881, -2.05138397216796875000, nan
2023-01-27 11:24:53.474907, -2.07182312011718750000, nan
2023-01-27 11:24:53.575025, -2.10758972167968750000, nan
2023-01-27 11:24:53.575059, -2.15102386474609375000, nan
2023-01-27 11:24:53.674964, -2.17913055419921875000, nan
2023-01-27 11:24:53.674989, -2.17146301269531250000, nan
2023-01-27 11:24:53.774684, -2.13058471679687500000, nan
2023-01-27 11:24:53.774707, -2.07182312011718750000, nan
2023-01-27 11:24:53.874949, -2.06671142578125000000, nan
2023-01-27 11:24:53.874985, -2.07437896728515625000, nan
2023-01-27 11:24:53.975821, -2.07437896728515625000, nan
2023-01-27 11:24:53.975846, -2.08715057373046875000, nan
2023-01-27 11:24:54.075525, -2.09992218017578125000, nan
2023-01-27 11:24:54.075549, -2.11014556884765625000, nan
2023-01-27 11:24:54.175726, -2.11270141601562500000, nan
2023-01-27 11:24:54.175746, -2.13569641113281250000, nan
2023-01-27 11:24:54.275846, -2.14846801757812500000, nan
2023-01-27 11:24:54.275872, -2.17146301269531250000, nan
2023-01-27 11:24:54.375942, -2.21234893798828125000, nan
2023-01-27 11:24:54.376019, -2.25067138671875000000, nan
2023-01-27 11:24:54.483247, -2.24811553955078125000, nan
2023-01-27 11:24:54.483271, -2.19445800781250000000, nan
2023-01-27 11:24:54.575692, -2.14846801757812500000, nan
2023-01-27 11:24:54.575718, -2.11525726318359375000, nan
2023-01-27 11:24:54.676331, -2.10758972167968750000, nan
2023-01-27 11:24:54.676355, -2.10247802734375000000, nan
2023-01-27 11:24:54.775806, -2.09992218017578125000, nan
2023-01-27 11:24:54.775832, -2.10503387451171875000, nan
2023-01-27 11:24:54.875928, -2.11014556884765625000, nan
2023-01-27 11:24:54.875954, -2.10758972167968750000, nan
2023-01-27 11:24:54.976196, -2.11781311035156250000, nan
2023-01-27 11:24:54.976221, -2.09226226806640625000, nan
2023-01-27 11:24:55.075928, -2.05138397216796875000, nan
2023-01-27 11:24:55.075959, -2.00283813476562500000, nan
2023-01-27 11:24:55.175855, -1.95429229736328125000, nan
2023-01-27 11:24:55.175877, -1.81632232666015625000, nan
2023-01-27 11:24:55.275885, -1.70134735107421875000, nan
2023-01-27 11:24:55.275911, -1.55826568603515625000, nan
2023-01-27 11:24:55.376456, -1.48672485351562500000, nan
2023-01-27 11:24:55.376483, -1.38707733154296875000, nan
2023-01-27 11:24:55.476069, -1.32831573486328125000, nan
2023-01-27 11:24:55.476091, -1.25421905517578125000, nan
2023-01-27 11:24:55.575484, -1.20567321777343750000, nan
2023-01-27 11:24:55.575500, -1.12902832031250000000, nan
2023-01-27 11:24:55.675861, -1.06514739990234375000, nan
2023-01-27 11:24:55.675890, -0.99616241455078125000, nan
2023-01-27 11:24:55.776134, -0.96039581298828125000, nan
2023-01-27 11:24:55.776169, -0.91184997558593750000, nan
2023-01-27 11:24:55.875912, -0.90418243408203125000, nan
2023-01-27 11:24:55.875939, -0.88118743896484375000, nan
2023-01-27 11:24:55.975926, -0.84542083740234375000, nan
2023-01-27 11:24:55.975952, -0.75855255126953125000, nan
2023-01-27 11:24:56.076056, -0.70233917236328125000, nan
2023-01-27 11:24:56.076097, -0.66401672363281250000, nan
2023-01-27 11:24:56.175811, -0.67678833007812500000, nan
2023-01-27 11:24:56.175834, -0.78154754638671875000, nan
2023-01-27 11:24:56.276058, -0.88374328613281250000, nan
2023-01-27 11:24:56.276082, -1.03193664550781250000, nan
2023-01-27 11:24:56.376131, -1.11880493164062500000, nan
2023-01-27 11:24:56.376154, -1.22866821289062500000, nan
2023-01-27 11:24:56.475755, -1.32320404052734375000, nan
2023-01-27 11:24:56.475777, -1.45350646972656250000, nan
2023-01-27 11:24:56.576094, -1.53527069091796875000, nan
2023-01-27 11:24:56.576117, -1.68090820312500000000, nan
2023-01-27 11:24:56.676021, -1.74989318847656250000, nan
2023-01-27 11:24:56.676047, -1.81376647949218750000, nan
2023-01-27 11:24:56.776139, -1.82653808593750000000, nan
2023-01-27 11:24:56.776166, -1.81887817382812500000, nan
2023-01-27 11:24:56.876131, -1.83931732177734375000, nan
2023-01-27 11:24:56.876155, -1.88786315917968750000, nan
2023-01-27 11:24:56.976939, -1.91851806640625000000, 16.98513793945312500000
2023-01-27 11:24:56.976966, -1.96195220947265625000, nan
2023-01-27 11:24:57.075898, -1.97728729248046875000, nan
2023-01-27 11:24:57.075922, -1.99005889892578125000, nan
2023-01-27 11:24:57.175630, -2.00794219970703125000, nan
2023-01-27 11:24:57.175650, -2.04627227783203125000, nan
2023-01-27 11:24:57.275875, -2.05648803710937500000, nan
2023-01-27 11:24:57.275899, -2.08459472656250000000, nan
2023-01-27 11:24:57.376053, -2.12802886962890625000, nan
2023-01-27 11:24:57.376077, -2.15357971191406250000, nan
2023-01-27 11:24:57.479532, -2.13825225830078125000, nan
2023-01-27 11:24:57.479564, -2.09226226806640625000, nan
2023-01-27 11:24:57.575674, -2.08203887939453125000, nan
2023-01-27 11:24:57.575700, -2.08459472656250000000, nan
2023-01-27 11:24:57.676058, -2.08203887939453125000, nan
2023-01-27 11:24:57.676081, -2.09226226806640625000, nan
2023-01-27 11:24:57.775695, -2.10247802734375000000, nan
2023-01-27 11:24:57.775721, -2.10247802734375000000, nan
2023-01-27 11:24:57.875835, -2.09992218017578125000, nan
2023-01-27 11:24:57.875860, -2.14080810546875000000, nan
2023-01-27 11:24:57.975803, -2.16380310058593750000, nan
2023-01-27 11:24:57.975828, -2.17657470703125000000, nan
2023-01-27 11:24:58.075994, -2.20723724365234375000, nan
2023-01-27 11:24:58.076018, -2.24811553955078125000, nan
2023-01-27 11:24:58.176006, -2.24811553955078125000, nan
2023-01-27 11:24:58.176027, -2.19956970214843750000, nan
2023-01-27 11:24:58.275937, -2.15869140625000000000, nan
2023-01-27 11:24:58.276001, -2.13058471679687500000, nan
2023-01-27 11:24:58.376037, -2.12291717529296875000, nan
2023-01-27 11:24:58.376060, -2.10758972167968750000, nan
2023-01-27 11:24:58.475857, -2.08459472656250000000, nan
2023-01-27 11:24:58.475882, -2.00794219970703125000, nan
2023-01-27 11:24:58.575693, -1.94151306152343750000, nan
2023-01-27 11:24:58.575716, -1.82653808593750000000, nan
2023-01-27 11:24:58.675852, -1.76010894775390625000, nan
2023-01-27 11:24:58.675876, -1.66557312011718750000, nan
2023-01-27 11:24:58.775721, -1.61447906494140625000, nan
2023-01-27 11:24:58.775746, -1.56593322753906250000, nan
2023-01-27 11:24:58.875188, -1.50971984863281250000, nan
2023-01-27 11:24:58.875200, -1.38707733154296875000, nan
2023-01-27 11:24:58.975475, -1.29765319824218750000, nan
2023-01-27 11:24:58.975491, -1.20056152343750000000, nan
2023-01-27 11:24:59.076205, -1.15968322753906250000, nan
2023-01-27 11:24:59.076234, -1.09580993652343750000, nan
2023-01-27 11:24:59.175763, -1.05493164062500000000, nan
2023-01-27 11:24:59.175782, -0.98850250244140625000, nan
2023-01-27 11:24:59.278983, -0.93995666503906250000, nan
2023-01-27 11:24:59.279014, -0.86330413818359375000, nan
2023-01-27 11:24:59.376283, -0.83519744873046875000, nan
2023-01-27 11:24:59.376309, -0.79943084716796875000, nan
2023-01-27 11:24:59.476170, -0.78665161132812500000, nan
2023-01-27 11:24:59.476194, -0.78920745849609375000, nan
2023-01-27 11:24:59.575747, -0.78154754638671875000, nan
2023-01-27 11:24:59.575773, -0.79431915283203125000, nan
2023-01-27 11:24:59.675873, -0.81731414794921875000, nan
2023-01-27 11:24:59.675902, -0.87352752685546875000, nan
2023-01-27 11:24:59.775692, -0.93484497070312500000, nan
2023-01-27 11:24:59.775718, -1.04470825195312500000, nan
2023-01-27 11:24:59.876013, -1.12647247314453125000, nan
2023-01-27 11:24:59.876038, -1.24910736083984375000, nan
2023-01-27 11:24:59.975770, -1.32064819335937500000, nan
2023-01-27 11:24:59.975795, -1.42029571533203125000, nan
