2023-01-30 09:24:50.094755, -0.30375671386718750000, nan
2023-01-30 09:24:50.094779, -0.41107177734375000000, nan
2023-01-30 09:24:50.195343, -0.49282836914062500000, nan
2023-01-30 09:24:50.195374, -0.61035919189453125000, nan
2023-01-30 09:24:50.294233, -0.68445587158203125000, nan
2023-01-30 09:24:50.294264, -0.76365661621093750000, nan
2023-01-30 09:24:50.394038, -0.78665161132812500000, nan
2023-01-30 09:24:50.394062, -0.84797668457031250000, nan
2023-01-30 09:24:50.494250, -0.90673828125000000000, nan
2023-01-30 09:24:50.494274, -1.01660156250000000000, nan
2023-01-30 09:24:50.594071, -1.04981994628906250000, nan
2023-01-30 09:24:50.594103, -0.92207336425781250000, nan
2023-01-30 09:24:50.694761, -0.74832916259765625000, nan
2023-01-30 09:24:50.694798, -0.46217346191406250000, nan
2023-01-30 09:24:50.794130, -0.29098510742187500000, nan
2023-01-30 09:24:50.794153, -0.06870269775390625000, nan
2023-01-30 09:24:50.894295, 0.09992980957031250000, nan
2023-01-30 09:24:50.894325, 0.38098144531250000000, nan
2023-01-30 09:24:50.994924, 0.56494140625000000000, nan
2023-01-30 09:24:50.994947, 0.80000305175781250000, nan
2023-01-30 09:24:51.094187, 0.92519378662109375000, nan
2023-01-30 09:24:51.094210, 1.02228546142578125000, nan
2023-01-30 09:24:51.194180, 1.07594299316406250000, nan
2023-01-30 09:24:51.194215, 1.26245117187500000000, nan
2023-01-30 09:24:51.293507, 1.39787292480468750000, nan
2023-01-30 09:24:51.293519, 1.57416534423828125000, nan
2023-01-30 09:24:51.393753, 1.68147277832031250000, 24.01746749877929687500
2023-01-30 09:24:51.393767, 1.83222198486328125000, nan
2023-01-30 09:24:51.495616, 1.90631103515625000000, nan
2023-01-30 09:24:51.495640, 2.02128601074218750000, nan
2023-01-30 09:24:51.594138, 2.11071777343750000000, nan
2023-01-30 09:24:51.594162, 2.12860107421875000000, nan
2023-01-30 09:24:51.694086, 2.03150939941406250000, nan
2023-01-30 09:24:51.694107, 1.74534606933593750000, nan
2023-01-30 09:24:51.790670, 1.57672119140625000000, nan
2023-01-30 09:24:51.790690, 1.47707366943359375000, nan
2023-01-30 09:24:51.890402, 1.42852783203125000000, nan
2023-01-30 09:24:51.890427, 1.39787292480468750000, nan
2023-01-30 09:24:51.990418, 1.32888793945312500000, nan
2023-01-30 09:24:51.990442, 1.26756286621093750000, nan
2023-01-30 09:24:52.090260, 1.16025543212890625000, nan
2023-01-30 09:24:52.090284, 1.10404205322265625000, nan
2023-01-30 09:24:52.191523, 1.01972961425781250000, nan
2023-01-30 09:24:52.191546, 0.91242218017578125000, nan
2023-01-30 09:24:52.290450, 0.70291137695312500000, nan
2023-01-30 09:24:52.290499, 0.54194641113281250000, nan
2023-01-30 09:24:52.392415, 0.37586975097656250000, nan
2023-01-30 09:24:52.392438, 0.34265136718750000000, nan
2023-01-30 09:24:52.490314, 0.28900146484375000000, nan
2023-01-30 09:24:52.490344, 0.22001647949218750000, nan
2023-01-30 09:24:52.590706, 0.07693481445312500000, nan
2023-01-30 09:24:52.590791, -0.01248931884765625000, nan
2023-01-30 09:24:52.690656, -0.13768768310546875000, nan
2023-01-30 09:24:52.690680, -0.19900512695312500000, nan
2023-01-30 09:24:52.790929, -0.26287841796875000000, nan
2023-01-30 09:24:52.790949, -0.33697509765625000000, nan
2023-01-30 09:24:52.890330, -0.50305175781250000000, nan
2023-01-30 09:24:52.890353, -0.63079833984375000000, nan
2023-01-30 09:24:52.990879, -0.73811340332031250000, nan
2023-01-30 09:24:52.990901, -0.73044586181640625000, nan
2023-01-30 09:24:53.090375, -0.68956756591796875000, nan
2023-01-30 09:24:53.090398, -0.66146087646484375000, nan
2023-01-30 09:24:53.191555, -0.63335418701171875000, nan
2023-01-30 09:24:53.191580, -0.62568664550781250000, nan
2023-01-30 09:24:53.289979, -0.61291503906250000000, nan
2023-01-30 09:24:53.289999, -0.53626251220703125000, nan
2023-01-30 09:24:53.390291, -0.34464263916015625000, nan
2023-01-30 09:24:53.390313, -0.24499511718750000000, nan
2023-01-30 09:24:53.491659, -0.12235260009765625000, nan
2023-01-30 09:24:53.491695, -0.08147430419921875000, nan
2023-01-30 09:24:53.590050, 0.04882812500000000000, nan
2023-01-30 09:24:53.590076, 0.24045562744140625000, nan
2023-01-30 09:24:53.690099, 0.53683471679687500000, nan
2023-01-30 09:24:53.690129, 0.70291137695312500000, nan
2023-01-30 09:24:53.790657, 0.91752624511718750000, nan
2023-01-30 09:24:53.790681, 1.03505706787109375000, nan
2023-01-30 09:24:53.890261, 1.17813873291015625000, nan
2023-01-30 09:24:53.890287, 1.29055786132812500000, nan
2023-01-30 09:24:53.992488, 1.44130706787109375000, nan
2023-01-30 09:24:53.992510, 1.48218536376953125000, nan
2023-01-30 09:24:54.090092, 1.50262451171875000000, nan
2023-01-30 09:24:54.090245, 1.48474121093750000000, nan
2023-01-30 09:24:54.190663, 1.47962951660156250000, nan
2023-01-30 09:24:54.190691, 1.53584289550781250000, nan
2023-01-30 09:24:54.292776, 1.65081787109375000000, nan
2023-01-30 09:24:54.292811, 1.71213531494140625000, nan
2023-01-30 09:24:54.391074, 1.72235107421875000000, nan
2023-01-30 09:24:54.391098, 1.67125701904296875000, nan
2023-01-30 09:24:54.493234, 1.54350280761718750000, nan
2023-01-30 09:24:54.493279, 1.47962951660156250000, nan
2023-01-30 09:24:54.591013, 1.39276123046875000000, nan
2023-01-30 09:24:54.591034, 1.27523040771484375000, nan
2023-01-30 09:24:54.691461, 1.02739715576171875000, nan
2023-01-30 09:24:54.691493, 0.82044219970703125000, nan
2023-01-30 09:24:54.791734, 0.58026885986328125000, nan
2023-01-30 09:24:54.791748, 0.52150726318359375000, nan
2023-01-30 09:24:54.891272, 0.44996643066406250000, nan
2023-01-30 09:24:54.891299, 0.39886474609375000000, nan
2023-01-30 09:24:54.991051, 0.33243560791015625000, nan
2023-01-30 09:24:54.991073, 0.27622222900390625000, nan
2023-01-30 09:24:55.091518, 0.11270141601562500000, nan
2023-01-30 09:24:55.091552, 0.01306152343750000000, nan
2023-01-30 09:24:55.191336, -0.04315185546875000000, nan
2023-01-30 09:24:55.191357, -0.17089843750000000000, nan
2023-01-30 09:24:55.291349, -0.27310180664062500000, nan
2023-01-30 09:24:55.291376, -0.48261260986328125000, nan
2023-01-30 09:24:55.391132, -0.61291503906250000000, nan
2023-01-30 09:24:55.391161, -0.67423248291015625000, nan
2023-01-30 09:24:55.491281, -0.67678833007812500000, nan
2023-01-30 09:24:55.491304, -0.67678833007812500000, nan
2023-01-30 09:24:55.592174, -0.67423248291015625000, nan
2023-01-30 09:24:55.592195, -0.68701171875000000000, nan
2023-01-30 09:24:55.691200, -0.72022247314453125000, nan
2023-01-30 09:24:55.691242, -0.76876831054687500000, nan
2023-01-30 09:24:55.791507, -0.77132415771484375000, nan
2023-01-30 09:24:55.791530, -0.76876831054687500000, nan
2023-01-30 09:24:55.891359, -0.77899169921875000000, nan
2023-01-30 09:24:55.891393, -0.75855255126953125000, nan
2023-01-30 09:24:55.991082, -0.71000671386718750000, nan
2023-01-30 09:24:55.991105, -0.55159759521484375000, nan
2023-01-30 09:24:56.092648, -0.39063262939453125000, nan
2023-01-30 09:24:56.092670, -0.15812683105468750000, nan
2023-01-30 09:24:56.190998, 0.00539398193359375000, nan
2023-01-30 09:24:56.191019, 0.27111816406250000000, nan
2023-01-30 09:24:56.292464, 0.42952728271484375000, nan
2023-01-30 09:24:56.292499, 0.61604309082031250000, nan
2023-01-30 09:24:56.392217, 0.74890136718750000000, nan
2023-01-30 09:24:56.392400, 0.96607208251953125000, nan
2023-01-30 09:24:56.492075, 1.07083129882812500000, nan
2023-01-30 09:24:56.492097, 1.16025543212890625000, nan
2023-01-30 09:24:56.592225, 1.18069458007812500000, nan
2023-01-30 09:24:56.592248, 1.17047119140625000000, nan
2023-01-30 09:24:56.692535, 1.19857788085937500000, nan
2023-01-30 09:24:56.692573, 1.32122039794921875000, nan
2023-01-30 09:24:56.793912, 1.40297698974609375000, nan
2023-01-30 09:24:56.793936, 1.50518035888671875000, nan
2023-01-30 09:24:56.893683, 1.57416534423828125000, nan
2023-01-30 09:24:56.893705, 1.64315032958984375000, nan
2023-01-30 09:24:56.992735, 1.61504364013671875000, nan
2023-01-30 09:24:56.992770, 1.51795196533203125000, nan
2023-01-30 09:24:57.092391, 1.45407867431640625000, nan
2023-01-30 09:24:57.092426, 1.28034210205078125000, nan
2023-01-30 09:24:57.192312, 1.13214874267578125000, nan
2023-01-30 09:24:57.192338, 0.81021881103515625000, nan
2023-01-30 09:24:57.292345, 0.61093139648437500000, nan
2023-01-30 09:24:57.292379, 0.46273803710937500000, nan
2023-01-30 09:24:57.392910, 0.40142059326171875000, nan
2023-01-30 09:24:57.392975, 0.31710815429687500000, nan
2023-01-30 09:24:57.492269, 0.26856231689453125000, nan
2023-01-30 09:24:57.492299, 0.16891479492187500000, nan
2023-01-30 09:24:57.592359, 0.07182312011718750000, nan
2023-01-30 09:24:57.592376, -0.04826354980468750000, nan
2023-01-30 09:24:57.692400, -0.09425354003906250000, nan
2023-01-30 09:24:57.692424, -0.16323852539062500000, nan
2023-01-30 09:24:57.792107, -0.23988342285156250000, nan
2023-01-30 09:24:57.792131, -0.40596008300781250000, nan
2023-01-30 09:24:57.892679, -0.54648590087890625000, nan
2023-01-30 09:24:57.892714, -0.67934417724609375000, nan
2023-01-30 09:24:57.992480, -0.69212341308593750000, nan
2023-01-30 09:24:57.992519, -0.68190002441406250000, nan
2023-01-30 09:24:58.091942, -0.67423248291015625000, nan
2023-01-30 09:24:58.091965, -0.67423248291015625000, nan
2023-01-30 09:24:58.192257, -0.68445587158203125000, nan
2023-01-30 09:24:58.192310, -0.72277832031250000000, nan
2023-01-30 09:24:58.292401, -0.74832916259765625000, nan
2023-01-30 09:24:58.292437, -0.76876831054687500000, nan
2023-01-30 09:24:58.393301, -0.77899169921875000000, nan
2023-01-30 09:24:58.393334, -0.82498168945312500000, nan
2023-01-30 09:24:58.492151, -0.87863159179687500000, nan
2023-01-30 09:24:58.492173, -0.94506835937500000000, nan
2023-01-30 09:24:58.592012, -0.89907836914062500000, nan
2023-01-30 09:24:58.592033, -0.68445587158203125000, nan
2023-01-30 09:24:58.694030, -0.51837921142578125000, nan
2023-01-30 09:24:58.694062, -0.28587341308593750000, nan
2023-01-30 09:24:58.792199, -0.14534759521484375000, nan
2023-01-30 09:24:58.792237, 0.06671142578125000000, nan
2023-01-30 09:24:58.893064, 0.20468139648437500000, nan
2023-01-30 09:24:58.893083, 0.41163635253906250000, nan
2023-01-30 09:24:58.993010, 0.55982971191406250000, nan
2023-01-30 09:24:58.993029, 0.80000305175781250000, nan
2023-01-30 09:24:59.093226, 0.90731048583984375000, nan
2023-01-30 09:24:59.093251, 1.00440216064453125000, nan
2023-01-30 09:24:59.193170, 1.02995300292968750000, nan
2023-01-30 09:24:59.193194, 1.09382629394531250000, nan
2023-01-30 09:24:59.293124, 1.20113372802734375000, nan
2023-01-30 09:24:59.293148, 1.37232208251953125000, nan
2023-01-30 09:24:59.392870, 1.47196197509765625000, nan
2023-01-30 09:24:59.392890, 1.61759948730468750000, nan
2023-01-30 09:24:59.493489, 1.71980285644531250000, nan
2023-01-30 09:24:59.493515, 1.82711029052734375000, nan
2023-01-30 09:24:59.593120, 1.89353942871093750000, nan
2023-01-30 09:24:59.593144, 1.94464111328125000000, nan
2023-01-30 09:24:59.693237, 1.87054443359375000000, nan
2023-01-30 09:24:59.693262, 1.63548278808593750000, nan
2023-01-30 09:24:59.793367, 1.43363952636718750000, nan
2023-01-30 09:24:59.793393, 1.13470458984375000000, nan
2023-01-30 09:24:59.893431, 1.00184631347656250000, nan
2023-01-30 09:24:59.893468, 0.87920379638671875000, nan
2023-01-30 09:24:59.994060, 0.79489135742187500000, nan
2023-01-30 09:24:59.994082, 0.65692138671875000000, nan
2023-01-30 09:25:00.093003, 0.58282470703125000000, nan
2023-01-30 09:25:00.093024, 0.45762634277343750000, nan
2023-01-30 09:25:00.193457, 0.36564636230468750000, nan
2023-01-30 09:25:00.193481, 0.27111816406250000000, nan
2023-01-30 09:25:00.293376, 0.18168640136718750000, nan
2023-01-30 09:25:00.295906, -0.01760101318359375000, nan
2023-01-30 09:25:00.393027, -0.14790344238281250000, nan
2023-01-30 09:25:00.393049, -0.39573669433593750000, nan
2023-01-30 09:25:00.493975, -0.53370666503906250000, nan
2023-01-30 09:25:00.493999, -0.61291503906250000000, nan
2023-01-30 09:25:00.593728, -0.62313842773437500000, nan
2023-01-30 09:25:00.593752, -0.62824249267578125000, nan
2023-01-30 09:25:00.693163, -0.62824249267578125000, nan
2023-01-30 09:25:00.693185, -0.64102172851562500000, nan
2023-01-30 09:25:00.794979, -0.67423248291015625000, nan
2023-01-30 09:25:00.795005, -0.72277832031250000000, nan
2023-01-30 09:25:00.893063, -0.73044586181640625000, nan
2023-01-30 09:25:00.893083, -0.76621246337890625000, nan
2023-01-30 09:25:00.993406, -0.81220245361328125000, nan
2023-01-30 09:25:00.993442, -0.90929412841796875000, nan
2023-01-30 09:25:01.094787, -0.98850250244140625000, nan
2023-01-30 09:25:01.094807, -1.02426910400390625000, nan
2023-01-30 09:25:01.196254, -0.96550750732421875000, nan
2023-01-30 09:25:01.196276, -0.78665161132812500000, nan
2023-01-30 09:25:01.294430, -0.62568664550781250000, nan
2023-01-30 09:25:01.294460, -0.39829254150390625000, nan
2023-01-30 09:25:01.394212, -0.28331756591796875000, 21.26151657104492187500
2023-01-30 09:25:01.394235, -0.13257598876953125000, nan
2023-01-30 09:25:01.494417, 0.00794982910156250000, nan
2023-01-30 09:25:01.494452, 0.28388977050781250000, nan
2023-01-30 09:25:01.595211, 0.43974304199218750000, nan
2023-01-30 09:25:01.595247, 0.59049224853515625000, nan
2023-01-30 09:25:01.693998, 0.64669799804687500000, nan
2023-01-30 09:25:01.694020, 0.69268798828125000000, nan
2023-01-30 09:25:01.794186, 0.76678466796875000000, nan
2023-01-30 09:25:01.794212, 0.94052124023437500000, nan
2023-01-30 09:25:01.894240, 1.05294799804687500000, nan
2023-01-30 09:25:01.894276, 1.22157287597656250000, nan
2023-01-30 09:25:01.994464, 1.32377624511718750000, nan
2023-01-30 09:25:01.994488, 1.44896697998046875000, nan
2023-01-30 09:25:02.094932, 1.50773620605468750000, nan
2023-01-30 09:25:02.094953, 1.62271118164062500000, nan
2023-01-30 09:25:02.194172, 1.71213531494140625000, nan
2023-01-30 09:25:02.194198, 1.73768615722656250000, nan
2023-01-30 09:25:02.294174, 1.65847778320312500000, nan
2023-01-30 09:25:02.294194, 1.42341613769531250000, nan
2023-01-30 09:25:02.394229, 1.23945617675781250000, nan
2023-01-30 09:25:02.394252, 1.06060791015625000000, nan
2023-01-30 09:25:02.494152, 0.98651123046875000000, nan
2023-01-30 09:25:02.494178, 0.88687133789062500000, nan
2023-01-30 09:25:02.594334, 0.81788635253906250000, nan
2023-01-30 09:25:02.594357, 0.70802307128906250000, nan
2023-01-30 09:25:02.694297, 0.63392639160156250000, nan
2023-01-30 09:25:02.694321, 0.52150726318359375000, nan
2023-01-30 09:25:02.794800, 0.46273803710937500000, nan
2023-01-30 09:25:02.794822, 0.39630889892578125000, nan
2023-01-30 09:25:02.894947, 0.29666137695312500000, nan
2023-01-30 09:25:02.894977, 0.07693481445312500000, nan
2023-01-30 09:25:02.994296, -0.08147430419921875000, nan
2023-01-30 09:25:02.994319, -0.32420349121093750000, nan
2023-01-30 09:25:03.094772, -0.41873168945312500000, nan
2023-01-30 09:25:03.094805, -0.50305175781250000000, nan
2023-01-30 09:25:03.194290, -0.55670166015625000000, nan
2023-01-30 09:25:03.194322, -0.62824249267578125000, nan
2023-01-30 09:25:03.294212, -0.66912841796875000000, nan
2023-01-30 09:25:03.294232, -0.73044586181640625000, nan
2023-01-30 09:25:03.394623, -0.77643585205078125000, nan
2023-01-30 09:25:03.394656, -0.83264160156250000000, nan
2023-01-30 09:25:03.494678, -0.86074829101562500000, nan
2023-01-30 09:25:03.494714, -0.91184997558593750000, nan
2023-01-30 09:25:03.594224, -0.95017242431640625000, nan
2023-01-30 09:25:03.594255, -1.03193664550781250000, nan
2023-01-30 09:25:03.694032, -1.06004333496093750000, nan
2023-01-30 09:25:03.694055, -0.90418243408203125000, nan
2023-01-30 09:25:03.794150, -0.73044586181640625000, nan
2023-01-30 09:25:03.794174, -0.48005676269531250000, nan
2023-01-30 09:25:03.894740, -0.33186340332031250000, nan
2023-01-30 09:25:03.894772, -0.10702514648437500000, nan
2023-01-30 09:25:03.994109, 0.06160736083984375000, nan
2023-01-30 09:25:03.994135, 0.30688476562500000000, nan
2023-01-30 09:25:04.095171, 0.46784973144531250000, nan
2023-01-30 09:25:04.095191, 0.70546722412109375000, nan
2023-01-30 09:25:04.196423, 0.83321380615234375000, nan
2023-01-30 09:25:04.196449, 0.95585632324218750000, nan
2023-01-30 09:25:04.295001, 0.99417877197265625000, nan
2023-01-30 09:25:04.295021, 1.02484130859375000000, nan
2023-01-30 09:25:04.395220, 1.10148620605468750000, nan
2023-01-30 09:25:04.395247, 1.27778625488281250000, nan
2023-01-30 09:25:04.495170, 1.39020538330078125000, nan
2023-01-30 09:25:04.495194, 1.54094696044921875000, nan
2023-01-30 09:25:04.595036, 1.63803863525390625000, nan
2023-01-30 09:25:04.595058, 1.73768615722656250000, nan
2023-01-30 09:25:04.695652, 1.74279785156250000000, nan
2023-01-30 09:25:04.695687, 1.69169616699218750000, nan
2023-01-30 09:25:04.795180, 1.62015533447265625000, nan
2023-01-30 09:25:04.795203, 1.44896697998046875000, nan
2023-01-30 09:25:04.896513, 1.32377624511718750000, nan
2023-01-30 09:25:04.896536, 1.03250122070312500000, nan
2023-01-30 09:25:04.995189, 0.82554626464843750000, nan
2023-01-30 09:25:04.995215, 0.65947723388671875000, nan
2023-01-30 09:25:05.096039, 0.58538055419921875000, nan
2023-01-30 09:25:05.096072, 0.47551727294921875000, nan
2023-01-30 09:25:05.195368, 0.41163635253906250000, nan
2023-01-30 09:25:05.195394, 0.31710815429687500000, nan
2023-01-30 09:25:05.294998, 0.20468139648437500000, nan
2023-01-30 09:25:05.295017, 0.00283813476562500000, nan
2023-01-30 09:25:05.395192, -0.07891845703125000000, nan
2023-01-30 09:25:05.395219, -0.19133758544921875000, nan
2023-01-30 09:25:05.496359, -0.30631256103515625000, nan
2023-01-30 09:25:05.496386, -0.50816345214843750000, nan
2023-01-30 09:25:05.595201, -0.65634918212890625000, nan
2023-01-30 09:25:05.595227, -0.84286499023437500000, nan
2023-01-30 09:25:05.695076, -0.87863159179687500000, nan
2023-01-30 09:25:05.695109, -0.88118743896484375000, nan
2023-01-30 09:25:05.795147, -0.88118743896484375000, nan
2023-01-30 09:25:05.795173, -0.86841583251953125000, nan
2023-01-30 09:25:05.894649, -0.85053253173828125000, nan
2023-01-30 09:25:05.894665, -0.80964660644531250000, nan
2023-01-30 09:25:05.994889, -0.74832916259765625000, nan
2023-01-30 09:25:05.994902, -0.57459259033203125000, nan
2023-01-30 09:25:06.095276, -0.42639923095703125000, nan
2023-01-30 09:25:06.095312, -0.25266265869140625000, nan
2023-01-30 09:25:06.195296, -0.16834259033203125000, nan
2023-01-30 09:25:06.195323, -0.09169769287109375000, nan
2023-01-30 09:25:06.295364, -0.00482177734375000000, nan
2023-01-30 09:25:06.295395, 0.27622222900390625000, nan
2023-01-30 09:25:06.396313, 0.48062133789062500000, nan
2023-01-30 09:25:06.396339, 0.74123382568359375000, nan
2023-01-30 09:25:06.496246, 0.89708709716796875000, nan
2023-01-30 09:25:06.496267, 1.10915374755859375000, nan
2023-01-30 09:25:06.596075, 1.21391296386718750000, nan
2023-01-30 09:25:06.596097, 1.36465454101562500000, nan
2023-01-30 09:25:06.696367, 1.47962951660156250000, nan
2023-01-30 09:25:06.696402, 1.63292694091796875000, nan
2023-01-30 09:25:06.798239, 1.69169616699218750000, nan
2023-01-30 09:25:06.798264, 1.73257446289062500000, nan
2023-01-30 09:25:06.896073, 1.72490692138671875000, nan
2023-01-30 09:25:06.896105, 1.74279785156250000000, nan
2023-01-30 09:25:06.996231, 1.79389190673828125000, nan
2023-01-30 09:25:06.996258, 1.80155944824218750000, nan
2023-01-30 09:25:07.096206, 1.75045776367187500000, nan
2023-01-30 09:25:07.096229, 1.66103363037109375000, nan
2023-01-30 09:25:07.197340, 1.59716033935546875000, nan
2023-01-30 09:25:07.197362, 1.47451782226562500000, nan
2023-01-30 09:25:07.296511, 1.40808868408203125000, nan
2023-01-30 09:25:07.296536, 1.30844116210937500000, nan
2023-01-30 09:25:07.396173, 1.18325042724609375000, nan
2023-01-30 09:25:07.396197, 0.95330047607421875000, nan
2023-01-30 09:25:07.496389, 0.76678466796875000000, nan
2023-01-30 09:25:07.496422, 0.52916717529296875000, nan
2023-01-30 09:25:07.596319, 0.46273803710937500000, nan
2023-01-30 09:25:07.596349, 0.39630889892578125000, nan
2023-01-30 09:25:07.695969, 0.35287475585937500000, nan
2023-01-30 09:25:07.695990, 0.28133392333984375000, nan
2023-01-30 09:25:07.795893, 0.21490478515625000000, nan
2023-01-30 09:25:07.795913, 0.09226226806640625000, nan
2023-01-30 09:25:07.895583, 0.02072143554687500000, nan
2023-01-30 09:25:07.895588, -0.06103515625000000000, nan
2023-01-30 09:25:07.995748, -0.15045928955078125000, nan
2023-01-30 09:25:07.995758, -0.32675170898437500000, nan
2023-01-30 09:25:08.097600, -0.48005676269531250000, nan
2023-01-30 09:25:08.097624, -0.70489501953125000000, nan
2023-01-30 09:25:08.196174, -0.77132415771484375000, nan
2023-01-30 09:25:08.196199, -0.78920745849609375000, nan
2023-01-30 09:25:08.296219, -0.78920745849609375000, nan
2023-01-30 09:25:08.296242, -0.77899169921875000000, nan
2023-01-30 09:25:08.396196, -0.76876831054687500000, nan
2023-01-30 09:25:08.396220, -0.76876831054687500000, nan
2023-01-30 09:25:08.496338, -0.76621246337890625000, nan
2023-01-30 09:25:08.496364, -0.67934417724609375000, nan
2023-01-30 09:25:08.597218, -0.55670166015625000000, nan
2023-01-30 09:25:08.597254, -0.36763763427734375000, nan
2023-01-30 09:25:08.697234, -0.27565765380859375000, nan
2023-01-30 09:25:08.697259, -0.16578674316406250000, nan
2023-01-30 09:25:08.798073, -0.02271270751953125000, nan
2023-01-30 09:25:08.798096, 0.31455230712890625000, nan
2023-01-30 09:25:08.897339, 0.53172302246093750000, nan
2023-01-30 09:25:08.897364, 0.84088134765625000000, nan
2023-01-30 09:25:08.997193, 1.05294799804687500000, nan
2023-01-30 09:25:08.997218, 1.33399200439453125000, nan
2023-01-30 09:25:09.097265, 1.49751281738281250000, nan
2023-01-30 09:25:09.097291, 1.79644775390625000000, nan
2023-01-30 09:25:09.197262, 2.03150939941406250000, nan
2023-01-30 09:25:09.197288, 2.31000518798828125000, nan
2023-01-30 09:25:09.297115, 2.46330261230468750000, nan
2023-01-30 09:25:09.297139, 2.63193511962890625000, nan
2023-01-30 09:25:09.397371, 2.73158264160156250000, nan
2023-01-30 09:25:09.397396, 2.98963165283203125000, nan
2023-01-30 09:25:09.497131, 3.22213745117187500000, nan
2023-01-30 09:25:09.497155, 3.57472991943359375000, nan
2023-01-30 09:25:09.597359, 3.76891326904296875000, nan
2023-01-30 09:25:09.597394, 4.00652313232421875000, nan
2023-01-30 09:25:09.697039, 4.15982818603515625000, nan
2023-01-30 09:25:09.697064, 4.39232635498046875000, nan
2023-01-30 09:25:09.797234, 4.47920227050781250000, nan
2023-01-30 09:25:09.797255, 4.40510559082031250000, nan
2023-01-30 09:25:09.897850, 4.20070648193359375000, nan
2023-01-30 09:25:09.897883, 3.82000732421875000000, nan
2023-01-30 09:25:09.997647, 3.62838745117187500000, nan
2023-01-30 09:25:09.997669, 3.43675994873046875000, nan
2023-01-30 09:25:10.097246, 3.33711242675781250000, nan
2023-01-30 09:25:10.097282, 3.18637084960937500000, nan
2023-01-30 09:25:10.197164, 3.05351257324218750000, nan
2023-01-30 09:25:10.197187, 2.84400177001953125000, nan
2023-01-30 09:25:10.297401, 2.72647094726562500000, nan
2023-01-30 09:25:10.297435, 2.53995513916015625000, nan
2023-01-30 09:25:10.397240, 2.34832763671875000000, nan
2023-01-30 09:25:10.397266, 2.00595855712890625000, nan
2023-01-30 09:25:10.497109, 1.74534606933593750000, nan
2023-01-30 09:25:10.497134, 1.41831207275390625000, nan
2023-01-30 09:25:10.597185, 1.31355285644531250000, nan
2023-01-30 09:25:10.597208, 1.17558288574218750000, nan
2023-01-30 09:25:10.697735, 1.09382629394531250000, nan
2023-01-30 09:25:10.697760, 1.01461791992187500000, nan
2023-01-30 09:25:10.798164, 0.96862792968750000000, nan
2023-01-30 09:25:10.798188, 0.86898803710937500000, nan
2023-01-30 09:25:10.898800, 0.79233551025390625000, nan
2023-01-30 09:25:10.898823, 0.68502807617187500000, nan
2023-01-30 09:25:10.998932, 0.59049224853515625000, nan
2023-01-30 09:25:10.998962, 0.41419219970703125000, nan
2023-01-30 09:25:11.098273, 0.23789978027343750000, nan
2023-01-30 09:25:11.098295, 0.03350067138671875000, nan
2023-01-30 09:25:11.198219, 0.00539398193359375000, nan
2023-01-30 09:25:11.198240, -0.03804016113281250000, nan
2023-01-30 09:25:11.298135, -0.06614685058593750000, nan
2023-01-30 09:25:11.298157, -0.09680175781250000000, nan
2023-01-30 09:25:11.398372, -0.12490844726562500000, 20.56359481811523437500
2023-01-30 09:25:11.398408, -0.19900512695312500000, nan
2023-01-30 09:25:11.498465, -0.24243927001953125000, nan
2023-01-30 09:25:11.498488, -0.27310180664062500000, nan
2023-01-30 09:25:11.598198, -0.31653594970703125000, nan
2023-01-30 09:25:11.598221, -0.42384338378906250000, nan
2023-01-30 09:25:11.698220, -0.52860260009765625000, nan
2023-01-30 09:25:11.698245, -0.65890502929687500000, nan
2023-01-30 09:25:11.798300, -0.65379333496093750000, nan
2023-01-30 09:25:11.798334, -0.53626251220703125000, nan
2023-01-30 09:25:11.898204, -0.40084838867187500000, nan
2023-01-30 09:25:11.898230, -0.18112182617187500000, nan
2023-01-30 09:25:11.998595, -0.04826354980468750000, nan
2023-01-30 09:25:11.998629, 0.19190979003906250000, nan
2023-01-30 09:25:12.098106, 0.36054229736328125000, nan
2023-01-30 09:25:12.098130, 0.62114715576171875000, nan
2023-01-30 09:25:12.198210, 0.79233551025390625000, nan
2023-01-30 09:25:12.198234, 0.97885131835937500000, nan
2023-01-30 09:25:12.300026, 1.05549621582031250000, nan
2023-01-30 09:25:12.300074, 1.12703704833984375000, nan
2023-01-30 09:25:12.398134, 1.21391296386718750000, nan
2023-01-30 09:25:12.398156, 1.39787292480468750000, nan
2023-01-30 09:25:12.499225, 1.51284790039062500000, nan
2023-01-30 09:25:12.499253, 1.67381286621093750000, nan
2023-01-30 09:25:12.598590, 1.77856445312500000000, nan
2023-01-30 09:25:12.598624, 1.91909027099609375000, nan
2023-01-30 09:25:12.698260, 1.99829101562500000000, nan
2023-01-30 09:25:12.698283, 2.16692352294921875000, nan
2023-01-30 09:25:12.798436, 2.26912689208984375000, nan
2023-01-30 09:25:12.798467, 2.26657104492187500000, nan
2023-01-30 09:25:12.899049, 2.16436767578125000000, nan
2023-01-30 09:25:12.899072, 1.87821197509765625000, nan
2023-01-30 09:25:13.000280, 1.71213531494140625000, nan
2023-01-30 09:25:13.000305, 1.59971618652343750000, nan
2023-01-30 09:25:13.099315, 1.55117034912109375000, nan
2023-01-30 09:25:13.099337, 1.49495697021484375000, nan
2023-01-30 09:25:13.199759, 1.45663452148437500000, nan
2023-01-30 09:25:13.199854, 1.39531707763671875000, nan
2023-01-30 09:25:13.299221, 1.33143615722656250000, nan
2023-01-30 09:25:13.299246, 1.25734710693359375000, nan
2023-01-30 09:25:13.399178, 1.22924041748046875000, nan
2023-01-30 09:25:13.399203, 1.12193298339843750000, nan
2023-01-30 09:25:13.499173, 1.01972961425781250000, nan
2023-01-30 09:25:13.499197, 0.77955627441406250000, nan
2023-01-30 09:25:13.600192, 0.60581970214843750000, nan
2023-01-30 09:25:13.600215, 0.50872802734375000000, nan
2023-01-30 09:25:13.699405, 0.48828887939453125000, nan
2023-01-30 09:25:13.699436, 0.44741058349609375000, nan
2023-01-30 09:25:13.799533, 0.41930389404296875000, nan
2023-01-30 09:25:13.799693, 0.37331390380859375000, nan
2023-01-30 09:25:13.899148, 0.31965637207031250000, nan
2023-01-30 09:25:13.899170, 0.18424224853515625000, nan
2023-01-30 09:25:13.999356, 0.10248565673828125000, nan
2023-01-30 09:25:13.999377, 0.02072143554687500000, nan
2023-01-30 09:25:14.099389, -0.05336761474609375000, nan
2023-01-30 09:25:14.099413, -0.20922851562500000000, nan
2023-01-30 09:25:14.199505, -0.34464263916015625000, nan
2023-01-30 09:25:14.199538, -0.51582336425781250000, nan
2023-01-30 09:25:14.299150, -0.54904174804687500000, nan
2023-01-30 09:25:14.299172, -0.55925750732421875000, nan
2023-01-30 09:25:14.399331, -0.56692504882812500000, nan
2023-01-30 09:25:14.399365, -0.56948089599609375000, nan
2023-01-30 09:25:14.499209, -0.57969665527343750000, nan
2023-01-30 09:25:14.499236, -0.61035919189453125000, nan
2023-01-30 09:25:14.599433, -0.63079833984375000000, nan
2023-01-30 09:25:14.599455, -0.62568664550781250000, nan
2023-01-30 09:25:14.699281, -0.60269165039062500000, nan
2023-01-30 09:25:14.699309, -0.52349090576171875000, nan
2023-01-30 09:25:14.800581, -0.45450592041015625000, nan
2023-01-30 09:25:14.800607, -0.38296508789062500000, nan
2023-01-30 09:25:14.899707, -0.29609680175781250000, nan
2023-01-30 09:25:14.899731, -0.07891845703125000000, nan
2023-01-30 09:25:14.999473, 0.11781311035156250000, nan
2023-01-30 09:25:14.999507, 0.40142059326171875000, nan
2023-01-30 09:25:15.099120, 0.55471801757812500000, nan
2023-01-30 09:25:15.099144, 0.78466796875000000000, nan
2023-01-30 09:25:15.199348, 0.92008209228515625000, nan
2023-01-30 09:25:15.199372, 1.10659790039062500000, nan
2023-01-30 09:25:15.300604, 1.23690795898437500000, nan
2023-01-30 09:25:15.300641, 1.37487792968750000000, nan
2023-01-30 09:25:15.400668, 1.41831207275390625000, nan
2023-01-30 09:25:15.400702, 1.43108367919921875000, nan
2023-01-30 09:25:15.500262, 1.42597198486328125000, nan
2023-01-30 09:25:15.500287, 1.49495697021484375000, nan
2023-01-30 09:25:15.600377, 1.57160949707031250000, nan
2023-01-30 09:25:15.600407, 1.69935607910156250000, nan
2023-01-30 09:25:15.700217, 1.78367614746093750000, nan
2023-01-30 09:25:15.700250, 1.85521697998046875000, nan
2023-01-30 09:25:15.800459, 1.83477783203125000000, nan
2023-01-30 09:25:15.800481, 1.73513031005859375000, nan
2023-01-30 09:25:15.900152, 1.67125701904296875000, nan
2023-01-30 09:25:15.900174, 1.54350280761718750000, nan
2023-01-30 09:25:16.000326, 1.42852783203125000000, nan
2023-01-30 09:25:16.000348, 1.18580627441406250000, nan
2023-01-30 09:25:16.100114, 0.99417877197265625000, nan
2023-01-30 09:25:16.100139, 0.81277465820312500000, nan
2023-01-30 09:25:16.202451, 0.74890136718750000000, nan
2023-01-30 09:25:16.202476, 0.68502807617187500000, nan
2023-01-30 09:25:16.300263, 0.64414215087890625000, nan
2023-01-30 09:25:16.300290, 0.53683471679687500000, nan
2023-01-30 09:25:16.400361, 0.45252227783203125000, nan
2023-01-30 09:25:16.400399, 0.27622222900390625000, nan
2023-01-30 09:25:16.480911, 0.11525726318359375000, nan
2023-01-30 09:25:16.480945, -0.03804016113281250000, nan
2023-01-30 09:25:16.580223, -0.21433258056640625000, nan
2023-01-30 09:25:16.580247, -0.32930755615234375000, nan
2023-01-30 09:25:16.680411, -0.53370666503906250000, nan
2023-01-30 09:25:16.680436, -0.65123748779296875000, nan
2023-01-30 09:25:16.780902, -0.69722747802734375000, nan
2023-01-30 09:25:16.780926, -0.69978332519531250000, nan
2023-01-30 09:25:16.880370, -0.69212341308593750000, nan
2023-01-30 09:25:16.880395, -0.67934417724609375000, nan
2023-01-30 09:25:16.980243, -0.68190002441406250000, nan
2023-01-30 09:25:16.980271, -0.70233917236328125000, nan
2023-01-30 09:25:17.080379, -0.71000671386718750000, nan
2023-01-30 09:25:17.080400, -0.66401672363281250000, nan
2023-01-30 09:25:17.180122, -0.51837921142578125000, nan
2023-01-30 09:25:17.180142, -0.39573669433593750000, nan
2023-01-30 09:25:17.282376, -0.27310180664062500000, nan
2023-01-30 09:25:17.282398, -0.19900512695312500000, nan
2023-01-30 09:25:17.380188, 0.07949066162109375000, nan
2023-01-30 09:25:17.380211, 0.32732391357421875000, nan
2023-01-30 09:25:17.481803, 0.69268798828125000000, nan
2023-01-30 09:25:17.481829, 0.92008209228515625000, nan
2023-01-30 09:25:17.581463, 1.22924041748046875000, nan
2023-01-30 09:25:17.581491, 1.39020538330078125000, nan
2023-01-30 09:25:17.681312, 1.63548278808593750000, nan
2023-01-30 09:25:17.681336, 1.82455444335937500000, nan
2023-01-30 09:25:17.781219, 2.05961608886718750000, nan
2023-01-30 09:25:17.781246, 2.20269775390625000000, nan
2023-01-30 09:25:17.881180, 2.34066772460937500000, nan
2023-01-30 09:25:17.881204, 2.41475677490234375000, nan
2023-01-30 09:25:17.981457, 2.60894012451171875000, nan
2023-01-30 09:25:17.981492, 2.74946594238281250000, nan
2023-01-30 09:25:18.081621, 2.92575836181640625000, nan
2023-01-30 09:25:18.081643, 2.99985504150390625000, nan
2023-01-30 09:25:18.181222, 3.02796173095703125000, nan
2023-01-30 09:25:18.181245, 2.99474334716796875000, nan
2023-01-30 09:25:18.281154, 2.91809082031250000000, nan
2023-01-30 09:25:18.281179, 2.84144592285156250000, nan
2023-01-30 09:25:18.381158, 2.64726257324218750000, nan
2023-01-30 09:25:18.381184, 2.46330261230468750000, nan
2023-01-30 09:25:18.481262, 2.11837768554687500000, nan
2023-01-30 09:25:18.481289, 1.94208526611328125000, nan
2023-01-30 09:25:18.581176, 1.76068115234375000000, nan
2023-01-30 09:25:18.581199, 1.63292694091796875000, nan
2023-01-30 09:25:18.681139, 1.44641113281250000000, nan
2023-01-30 09:25:18.681161, 1.33143615722656250000, nan
2023-01-30 09:25:18.781261, 1.17047119140625000000, nan
2023-01-30 09:25:18.781288, 1.05294799804687500000, nan
2023-01-30 09:25:18.881361, 0.92263793945312500000, nan
2023-01-30 09:25:18.881397, 0.84599304199218750000, nan
2023-01-30 09:25:18.981463, 0.66969299316406250000, nan
2023-01-30 09:25:18.981496, 0.49340057373046875000, nan
2023-01-30 09:25:19.081214, 0.15869140625000000000, nan
2023-01-30 09:25:19.081236, 0.00028228759765625000, nan
2023-01-30 09:25:19.181294, -0.09169769287109375000, nan
2023-01-30 09:25:19.181329, -0.14534759521484375000, nan
2023-01-30 09:25:19.281264, -0.22711181640625000000, nan
2023-01-30 09:25:19.281293, -0.27310180664062500000, nan
2023-01-30 09:25:19.382950, -0.35230255126953125000, nan
2023-01-30 09:25:19.382986, -0.41107177734375000000, nan
2023-01-30 09:25:19.481214, -0.48005676269531250000, nan
2023-01-30 09:25:19.481238, -0.53370666503906250000, nan
2023-01-30 09:25:19.582109, -0.63335418701171875000, nan
2023-01-30 09:25:19.582137, -0.70745086669921875000, nan
2023-01-30 09:25:19.681359, -0.83264160156250000000, nan
2023-01-30 09:25:19.681393, -0.86585998535156250000, nan
2023-01-30 09:25:19.781447, -0.81220245361328125000, nan
2023-01-30 09:25:19.781483, -0.76876831054687500000, nan
2023-01-30 09:25:19.882532, -0.71256256103515625000, nan
2023-01-30 09:25:19.882564, -0.68445587158203125000, nan
2023-01-30 09:25:19.982223, -0.66657257080078125000, nan
2023-01-30 09:25:19.982257, -0.65890502929687500000, nan
2023-01-30 09:25:20.083149, -0.57714843750000000000, nan
2023-01-30 09:25:20.083173, -0.46217346191406250000, nan
2023-01-30 09:25:20.182302, -0.30631256103515625000, nan
2023-01-30 09:25:20.182323, -0.22966766357421875000, nan
2023-01-30 09:25:20.282018, -0.15812683105468750000, nan
2023-01-30 09:25:20.282039, -0.09935760498046875000, nan
2023-01-30 09:25:20.382272, 0.16891479492187500000, nan
2023-01-30 09:25:20.382299, 0.39630889892578125000, nan
2023-01-30 09:25:20.482588, 0.69268798828125000000, nan
2023-01-30 09:25:20.482626, 0.89453125000000000000, nan
2023-01-30 09:25:20.582308, 1.17047119140625000000, nan
2023-01-30 09:25:20.582333, 1.31099700927734375000, nan
2023-01-30 09:25:20.682709, 1.50773620605468750000, nan
2023-01-30 09:25:20.682743, 1.66614532470703125000, nan
2023-01-30 09:25:20.782439, 1.88842773437500000000, nan
2023-01-30 09:25:20.782475, 2.00340270996093750000, nan
2023-01-30 09:25:20.882180, 2.15670776367187500000, nan
2023-01-30 09:25:20.882202, 2.23335266113281250000, nan
2023-01-30 09:25:20.982222, 2.39176177978515625000, nan
2023-01-30 09:25:20.982249, 2.54251098632812500000, nan
2023-01-30 09:25:21.082227, 2.79801177978515625000, nan
2023-01-30 09:25:21.082251, 2.99474334716796875000, nan
2023-01-30 09:25:21.182250, 3.24768829345703125000, nan
2023-01-30 09:25:21.182275, 3.32434082031250000000, nan
2023-01-30 09:25:21.282453, 3.29112243652343750000, nan
2023-01-30 09:25:21.282487, 3.23491668701171875000, nan
2023-01-30 09:25:21.382206, 3.08927917480468750000, 20.25658226013183593750
2023-01-30 09:25:21.382229, 2.95130920410156250000, nan
2023-01-30 09:25:21.485143, 2.67536926269531250000, nan
2023-01-30 09:25:21.485164, 2.47863769531250000000, nan
2023-01-30 09:25:21.582278, 2.31511688232421875000, nan
2023-01-30 09:25:21.582303, 2.25634765625000000000, nan
2023-01-30 09:25:21.682795, 2.19247436523437500000, nan
2023-01-30 09:25:21.682831, 2.13371276855468750000, nan
2023-01-30 09:25:21.782103, 1.99574279785156250000, nan
2023-01-30 09:25:21.782123, 1.89865112304687500000, nan
2023-01-30 09:25:21.898276, 1.76834106445312500000, nan
2023-01-30 09:25:21.898305, 1.64059448242187500000, nan
2023-01-30 09:25:21.998462, 1.50518035888671875000, nan
2023-01-30 09:25:21.998499, 1.24201202392578125000, nan
2023-01-30 09:25:22.098554, 1.00950622558593750000, nan
2023-01-30 09:25:22.098576, 0.58793640136718750000, nan
2023-01-30 09:25:22.198472, 0.33243560791015625000, nan
2023-01-30 09:25:22.198507, 0.10504150390625000000, nan
2023-01-30 09:25:22.298254, 0.07182312011718750000, nan
2023-01-30 09:25:22.298292, 0.16124725341796875000, nan
2023-01-30 09:25:22.398220, 0.18424224853515625000, nan
2023-01-30 09:25:22.398243, 0.09226226806640625000, nan
2023-01-30 09:25:22.498082, 0.05138397216796875000, nan
2023-01-30 09:25:22.498106, -0.00737762451171875000, nan
2023-01-30 09:25:22.598627, -0.08147430419921875000, nan
2023-01-30 09:25:22.598660, -0.25521850585937500000, nan
2023-01-30 09:25:22.698315, -0.40851593017578125000, nan
2023-01-30 09:25:22.698341, -0.55159759521484375000, nan
2023-01-30 09:25:22.798407, -0.56436920166015625000, nan
2023-01-30 09:25:22.798441, -0.52349090576171875000, nan
2023-01-30 09:25:22.898168, -0.48005676269531250000, nan
2023-01-30 09:25:22.898188, -0.43406677246093750000, nan
2023-01-30 09:25:22.998223, -0.43151092529296875000, nan
2023-01-30 09:25:22.998248, -0.45961761474609375000, nan
2023-01-30 09:25:23.098589, -0.46983337402343750000, nan
2023-01-30 09:25:23.098615, -0.46727752685546875000, nan
2023-01-30 09:25:23.198303, -0.50305175781250000000, nan
2023-01-30 09:25:23.198332, -0.59247589111328125000, nan
2023-01-30 09:25:23.298178, -0.67167663574218750000, nan
2023-01-30 09:25:23.298200, -0.74321746826171875000, nan
2023-01-30 09:25:23.399241, -0.72022247314453125000, nan
2023-01-30 09:25:23.399272, -0.64357757568359375000, nan
2023-01-30 09:25:23.498262, -0.55415344238281250000, nan
2023-01-30 09:25:23.498285, -0.36763763427734375000, nan
2023-01-30 09:25:23.598951, -0.23732757568359375000, nan
2023-01-30 09:25:23.598993, -0.07125854492187500000, nan
2023-01-30 09:25:23.698423, 0.09481811523437500000, nan
2023-01-30 09:25:23.698459, 0.40908813476562500000, nan
2023-01-30 09:25:23.798535, 0.55982971191406250000, nan
2023-01-30 09:25:23.798571, 0.77955627441406250000, nan
2023-01-30 09:25:23.897660, 0.88942718505859375000, nan
2023-01-30 09:25:23.897672, 1.01972961425781250000, nan
2023-01-30 09:25:23.998009, 1.15769958496093750000, nan
2023-01-30 09:25:23.998035, 1.37742614746093750000, nan
2023-01-30 09:25:24.099290, 1.50773620605468750000, nan
2023-01-30 09:25:24.099317, 1.71469116210937500000, nan
2023-01-30 09:25:24.200833, 1.84754943847656250000, nan
2023-01-30 09:25:24.200859, 2.02384185791015625000, nan
2023-01-30 09:25:24.299265, 2.15670776367187500000, nan
2023-01-30 09:25:24.299291, 2.32277679443359375000, nan
2023-01-30 09:25:24.399305, 2.36876678466796875000, nan
2023-01-30 09:25:24.399332, 2.34321594238281250000, nan
2023-01-30 09:25:24.499231, 2.27934265136718750000, nan
2023-01-30 09:25:24.499261, 2.22313690185546875000, nan
2023-01-30 09:25:24.599305, 2.21546936035156250000, nan
2023-01-30 09:25:24.599334, 2.21802520751953125000, nan
2023-01-30 09:25:24.699427, 2.23590850830078125000, nan
2023-01-30 09:25:24.699449, 2.23335266113281250000, nan
2023-01-30 09:25:24.799384, 2.20780181884765625000, nan
2023-01-30 09:25:24.799415, 2.15925598144531250000, nan
2023-01-30 09:25:24.899156, 2.11326599121093750000, nan
2023-01-30 09:25:24.899178, 1.97785186767578125000, nan
2023-01-30 09:25:24.999422, 1.86798858642578125000, nan
2023-01-30 09:25:25.009173, 1.64570617675781250000, nan
2023-01-30 09:25:25.099447, 1.51284790039062500000, nan
2023-01-30 09:25:25.099478, 1.44130706787109375000, nan
2023-01-30 09:25:25.199548, 1.42086791992187500000, nan
2023-01-30 09:25:25.199583, 1.35188293457031250000, nan
2023-01-30 09:25:25.299239, 1.25990295410156250000, nan
2023-01-30 09:25:25.299265, 1.11170959472656250000, nan
2023-01-30 09:25:25.399303, 1.02739715576171875000, nan
2023-01-30 09:25:25.399330, 0.91752624511718750000, nan
2023-01-30 09:25:25.499728, 0.84088134765625000000, nan
2023-01-30 09:25:25.499764, 0.67736053466796875000, nan
2023-01-30 09:25:25.599344, 0.50617218017578125000, nan
2023-01-30 09:25:25.599376, 0.15358734130859375000, nan
2023-01-30 09:25:25.699232, -0.00993347167968750000, nan
2023-01-30 09:25:25.699259, -0.09169769287109375000, nan
2023-01-30 09:25:25.799292, -0.12490844726562500000, nan
2023-01-30 09:25:25.799322, -0.18878173828125000000, nan
2023-01-30 09:25:25.901106, -0.22711181640625000000, nan
2023-01-30 09:25:25.901128, -0.27565765380859375000, nan
2023-01-30 09:25:26.000175, -0.32164764404296875000, nan
2023-01-30 09:25:26.000200, -0.37529754638671875000, nan
2023-01-30 09:25:26.080911, -0.40340423583984375000, nan
2023-01-30 09:25:26.080942, -0.43917846679687500000, nan
2023-01-30 09:25:26.180407, -0.54904174804687500000, nan
2023-01-30 09:25:26.180442, -0.64868164062500000000, nan
2023-01-30 09:25:26.280643, -0.70489501953125000000, nan
2023-01-30 09:25:26.280677, -0.67423248291015625000, nan
2023-01-30 09:25:26.380427, -0.59758758544921875000, nan
2023-01-30 09:25:26.380462, -0.53115844726562500000, nan
2023-01-30 09:25:26.481784, -0.46727752685546875000, nan
2023-01-30 09:25:26.481821, -0.46217346191406250000, nan
2023-01-30 09:25:26.580430, -0.47494506835937500000, nan
2023-01-30 09:25:26.580458, -0.46472167968750000000, nan
2023-01-30 09:25:26.680416, -0.37274169921875000000, nan
2023-01-30 09:25:26.680443, -0.29609680175781250000, nan
2023-01-30 09:25:26.780269, -0.19644927978515625000, nan
2023-01-30 09:25:26.780297, -0.15557098388671875000, nan
2023-01-30 09:25:26.881276, -0.05336761474609375000, nan
2023-01-30 09:25:26.881311, 0.11781311035156250000, nan
2023-01-30 09:25:26.980246, 0.40653228759765625000, nan
2023-01-30 09:25:26.980270, 0.56238555908203125000, nan
2023-01-30 09:25:27.080618, 0.78977966308593750000, nan
2023-01-30 09:25:27.080645, 0.95074462890625000000, nan
2023-01-30 09:25:27.180139, 1.17047119140625000000, nan
2023-01-30 09:25:27.180164, 1.31099700927734375000, nan
2023-01-30 09:25:27.280562, 1.52306365966796875000, nan
2023-01-30 09:25:27.280594, 1.62271118164062500000, nan
2023-01-30 09:25:27.380632, 1.76834106445312500000, nan
2023-01-30 09:25:27.380666, 1.85266113281250000000, nan
2023-01-30 09:25:27.480511, 1.96252441406250000000, nan
2023-01-30 09:25:27.480544, 2.08005523681640625000, nan
2023-01-30 09:25:27.580277, 2.25123596191406250000, nan
2023-01-30 09:25:27.580304, 2.36876678466796875000, nan
2023-01-30 09:25:27.680523, 2.50929260253906250000, nan
2023-01-30 09:25:27.680543, 2.53228759765625000000, nan
2023-01-30 09:25:27.780137, 2.49652099609375000000, nan
2023-01-30 09:25:27.780161, 2.45564270019531250000, nan
2023-01-30 09:25:27.880996, 2.36366271972656250000, nan
2023-01-30 09:25:27.881019, 2.26912689208984375000, nan
2023-01-30 09:25:27.980423, 2.02895355224609375000, nan
2023-01-30 09:25:27.980458, 1.83988189697265625000, nan
2023-01-30 09:25:28.081222, 1.67636108398437500000, nan
2023-01-30 09:25:28.081246, 1.62015533447265625000, nan
2023-01-30 09:25:28.180330, 1.55117034912109375000, nan
2023-01-30 09:25:28.180362, 1.50773620605468750000, nan
2023-01-30 09:25:28.280354, 1.40808868408203125000, nan
2023-01-30 09:25:28.280381, 1.31099700927734375000, nan
2023-01-30 09:25:28.380443, 1.15769958496093750000, nan
2023-01-30 09:25:28.380469, 1.08615875244140625000, nan
2023-01-30 09:25:28.480463, 0.95330047607421875000, nan
2023-01-30 09:25:28.480498, 0.84599304199218750000, nan
2023-01-30 09:25:28.581327, 0.67736053466796875000, nan
2023-01-30 09:25:28.581352, 0.56494140625000000000, nan
2023-01-30 09:25:28.681258, 0.43463134765625000000, nan
2023-01-30 09:25:28.681295, 0.36054229736328125000, nan
2023-01-30 09:25:28.780479, 0.23023223876953125000, nan
2023-01-30 09:25:28.780502, 0.11781311035156250000, nan
2023-01-30 09:25:28.880575, -0.02015686035156250000, nan
2023-01-30 09:25:28.880609, -0.09425354003906250000, nan
2023-01-30 09:25:28.980210, -0.21688842773437500000, nan
2023-01-30 09:25:28.980236, -0.26543426513671875000, nan
2023-01-30 09:25:29.081201, -0.34208679199218750000, nan
2023-01-30 09:25:29.081226, -0.40340423583984375000, nan
2023-01-30 09:25:29.181314, -0.53626251220703125000, nan
2023-01-30 09:25:29.181340, -0.62058258056640625000, nan
2023-01-30 09:25:29.281298, -0.62824249267578125000, nan
2023-01-30 09:25:29.281331, -0.59503173828125000000, nan
2023-01-30 09:25:29.381158, -0.51582336425781250000, nan
2023-01-30 09:25:29.381180, -0.46472167968750000000, nan
2023-01-30 09:25:29.481852, -0.43662261962890625000, nan
2023-01-30 09:25:29.481879, -0.44172668457031250000, nan
2023-01-30 09:25:29.581322, -0.45706176757812500000, nan
2023-01-30 09:25:29.581349, -0.45195007324218750000, nan
2023-01-30 09:25:29.681850, -0.44683837890625000000, nan
2023-01-30 09:25:29.681884, -0.46472167968750000000, nan
2023-01-30 09:25:29.781196, -0.54648590087890625000, nan
2023-01-30 09:25:29.781222, -0.60269165039062500000, nan
2023-01-30 09:25:29.881252, -0.53626251220703125000, nan
2023-01-30 09:25:29.881280, -0.41362762451171875000, nan
2023-01-30 09:25:29.986072, -0.21944427490234375000, nan
2023-01-30 09:25:29.986096, -0.10446929931640625000, nan
2023-01-30 09:25:30.081095, 0.06926727294921875000, nan
2023-01-30 09:25:30.081117, 0.22001647949218750000, nan
2023-01-30 09:25:30.181293, 0.43718719482421875000, nan
2023-01-30 09:25:30.181318, 0.59049224853515625000, nan
2023-01-30 09:25:30.281367, 0.88942718505859375000, nan
2023-01-30 09:25:30.281404, 1.04783630371093750000, nan
2023-01-30 09:25:30.381128, 1.22412872314453125000, nan
2023-01-30 09:25:30.381151, 1.29311370849609375000, nan
2023-01-30 09:25:30.481596, 1.37998199462890625000, nan
2023-01-30 09:25:30.481623, 1.50262451171875000000, nan
2023-01-30 09:25:30.581136, 1.74534606933593750000, nan
2023-01-30 09:25:30.581161, 1.91397857666015625000, nan
2023-01-30 09:25:30.681262, 2.15925598144531250000, nan
2023-01-30 09:25:30.681286, 2.29978179931640625000, nan
2023-01-30 09:25:30.782109, 2.46585845947265625000, nan
2023-01-30 09:25:30.782141, 2.58338928222656250000, nan
2023-01-30 09:25:30.881110, 2.72135925292968750000, nan
2023-01-30 09:25:30.881132, 2.71113586425781250000, nan
2023-01-30 09:25:30.981172, 2.57572174072265625000, nan
2023-01-30 09:25:30.981197, 2.41731262207031250000, nan
2023-01-30 09:25:31.081246, 2.19247436523437500000, nan
2023-01-30 09:25:31.081272, 2.10816192626953125000, nan
2023-01-30 09:25:31.181200, 2.04173278808593750000, nan
2023-01-30 09:25:31.181223, 2.03150939941406250000, nan
2023-01-30 09:25:31.282705, 2.02384185791015625000, nan
2023-01-30 09:25:31.282734, 1.99574279785156250000, nan
2023-01-30 09:25:31.381217, 1.92675781250000000000, 20.92050361633300781250
2023-01-30 09:25:31.381241, 1.89865112304687500000, nan
2023-01-30 09:25:31.482318, 1.83732604980468750000, nan
2023-01-30 09:25:31.482346, 1.73768615722656250000, nan
2023-01-30 09:25:31.582424, 1.52050781250000000000, nan
2023-01-30 09:25:31.582458, 1.33143615722656250000, nan
2023-01-30 09:25:31.682158, 1.08360290527343750000, nan
2023-01-30 09:25:31.682178, 0.99929046630859375000, nan
2023-01-30 09:25:31.782211, 0.91497802734375000000, nan
2023-01-30 09:25:31.782234, 0.83576965332031250000, nan
2023-01-30 09:25:31.882205, 0.71568298339843750000, nan
2023-01-30 09:25:31.882230, 0.64414215087890625000, nan
2023-01-30 09:25:31.982290, 0.49851226806640625000, nan
2023-01-30 09:25:31.982314, 0.40653228759765625000, nan
2023-01-30 09:25:32.084326, 0.28644561767578125000, nan
2023-01-30 09:25:32.084347, 0.15358734130859375000, nan
2023-01-30 09:25:32.182189, -0.06870269775390625000, nan
2023-01-30 09:25:32.182213, -0.20922851562500000000, nan
2023-01-30 09:25:32.283121, -0.36508178710937500000, nan
2023-01-30 09:25:32.283157, -0.39318847656250000000, nan
2023-01-30 09:25:32.382346, -0.38552093505859375000, nan
2023-01-30 09:25:32.382376, -0.37274169921875000000, nan
2023-01-30 09:25:32.483574, -0.35741424560546875000, nan
2023-01-30 09:25:32.483598, -0.36508178710937500000, nan
2023-01-30 09:25:32.582379, -0.40084838867187500000, nan
2023-01-30 09:25:32.582401, -0.41107177734375000000, nan
2023-01-30 09:25:32.682232, -0.41362762451171875000, nan
2023-01-30 09:25:32.682256, -0.43917846679687500000, nan
2023-01-30 09:25:32.782254, -0.52349090576171875000, nan
2023-01-30 09:25:32.782278, -0.61291503906250000000, nan
2023-01-30 09:25:32.882233, -0.69978332519531250000, nan
2023-01-30 09:25:32.882262, -0.66912841796875000000, nan
2023-01-30 09:25:32.982267, -0.58736419677734375000, nan
2023-01-30 09:25:32.982293, -0.51326751708984375000, nan
2023-01-30 09:25:33.082637, -0.36252593994140625000, nan
2023-01-30 09:25:33.082672, -0.28076171875000000000, nan
2023-01-30 09:25:33.182231, -0.17856597900390625000, nan
2023-01-30 09:25:33.182256, -0.09169769287109375000, nan
2023-01-30 09:25:33.282243, 0.12803649902343750000, nan
2023-01-30 09:25:33.282267, 0.27622222900390625000, nan
2023-01-30 09:25:33.382849, 0.39886474609375000000, nan
2023-01-30 09:25:33.382871, 0.43208312988281250000, nan
2023-01-30 09:25:33.482209, 0.50361633300781250000, nan
2023-01-30 09:25:33.482232, 0.61604309082031250000, nan
2023-01-30 09:25:33.582308, 0.84854125976562500000, nan
2023-01-30 09:25:33.582331, 1.00184631347656250000, nan
2023-01-30 09:25:33.683432, 1.19602203369140625000, nan
2023-01-30 09:25:33.683463, 1.31610870361328125000, nan
2023-01-30 09:25:33.783265, 1.44130706787109375000, nan
2023-01-30 09:25:33.783297, 1.52561950683593750000, nan
2023-01-30 09:25:33.883733, 1.68658447265625000000, nan
2023-01-30 09:25:33.883757, 1.76323699951171875000, nan
2023-01-30 09:25:33.983326, 1.81178283691406250000, nan
2023-01-30 09:25:33.983349, 1.78878784179687500000, nan
2023-01-30 09:25:34.083410, 1.72746276855468750000, nan
2023-01-30 09:25:34.083435, 1.69425201416015625000, nan
2023-01-30 09:25:34.183260, 1.60993194580078125000, nan
2023-01-30 09:25:34.183293, 1.54605865478515625000, nan
2023-01-30 09:25:34.283225, 1.46430206298828125000, nan
2023-01-30 09:25:34.283250, 1.40553283691406250000, nan
2023-01-30 09:25:34.383482, 1.25479125976562500000, nan
2023-01-30 09:25:34.383512, 1.14237213134765625000, nan
2023-01-30 09:25:34.483610, 1.02228546142578125000, nan
2023-01-30 09:25:34.483644, 0.92519378662109375000, nan
2023-01-30 09:25:34.584227, 0.73101806640625000000, nan
2023-01-30 09:25:34.584258, 0.57771301269531250000, nan
2023-01-30 09:25:34.685052, 0.37842559814453125000, nan
2023-01-30 09:25:34.685081, 0.31199645996093750000, nan
2023-01-30 09:25:34.783327, 0.25322723388671875000, nan
2023-01-30 09:25:34.783356, 0.21746063232421875000, nan
2023-01-30 09:25:34.884372, 0.11525726318359375000, nan
2023-01-30 09:25:34.884394, 0.03605651855468750000, nan
2023-01-30 09:25:34.983241, -0.08658599853515625000, nan
2023-01-30 09:25:34.983268, -0.18112182617187500000, nan
2023-01-30 09:25:35.083236, -0.27054595947265625000, nan
2023-01-30 09:25:35.083261, -0.31142425537109375000, nan
2023-01-30 09:25:35.183319, -0.39573669433593750000, nan
2023-01-30 09:25:35.183346, -0.47238922119140625000, nan
2023-01-30 09:25:35.283633, -0.60780334472656250000, nan
2023-01-30 09:25:35.283778, -0.60780334472656250000, nan
2023-01-30 09:25:35.383260, -0.40596008300781250000, nan
2023-01-30 09:25:35.383286, -0.22966766357421875000, nan
2023-01-30 09:25:35.482869, 0.00539398193359375000, nan
2023-01-30 09:25:35.482885, 0.17402648925781250000, nan
2023-01-30 09:25:35.582552, 0.42952728271484375000, nan
2023-01-30 09:25:35.582565, 0.58282470703125000000, nan
2023-01-30 09:25:35.683377, 0.86387634277343750000, nan
2023-01-30 09:25:35.683400, 1.06827545166015625000, nan
2023-01-30 09:25:35.783152, 1.30078125000000000000, nan
2023-01-30 09:25:35.783175, 1.40297698974609375000, nan
2023-01-30 09:25:35.883293, 1.46685791015625000000, nan
2023-01-30 09:25:35.883320, 1.49751281738281250000, nan
2023-01-30 09:25:35.985625, 1.64315032958984375000, nan
2023-01-30 09:25:35.985660, 1.78367614746093750000, nan
2023-01-30 09:25:36.083399, 2.02128601074218750000, nan
2023-01-30 09:25:36.083425, 2.17203521728515625000, nan
2023-01-30 09:25:36.184171, 2.33044433593750000000, nan
2023-01-30 09:25:36.184195, 2.36366271972656250000, nan
2023-01-30 09:25:36.284230, 2.34321594238281250000, nan
2023-01-30 09:25:36.284256, 2.31511688232421875000, nan
2023-01-30 09:25:36.385039, 2.20014190673828125000, nan
2023-01-30 09:25:36.385068, 2.09282684326171875000, nan
2023-01-30 09:25:36.485875, 1.85777282714843750000, nan
2023-01-30 09:25:36.485905, 1.69425201416015625000, nan
2023-01-30 09:25:36.584417, 1.57672119140625000000, nan
2023-01-30 09:25:36.584456, 1.54861450195312500000, nan
2023-01-30 09:25:36.685500, 1.52050781250000000000, nan
2023-01-30 09:25:36.685525, 1.49751281738281250000, nan
2023-01-30 09:25:36.786510, 1.43619537353515625000, nan
2023-01-30 09:25:36.786534, 1.37232208251953125000, nan
2023-01-30 09:25:36.884416, 1.25734710693359375000, nan
2023-01-30 09:25:36.884451, 1.19091796875000000000, nan
2023-01-30 09:25:36.984310, 1.04783630371093750000, nan
2023-01-30 09:25:36.984338, 0.93541717529296875000, nan
2023-01-30 09:25:37.084237, 0.67991638183593750000, nan
2023-01-30 09:25:37.084263, 0.48828887939453125000, nan
2023-01-30 09:25:37.184148, 0.36564636230468750000, nan
2023-01-30 09:25:37.184172, 0.32987976074218750000, nan
2023-01-30 09:25:37.287882, 0.27111816406250000000, nan
2023-01-30 09:25:37.287950, 0.21490478515625000000, nan
2023-01-30 09:25:37.384306, 0.09992980957031250000, nan
2023-01-30 09:25:37.384331, 0.02583312988281250000, nan
2023-01-30 09:25:37.484451, -0.07636260986328125000, nan
2023-01-30 09:25:37.484647, -0.11724853515625000000, nan
2023-01-30 09:25:37.584271, -0.17345428466796875000, nan
2023-01-30 09:25:37.584297, -0.23222351074218750000, nan
2023-01-30 09:25:37.684274, -0.36252593994140625000, nan
2023-01-30 09:25:37.684300, -0.47494506835937500000, nan
2023-01-30 09:25:37.784633, -0.53881835937500000000, nan
2023-01-30 09:25:37.784668, -0.49794006347656250000, nan
2023-01-30 09:25:37.884224, -0.42639923095703125000, nan
2023-01-30 09:25:37.884251, -0.38807678222656250000, nan
2023-01-30 09:25:37.984444, -0.33953094482421875000, nan
2023-01-30 09:25:37.984482, -0.33953094482421875000, nan
2023-01-30 09:25:38.084268, -0.36763763427734375000, nan
2023-01-30 09:25:38.084293, -0.36252593994140625000, nan
2023-01-30 09:25:38.184327, -0.33441925048828125000, nan
2023-01-30 09:25:38.184353, -0.34974670410156250000, nan
2023-01-30 09:25:38.286447, -0.39318847656250000000, nan
2023-01-30 09:25:38.286473, -0.42128753662109375000, nan
2023-01-30 09:25:38.385816, -0.38040924072265625000, nan
2023-01-30 09:25:38.385851, -0.24755096435546875000, nan
2023-01-30 09:25:38.485387, 0.05393981933593750000, nan
2023-01-30 09:25:38.485413, 0.26089477539062500000, nan
2023-01-30 09:25:38.586217, 0.52916717529296875000, nan
2023-01-30 09:25:38.586241, 0.72079467773437500000, nan
2023-01-30 09:25:38.685492, 0.99929046630859375000, nan
2023-01-30 09:25:38.685528, 1.18069458007812500000, nan
2023-01-30 09:25:38.785418, 1.44896697998046875000, nan
2023-01-30 09:25:38.785446, 1.58693695068359375000, nan
2023-01-30 09:25:38.887954, 1.75812530517578125000, nan
2023-01-30 09:25:38.888015, 1.82711029052734375000, nan
2023-01-30 09:25:38.985537, 1.91142272949218750000, nan
2023-01-30 09:25:38.985573, 2.01873779296875000000, nan
2023-01-30 09:25:39.085215, 2.21291351318359375000, nan
2023-01-30 09:25:39.085238, 2.33300018310546875000, nan
2023-01-30 09:25:39.185469, 2.45564270019531250000, nan
2023-01-30 09:25:39.185504, 2.46841430664062500000, nan
2023-01-30 09:25:39.285479, 2.38154602050781250000, nan
2023-01-30 09:25:39.285516, 2.30233764648437500000, nan
2023-01-30 09:25:39.385852, 2.14904022216796875000, nan
2023-01-30 09:25:39.385887, 2.01873779296875000000, nan
2023-01-30 09:25:39.485440, 1.78623199462890625000, nan
2023-01-30 09:25:39.485476, 1.62271118164062500000, nan
2023-01-30 09:25:39.585573, 1.48985290527343750000, nan
2023-01-30 09:25:39.585616, 1.46430206298828125000, nan
2023-01-30 09:25:39.685678, 1.44641113281250000000, nan
2023-01-30 09:25:39.685714, 1.43619537353515625000, nan
2023-01-30 09:25:39.785368, 1.39276123046875000000, nan
2023-01-30 09:25:39.785402, 1.35188293457031250000, nan
2023-01-30 09:25:39.886159, 1.28800201416015625000, nan
2023-01-30 09:25:39.886185, 1.24201202392578125000, nan
2023-01-30 09:25:39.985186, 1.09638214111328125000, nan
2023-01-30 09:25:39.985210, 0.94563293457031250000, nan
2023-01-30 09:25:40.085359, 0.66969299316406250000, nan
2023-01-30 09:25:40.085386, 0.53172302246093750000, nan
2023-01-30 09:25:40.185243, 0.44996643066406250000, nan
2023-01-30 09:25:40.185276, 0.41419219970703125000, nan
2023-01-30 09:25:40.285396, 0.36309814453125000000, nan
2023-01-30 09:25:40.285427, 0.33754730224609375000, nan
2023-01-30 09:25:40.388156, 0.28133392333984375000, nan
2023-01-30 09:25:40.388189, 0.20468139648437500000, nan
2023-01-30 09:25:40.486313, 0.05905151367187500000, nan
2023-01-30 09:25:40.486339, -0.03804016113281250000, nan
2023-01-30 09:25:40.588521, -0.17856597900390625000, nan
2023-01-30 09:25:40.588546, -0.30120849609375000000, nan
2023-01-30 09:25:40.687362, -0.45195007324218750000, nan
2023-01-30 09:25:40.687400, -0.47238922119140625000, nan
2023-01-30 09:25:40.786357, -0.45195007324218750000, nan
2023-01-30 09:25:40.786384, -0.43406677246093750000, nan
2023-01-30 09:25:40.886554, -0.40596008300781250000, nan
2023-01-30 09:25:40.886577, -0.39573669433593750000, nan
2023-01-30 09:25:40.989467, -0.40084838867187500000, nan
2023-01-30 09:25:40.989494, -0.40084838867187500000, nan
2023-01-30 09:25:41.086379, -0.38807678222656250000, nan
2023-01-30 09:25:41.086409, -0.35485839843750000000, nan
2023-01-30 09:25:41.186760, -0.29098510742187500000, nan
2023-01-30 09:25:41.186785, -0.26287841796875000000, nan
2023-01-30 09:25:41.286232, -0.13768768310546875000, nan
2023-01-30 09:25:41.286258, 0.02583312988281250000, nan
2023-01-30 09:25:41.386074, 0.32476806640625000000, 20.45454597473144531250
2023-01-30 09:25:41.386098, 0.51383972167968750000, nan
2023-01-30 09:25:41.487021, 0.78211212158203125000, nan
2023-01-30 09:25:41.487045, 0.97629547119140625000, nan
2023-01-30 09:25:41.586387, 1.26756286621093750000, nan
2023-01-30 09:25:41.586421, 1.46685791015625000000, nan
2023-01-30 09:25:41.686229, 1.72746276855468750000, nan
2023-01-30 09:25:41.686250, 1.87821197509765625000, nan
2023-01-30 09:25:41.786254, 2.06217193603515625000, nan
2023-01-30 09:25:41.786281, 2.17970275878906250000, nan
2023-01-30 09:25:41.886314, 2.42498016357421875000, nan
2023-01-30 09:25:41.886341, 2.62171173095703125000, nan
2023-01-30 09:25:41.993737, 2.98452758789062500000, nan
2023-01-30 09:25:41.993754, 3.24768829345703125000, nan
2023-01-30 09:25:42.085657, 3.58750152587890625000, nan
2023-01-30 09:25:42.085670, 3.77401733398437500000, nan
2023-01-30 09:25:42.185845, 4.00396728515625000000, nan
2023-01-30 09:25:42.185859, 4.08828735351562500000, nan
2023-01-30 09:25:42.288887, 4.07550811767578125000, nan
2023-01-30 09:25:42.288907, 3.97586822509765625000, nan
2023-01-30 09:25:42.388322, 3.74080657958984375000, nan
2023-01-30 09:25:42.388342, 3.62071990966796875000, nan
2023-01-30 09:25:42.490409, 3.55684661865234375000, nan
2023-01-30 09:25:42.490429, 3.55429077148437500000, nan
2023-01-30 09:25:42.587333, 3.54662322998046875000, nan
2023-01-30 09:25:42.587360, 3.50318908691406250000, nan
2023-01-30 09:25:42.687554, 3.40609741210937500000, nan
2023-01-30 09:25:42.687581, 3.32434082031250000000, nan
2023-01-30 09:25:42.787595, 3.18125915527343750000, nan
2023-01-30 09:25:42.787622, 3.04584503173828125000, nan
2023-01-30 09:25:42.887710, 2.76223754882812500000, nan
2023-01-30 09:25:42.887747, 2.50929260253906250000, nan
2023-01-30 09:25:42.987155, 2.13371276855468750000, nan
2023-01-30 09:25:42.987180, 1.96763610839843750000, nan
2023-01-30 09:25:43.087115, 1.77856445312500000000, nan
2023-01-30 09:25:43.087136, 1.65847778320312500000, nan
2023-01-30 09:25:43.187734, 1.49495697021484375000, nan
2023-01-30 09:25:43.187759, 1.39787292480468750000, nan
2023-01-30 09:25:43.288196, 1.26245117187500000000, nan
2023-01-30 09:25:43.288224, 1.20368957519531250000, nan
2023-01-30 09:25:43.388214, 1.12448120117187500000, nan
2023-01-30 09:25:43.388237, 1.04016876220703125000, nan
2023-01-30 09:25:43.487375, 0.77955627441406250000, nan
2023-01-30 09:25:43.487410, 0.56494140625000000000, nan
2023-01-30 09:25:43.589291, 0.38609313964843750000, nan
2023-01-30 09:25:43.589316, 0.30688476562500000000, nan
2023-01-30 09:25:43.687097, 0.17402648925781250000, nan
2023-01-30 09:25:43.687130, 0.08204650878906250000, nan
2023-01-30 09:25:43.793594, -0.02526855468750000000, nan
2023-01-30 09:25:43.793616, -0.08403015136718750000, nan
2023-01-30 09:25:43.887476, -0.15045928955078125000, nan
2023-01-30 09:25:43.887514, -0.17089843750000000000, nan
2023-01-30 09:25:43.987262, -0.20411682128906250000, nan
2023-01-30 09:25:43.987289, -0.23732757568359375000, nan
2023-01-30 09:25:44.093729, -0.33186340332031250000, nan
2023-01-30 09:25:44.093754, -0.41618347167968750000, nan
2023-01-30 09:25:44.187367, -0.46217346191406250000, nan
2023-01-30 09:25:44.187390, -0.43151092529296875000, nan
2023-01-30 09:25:44.288322, -0.36763763427734375000, nan
2023-01-30 09:25:44.288351, -0.32164764404296875000, nan
2023-01-30 09:25:44.387317, -0.29098510742187500000, nan
2023-01-30 09:25:44.387349, -0.28842926025390625000, nan
2023-01-30 09:25:44.487375, -0.29865264892578125000, nan
2023-01-30 09:25:44.487425, -0.30631256103515625000, nan
2023-01-30 09:25:44.587553, -0.30120849609375000000, nan
2023-01-30 09:25:44.587587, -0.29609680175781250000, nan
2023-01-30 09:25:44.688398, -0.31909179687500000000, nan
2023-01-30 09:25:44.688434, -0.30631256103515625000, nan
2023-01-30 09:25:44.788301, -0.26032257080078125000, nan
2023-01-30 09:25:44.788323, -0.20922851562500000000, nan
2023-01-30 09:25:44.888973, 0.04116821289062500000, nan
2023-01-30 09:25:44.889002, 0.26089477539062500000, nan
2023-01-30 09:25:44.988833, 0.53939056396484375000, nan
2023-01-30 09:25:44.988859, 0.72846221923828125000, nan
2023-01-30 09:25:45.088337, 1.02484130859375000000, nan
2023-01-30 09:25:45.088368, 1.18580627441406250000, nan
2023-01-30 09:25:45.188472, 1.38509368896484375000, nan
2023-01-30 09:25:45.188506, 1.54350280761718750000, nan
2023-01-30 09:25:45.288159, 1.79389190673828125000, nan
2023-01-30 09:25:45.288190, 1.95485687255859375000, nan
2023-01-30 09:25:45.389013, 2.20269775390625000000, nan
2023-01-30 09:25:45.389036, 2.34066772460937500000, nan
2023-01-30 09:25:45.488295, 2.49140930175781250000, nan
2023-01-30 09:25:45.488326, 2.52717590332031250000, nan
2023-01-30 09:25:45.588708, 2.51440429687500000000, nan
2023-01-30 09:25:45.588737, 2.50673675537109375000, nan
2023-01-30 09:25:45.688254, 2.44030761718750000000, nan
2023-01-30 09:25:45.688283, 2.39176177978515625000, nan
2023-01-30 09:25:45.789688, 2.35855102539062500000, nan
2023-01-30 09:25:45.789798, 2.33555603027343750000, nan
2023-01-30 09:25:45.888680, 2.25634765625000000000, nan
2023-01-30 09:25:45.888715, 2.17203521728515625000, nan
2023-01-30 09:25:45.988137, 2.05961608886718750000, nan
2023-01-30 09:25:45.988159, 2.03406524658203125000, nan
2023-01-30 09:25:46.088328, 1.99574279785156250000, nan
2023-01-30 09:25:46.088358, 1.91653442382812500000, nan
2023-01-30 09:25:46.190978, 1.75045776367187500000, nan
2023-01-30 09:25:46.191000, 1.58949279785156250000, nan
2023-01-30 09:25:46.288122, 1.39276123046875000000, nan
2023-01-30 09:25:46.288149, 1.35698699951171875000, nan
2023-01-30 09:25:46.393413, 1.30333709716796875000, nan
2023-01-30 09:25:46.393437, 1.24712371826171875000, nan
2023-01-30 09:25:46.488404, 1.18836212158203125000, nan
2023-01-30 09:25:46.488425, 1.15258789062500000000, nan
2023-01-30 09:25:46.588245, 1.05805206298828125000, nan
2023-01-30 09:25:46.588266, 0.97885131835937500000, nan
2023-01-30 09:25:46.689789, 0.90986633300781250000, nan
2023-01-30 09:25:46.689821, 0.86132049560546875000, nan
2023-01-30 09:25:46.789737, 0.70035552978515625000, nan
2023-01-30 09:25:46.789808, 0.56238555908203125000, nan
2023-01-30 09:25:46.889330, 0.41163635253906250000, nan
2023-01-30 09:25:46.889357, 0.26089477539062500000, nan
2023-01-30 09:25:46.991263, 0.26345062255859375000, nan
2023-01-30 09:25:46.991285, 0.26089477539062500000, nan
2023-01-30 09:25:47.089598, 0.20213317871093750000, nan
2023-01-30 09:25:47.089622, 0.06160736083984375000, nan
2023-01-30 09:25:47.189457, -0.01248931884765625000, nan
2023-01-30 09:25:47.189480, -0.09935760498046875000, nan
2023-01-30 09:25:47.289438, -0.14024353027343750000, nan
2023-01-30 09:25:47.289457, -0.15812683105468750000, nan
2023-01-30 09:25:47.390694, -0.18367767333984375000, nan
2023-01-30 09:25:47.390722, -0.25010681152343750000, nan
2023-01-30 09:25:47.489391, -0.30375671386718750000, nan
2023-01-30 09:25:47.489416, -0.32930755615234375000, nan
2023-01-30 09:25:47.589643, -0.22966766357421875000, nan
2023-01-30 09:25:47.589670, 0.02072143554687500000, nan
2023-01-30 09:25:47.689112, 0.21234893798828125000, nan
2023-01-30 09:25:47.689133, 0.50361633300781250000, nan
2023-01-30 09:25:47.789442, 0.70035552978515625000, nan
2023-01-30 09:25:47.789462, 0.99929046630859375000, nan
2023-01-30 09:25:47.889446, 1.17813873291015625000, nan
2023-01-30 09:25:47.889482, 1.46174621582031250000, nan
2023-01-30 09:25:47.992679, 1.66103363037109375000, nan
2023-01-30 09:25:47.992699, 1.90631103515625000000, nan
2023-01-30 09:25:48.089211, 2.04683685302734375000, nan
2023-01-30 09:25:48.089231, 2.18225097656250000000, nan
2023-01-30 09:25:48.189575, 2.26145935058593750000, nan
2023-01-30 09:25:48.189600, 2.50673675537109375000, nan
2023-01-30 09:25:48.289925, 2.71369171142578125000, nan
2023-01-30 09:25:48.289952, 3.02796173095703125000, nan
2023-01-30 09:25:48.389256, 3.22980499267578125000, nan
2023-01-30 09:25:48.389279, 3.45719909667968750000, nan
2023-01-30 09:25:48.492191, 3.54917907714843750000, nan
2023-01-30 09:25:48.492217, 3.65904235839843750000, nan
2023-01-30 09:25:48.590601, 3.66926574707031250000, nan
2023-01-30 09:25:48.590623, 3.54406738281250000000, nan
2023-01-30 09:25:48.691420, 3.33966827392578125000, nan
2023-01-30 09:25:48.691446, 2.98197174072265625000, nan
2023-01-30 09:25:48.790374, 2.82866668701171875000, nan
2023-01-30 09:25:48.790396, 2.67281341552734375000, nan
2023-01-30 09:25:48.889277, 2.57061767578125000000, nan
2023-01-30 09:25:48.889304, 2.39176177978515625000, nan
2023-01-30 09:25:48.990437, 2.24102020263671875000, nan
2023-01-30 09:25:48.990462, 2.00595855712890625000, nan
2023-01-30 09:25:49.090334, 1.87054443359375000000, nan
2023-01-30 09:25:49.090366, 1.69169616699218750000, nan
2023-01-30 09:25:49.189907, 1.54350280761718750000, nan
2023-01-30 09:25:49.189932, 1.25734710693359375000, nan
2023-01-30 09:25:49.290286, 1.05039215087890625000, nan
2023-01-30 09:25:49.290309, 0.84088134765625000000, nan
2023-01-30 09:25:49.391004, 0.78466796875000000000, nan
2023-01-30 09:25:49.391029, 0.74378967285156250000, nan
2023-01-30 09:25:49.490476, 0.72590637207031250000, nan
2023-01-30 09:25:49.490514, 0.67480468750000000000, nan
2023-01-30 09:25:49.592303, 0.61348724365234375000, nan
2023-01-30 09:25:49.592324, 0.52406311035156250000, nan
2023-01-30 09:25:49.690210, 0.48317718505859375000, nan
2023-01-30 09:25:49.690233, 0.39375305175781250000, nan
2023-01-30 09:25:49.790827, 0.28644561767578125000, nan
2023-01-30 09:25:49.790847, 0.00794982910156250000, nan
2023-01-30 09:25:49.890479, -0.15812683105468750000, nan
2023-01-30 09:25:49.890515, -0.22711181640625000000, nan
2023-01-30 09:25:49.990348, -0.22711181640625000000, nan
2023-01-30 09:25:49.990373, -0.22966766357421875000, nan
