2023-01-28 14:10:30.021364, 2.51951599121093750000, nan
2023-01-28 14:10:30.021374, 2.09793853759765625000, nan
2023-01-28 14:10:30.121815, 1.83732604980468750000, nan
2023-01-28 14:10:30.121833, 1.48474121093750000000, nan
2023-01-28 14:10:30.221416, 1.27523040771484375000, nan
2023-01-28 14:10:30.221429, 0.99162292480468750000, nan
2023-01-28 14:10:30.322065, 0.81533050537109375000, nan
2023-01-28 14:10:30.322087, 0.62625885009765625000, nan
2023-01-28 14:10:30.422276, 0.52916717529296875000, nan
2023-01-28 14:10:30.422308, 0.35543060302734375000, nan
2023-01-28 14:10:30.522219, 0.23789978027343750000, nan
2023-01-28 14:10:30.522241, 0.02838897705078125000, nan
2023-01-28 14:10:30.622475, -0.10191345214843750000, nan
2023-01-28 14:10:30.622504, -0.28587341308593750000, nan
2023-01-28 14:10:30.722185, -0.40851593017578125000, nan
2023-01-28 14:10:30.722211, -0.51837921142578125000, nan
2023-01-28 14:10:30.821398, -0.56692504882812500000, nan
2023-01-28 14:10:30.821412, -0.62568664550781250000, nan
2023-01-28 14:10:30.921883, -0.66146087646484375000, nan
2023-01-28 14:10:30.921902, -0.72277832031250000000, nan
2023-01-28 14:10:31.021878, -0.75088500976562500000, nan
2023-01-28 14:10:31.021897, -0.76876831054687500000, nan
2023-01-28 14:10:31.122777, -0.77643585205078125000, nan
2023-01-28 14:10:31.122803, -0.78154754638671875000, nan
2023-01-28 14:10:31.222042, -0.77643585205078125000, nan
2023-01-28 14:10:31.222067, -0.77899169921875000000, nan
2023-01-28 14:10:31.322189, -0.79687500000000000000, nan
2023-01-28 14:10:31.322214, -0.83519744873046875000, nan
2023-01-28 14:10:31.422166, -0.86585998535156250000, nan
2023-01-28 14:10:31.422198, -0.91440582275390625000, nan
2023-01-28 14:10:31.522080, -0.91184997558593750000, nan
2023-01-28 14:10:31.522104, -0.86074829101562500000, nan
2023-01-28 14:10:31.622466, -0.82753753662109375000, nan
2023-01-28 14:10:31.622492, -0.75344085693359375000, nan
2023-01-28 14:10:31.722196, -0.69978332519531250000, nan
2023-01-28 14:10:31.722230, -0.65890502929687500000, nan
2023-01-28 14:10:31.822086, -0.62568664550781250000, nan
2023-01-28 14:10:31.822107, -0.52604675292968750000, nan
2023-01-28 14:10:31.921605, -0.42128753662109375000, nan
2023-01-28 14:10:31.921617, -0.23477172851562500000, nan
2023-01-28 14:10:32.021550, -0.14534759521484375000, nan
2023-01-28 14:10:32.021644, 0.00794982910156250000, nan
2023-01-28 14:10:32.122086, 0.17658233642578125000, nan
2023-01-28 14:10:32.122106, 0.40908813476562500000, nan
2023-01-28 14:10:32.221606, 0.54450225830078125000, nan
2023-01-28 14:10:32.221619, 0.73612213134765625000, nan
2023-01-28 14:10:32.322607, 0.85109710693359375000, nan
2023-01-28 14:10:32.322622, 1.05039215087890625000, nan
2023-01-28 14:10:32.422741, 1.18325042724609375000, nan
2023-01-28 14:10:32.422756, 1.35188293457031250000, nan
2023-01-28 14:10:32.522657, 1.46174621582031250000, nan
2023-01-28 14:10:32.522671, 1.65336608886718750000, nan
2023-01-28 14:10:32.623022, 1.77856445312500000000, nan
2023-01-28 14:10:32.623043, 1.89098358154296875000, nan
2023-01-28 14:10:32.722028, 1.92164611816406250000, nan
2023-01-28 14:10:32.722050, 1.98040771484375000000, nan
2023-01-28 14:10:32.822160, 2.03917694091796875000, nan
2023-01-28 14:10:32.822184, 2.12093353271484375000, nan
2023-01-28 14:10:32.922113, 2.15159606933593750000, nan
2023-01-28 14:10:32.922135, 2.15670776367187500000, nan
2023-01-28 14:10:33.022512, 2.18225097656250000000, nan
2023-01-28 14:10:33.022535, 2.20014190673828125000, nan
2023-01-28 14:10:33.122802, 2.15670776367187500000, nan
2023-01-28 14:10:33.122821, 2.10816192626953125000, nan
2023-01-28 14:10:33.223324, 2.10305023193359375000, nan
2023-01-28 14:10:33.223352, 2.06983184814453125000, nan
2023-01-28 14:10:33.322998, 1.96252441406250000000, nan
2023-01-28 14:10:33.323024, 1.75556945800781250000, nan
2023-01-28 14:10:33.423129, 1.65592193603515625000, nan
2023-01-28 14:10:33.423151, 1.51795196533203125000, nan
2023-01-28 14:10:33.522408, 1.41575622558593750000, nan
2023-01-28 14:10:33.522426, 1.23435211181640625000, nan
2023-01-28 14:10:33.622576, 1.06571960449218750000, nan
2023-01-28 14:10:33.622594, 0.81021881103515625000, nan
2023-01-28 14:10:33.722673, 0.65180969238281250000, nan
2023-01-28 14:10:33.722688, 0.42441558837890625000, nan
2023-01-28 14:10:33.823124, 0.32476806640625000000, nan
2023-01-28 14:10:33.823152, 0.23278808593750000000, nan
2023-01-28 14:10:33.922975, 0.15358734130859375000, nan
2023-01-28 14:10:33.922996, -0.01504516601562500000, nan
2023-01-28 14:10:34.022687, -0.16578674316406250000, nan
2023-01-28 14:10:34.022707, -0.37785339355468750000, nan
2023-01-28 14:10:34.123079, -0.47238922119140625000, nan
2023-01-28 14:10:34.123106, -0.59247589111328125000, nan
2023-01-28 14:10:34.223410, -0.65123748779296875000, nan
2023-01-28 14:10:34.223456, -0.73044586181640625000, nan
2023-01-28 14:10:34.323010, -0.77132415771484375000, nan
2023-01-28 14:10:34.323034, -0.79176330566406250000, nan
2023-01-28 14:10:34.424359, -0.80198669433593750000, nan
2023-01-28 14:10:34.424391, -0.80964660644531250000, nan
2023-01-28 14:10:34.523380, -0.80454254150390625000, nan
2023-01-28 14:10:34.523407, -0.76110839843750000000, nan
2023-01-28 14:10:34.623381, -0.74832916259765625000, nan
2023-01-28 14:10:34.623407, -0.77899169921875000000, nan
2023-01-28 14:10:34.723047, -0.82242584228515625000, nan
2023-01-28 14:10:34.723071, -0.90418243408203125000, nan
2023-01-28 14:10:34.823299, -0.91184997558593750000, nan
2023-01-28 14:10:34.823329, -0.88629913330078125000, nan
2023-01-28 14:10:34.922972, -0.86585998535156250000, nan
2023-01-28 14:10:34.922992, -0.81986999511718750000, nan
2023-01-28 14:10:35.023785, -0.79431915283203125000, nan
2023-01-28 14:10:35.023804, -0.75599670410156250000, nan
2023-01-28 14:10:35.122396, -0.72789001464843750000, nan
2023-01-28 14:10:35.122411, -0.69978332519531250000, nan
2023-01-28 14:10:35.217505, -0.68956756591796875000, nan
2023-01-28 14:10:35.217519, -0.66912841796875000000, nan
2023-01-28 14:10:35.320514, -0.66146087646484375000, nan
2023-01-28 14:10:35.320544, -0.66657257080078125000, nan
2023-01-28 14:10:35.417734, -0.67934417724609375000, nan
2023-01-28 14:10:35.417754, -0.65379333496093750000, nan
2023-01-28 14:10:35.518327, -0.56436920166015625000, nan
2023-01-28 14:10:35.518347, -0.46217346191406250000, nan
2023-01-28 14:10:35.618225, -0.26799011230468750000, nan
2023-01-28 14:10:35.618251, -0.13768768310546875000, nan
2023-01-28 14:10:35.719428, 0.13059234619140625000, nan
2023-01-28 14:10:35.719461, 0.30432891845703125000, nan
2023-01-28 14:10:35.818037, 0.51128387451171875000, nan
2023-01-28 14:10:35.818064, 0.63648223876953125000, nan
2023-01-28 14:10:35.918764, 0.77955627441406250000, nan
2023-01-28 14:10:35.918787, 0.81788635253906250000, nan
2023-01-28 14:10:36.019006, 0.81277465820312500000, nan
2023-01-28 14:10:36.019024, 0.80510711669921875000, nan
2023-01-28 14:10:36.118792, 0.77700805664062500000, nan
2023-01-28 14:10:36.118814, 0.74890136718750000000, nan
2023-01-28 14:10:36.218782, 0.70291137695312500000, nan
2023-01-28 14:10:36.218798, 0.66458129882812500000, nan
2023-01-28 14:10:36.318649, 0.61348724365234375000, nan
2023-01-28 14:10:36.318720, 0.57771301269531250000, nan
2023-01-28 14:10:36.419049, 0.51895141601562500000, nan
2023-01-28 14:10:36.419075, 0.49340057373046875000, nan
2023-01-28 14:10:36.521609, 0.42185974121093750000, nan
2023-01-28 14:10:36.521647, 0.36054229736328125000, nan
2023-01-28 14:10:36.619009, 0.23534393310546875000, nan
2023-01-28 14:10:36.619033, 0.11781311035156250000, nan
2023-01-28 14:10:36.720310, 0.01050567626953125000, nan
2023-01-28 14:10:36.720330, -0.02271270751953125000, nan
2023-01-28 14:10:36.819230, -0.07891845703125000000, nan
2023-01-28 14:10:36.819264, -0.12490844726562500000, nan
2023-01-28 14:10:36.919147, -0.19133758544921875000, nan
2023-01-28 14:10:36.919176, -0.23988342285156250000, nan
2023-01-28 14:10:37.020149, -0.31398010253906250000, nan
2023-01-28 14:10:37.020173, -0.34208679199218750000, nan
2023-01-28 14:10:37.118884, -0.35997009277343750000, nan
2023-01-28 14:10:37.118904, -0.38040924072265625000, nan
2023-01-28 14:10:37.219013, -0.43917846679687500000, nan
2023-01-28 14:10:37.219037, -0.49538421630859375000, nan
2023-01-28 14:10:37.318290, -0.58480834960937500000, nan
2023-01-28 14:10:37.318302, -0.62568664550781250000, nan
2023-01-28 14:10:37.418656, -0.65890502929687500000, nan
2023-01-28 14:10:37.418677, -0.66146087646484375000, nan
2023-01-28 14:10:37.520470, -0.64868164062500000000, nan
2023-01-28 14:10:37.520496, -0.63335418701171875000, nan
2023-01-28 14:10:37.618777, -0.60269165039062500000, nan
2023-01-28 14:10:37.618801, -0.58480834960937500000, nan
2023-01-28 14:10:37.719169, -0.55670166015625000000, nan
2023-01-28 14:10:37.719192, -0.53626251220703125000, nan
2023-01-28 14:10:37.819071, -0.49794006347656250000, nan
2023-01-28 14:10:37.819093, -0.48005676269531250000, nan
2023-01-28 14:10:37.919051, -0.47750091552734375000, nan
2023-01-28 14:10:37.919073, -0.49538421630859375000, nan
2023-01-28 14:10:38.019658, -0.48771667480468750000, nan
2023-01-28 14:10:38.019836, -0.42128753662109375000, nan
2023-01-28 14:10:38.119108, -0.27565765380859375000, nan
2023-01-28 14:10:38.119140, -0.16834259033203125000, nan
2023-01-28 14:10:38.218856, 0.03605651855468750000, nan
2023-01-28 14:10:38.218881, 0.19957733154296875000, nan
2023-01-28 14:10:38.321134, 0.45252227783203125000, nan
2023-01-28 14:10:38.321166, 0.59304809570312500000, nan
2023-01-28 14:10:38.418912, 0.75911712646484375000, nan
2023-01-28 14:10:38.418933, 0.87920379638671875000, nan
2023-01-28 14:10:38.519755, 1.09638214111328125000, nan
2023-01-28 14:10:38.519780, 1.23179626464843750000, nan
2023-01-28 14:10:38.619051, 1.36465454101562500000, 14.19558334350585937500
2023-01-28 14:10:38.619082, 1.40042114257812500000, nan
2023-01-28 14:10:38.719074, 1.43619537353515625000, nan
2023-01-28 14:10:38.719103, 1.47451782226562500000, nan
2023-01-28 14:10:38.820350, 1.56138610839843750000, nan
2023-01-28 14:10:38.820373, 1.62271118164062500000, nan
2023-01-28 14:10:38.918297, 1.70446777343750000000, nan
2023-01-28 14:10:38.918310, 1.76579284667968750000, nan
2023-01-28 14:10:39.018478, 1.82966613769531250000, nan
2023-01-28 14:10:39.018492, 1.82455444335937500000, nan
2023-01-28 14:10:39.119572, 1.77600860595703125000, nan
2023-01-28 14:10:39.119593, 1.75812530517578125000, nan
2023-01-28 14:10:39.220150, 1.75301361083984375000, nan
2023-01-28 14:10:39.220176, 1.71469116210937500000, nan
2023-01-28 14:10:39.320135, 1.52817535400390625000, nan
2023-01-28 14:10:39.320156, 1.37998199462890625000, nan
2023-01-28 14:10:39.420084, 1.20113372802734375000, nan
2023-01-28 14:10:39.420112, 1.10915374755859375000, nan
2023-01-28 14:10:39.519731, 1.00440216064453125000, nan
2023-01-28 14:10:39.519751, 0.93541717529296875000, nan
2023-01-28 14:10:39.620418, 0.83065795898437500000, nan
2023-01-28 14:10:39.620432, 0.76934051513671875000, nan
2023-01-28 14:10:39.721115, 0.69779968261718750000, nan
2023-01-28 14:10:39.721138, 0.65180969238281250000, nan
2023-01-28 14:10:39.820350, 0.54194641113281250000, nan
2023-01-28 14:10:39.820376, 0.44741058349609375000, nan
2023-01-28 14:10:39.919640, 0.30177307128906250000, nan
2023-01-28 14:10:39.919656, 0.18168640136718750000, nan
2023-01-28 14:10:40.020339, 0.00794982910156250000, nan
2023-01-28 14:10:40.020357, -0.25521850585937500000, nan
2023-01-28 14:10:40.120157, -0.38807678222656250000, nan
2023-01-28 14:10:40.120182, -0.53115844726562500000, nan
2023-01-28 14:10:40.219683, -0.59503173828125000000, nan
2023-01-28 14:10:40.219700, -0.66657257080078125000, nan
2023-01-28 14:10:40.320349, -0.69467163085937500000, nan
2023-01-28 14:10:40.320370, -0.71000671386718750000, nan
2023-01-28 14:10:40.420008, -0.72789001464843750000, nan
2023-01-28 14:10:40.420033, -0.77132415771484375000, nan
2023-01-28 14:10:40.519606, -0.78665161132812500000, nan
2023-01-28 14:10:40.519621, -0.78920745849609375000, nan
2023-01-28 14:10:40.619841, -0.79687500000000000000, nan
2023-01-28 14:10:40.619866, -0.81475830078125000000, nan
2023-01-28 14:10:40.719596, -0.83264160156250000000, nan
2023-01-28 14:10:40.719611, -0.88374328613281250000, nan
2023-01-28 14:10:40.819610, -0.91696166992187500000, nan
2023-01-28 14:10:40.819623, -0.93484497070312500000, nan
2023-01-28 14:10:40.920626, -0.90929412841796875000, nan
2023-01-28 14:10:40.920646, -0.86585998535156250000, nan
2023-01-28 14:10:41.020037, -0.84542083740234375000, nan
2023-01-28 14:10:41.020057, -0.81220245361328125000, nan
2023-01-28 14:10:41.120376, -0.79687500000000000000, nan
2023-01-28 14:10:41.120404, -0.78154754638671875000, nan
2023-01-28 14:10:41.219954, -0.75855255126953125000, nan
2023-01-28 14:10:41.219989, -0.69212341308593750000, nan
2023-01-28 14:10:41.321309, -0.64868164062500000000, nan
2023-01-28 14:10:41.321331, -0.56436920166015625000, nan
2023-01-28 14:10:41.420731, -0.51071166992187500000, nan
2023-01-28 14:10:41.420757, -0.43917846679687500000, nan
2023-01-28 14:10:41.520022, -0.37019348144531250000, nan
2023-01-28 14:10:41.520047, -0.25010681152343750000, nan
2023-01-28 14:10:41.620236, -0.17601013183593750000, nan
2023-01-28 14:10:41.620267, -0.06870269775390625000, nan
2023-01-28 14:10:41.719546, -0.02781677246093750000, nan
2023-01-28 14:10:41.719560, -0.01248931884765625000, nan
2023-01-28 14:10:41.820069, 0.00283813476562500000, nan
2023-01-28 14:10:41.820089, 0.12803649902343750000, nan
2023-01-28 14:10:41.920555, 0.24556732177734375000, nan
2023-01-28 14:10:41.920576, 0.40397644042968750000, nan
2023-01-28 14:10:42.020412, 0.53683471679687500000, nan
2023-01-28 14:10:42.020432, 0.74890136718750000000, nan
2023-01-28 14:10:42.119629, 0.86643218994140625000, nan
2023-01-28 14:10:42.119644, 1.00184631347656250000, nan
2023-01-28 14:10:42.222304, 1.09638214111328125000, nan
2023-01-28 14:10:42.222323, 1.26756286621093750000, nan
2023-01-28 14:10:42.319924, 1.37998199462890625000, nan
2023-01-28 14:10:42.319945, 1.56649780273437500000, nan
2023-01-28 14:10:42.420172, 1.71213531494140625000, nan
2023-01-28 14:10:42.420200, 1.95996856689453125000, nan
2023-01-28 14:10:42.524196, 2.11837768554687500000, nan
2023-01-28 14:10:42.524218, 2.34321594238281250000, nan
2023-01-28 14:10:42.622085, 2.51184844970703125000, nan
2023-01-28 14:10:42.622113, 2.75712585449218750000, nan
2023-01-28 14:10:42.723435, 2.89254760742187500000, nan
2023-01-28 14:10:42.723459, 3.03051757812500000000, nan
2023-01-28 14:10:42.822170, 3.09439086914062500000, nan
2023-01-28 14:10:42.822194, 3.21702575683593750000, nan
2023-01-28 14:10:42.922115, 3.32178497314453125000, nan
2023-01-28 14:10:42.922144, 3.49297332763671875000, nan
2023-01-28 14:10:43.021892, 3.58495330810546875000, nan
2023-01-28 14:10:43.021946, 3.66159820556640625000, nan
2023-01-28 14:10:43.121980, 3.70247650146484375000, nan
2023-01-28 14:10:43.122004, 3.76891326904296875000, nan
2023-01-28 14:10:43.221634, 3.77912902832031250000, nan
2023-01-28 14:10:43.221653, 3.75613403320312500000, nan
2023-01-28 14:10:43.321561, 3.72802734375000000000, nan
2023-01-28 14:10:43.321576, 3.63604736328125000000, nan
2023-01-28 14:10:43.423739, 3.49807739257812500000, nan
2023-01-28 14:10:43.423764, 3.22469329833984375000, nan
2023-01-28 14:10:43.522120, 3.06628417968750000000, nan
2023-01-28 14:10:43.522141, 2.85421752929687500000, nan
2023-01-28 14:10:43.622057, 2.72902679443359375000, nan
2023-01-28 14:10:43.622083, 2.58338928222656250000, nan
2023-01-28 14:10:43.721926, 2.48118591308593750000, nan
2023-01-28 14:10:43.721950, 2.34066772460937500000, nan
2023-01-28 14:10:43.823699, 2.26657104492187500000, nan
2023-01-28 14:10:43.823725, 2.15159606933593750000, nan
2023-01-28 14:10:43.921531, 2.08261108398437500000, nan
2023-01-28 14:10:43.921547, 1.99829101562500000000, nan
2023-01-28 14:10:44.021938, 1.91142272949218750000, nan
2023-01-28 14:10:44.021965, 1.67381286621093750000, nan
2023-01-28 14:10:44.121543, 1.47707366943359375000, nan
2023-01-28 14:10:44.121558, 1.22412872314453125000, nan
2023-01-28 14:10:44.221881, 1.08871459960937500000, nan
2023-01-28 14:10:44.221913, 0.91242218017578125000, nan
2023-01-28 14:10:44.322336, 0.81021881103515625000, nan
2023-01-28 14:10:44.322364, 0.67480468750000000000, nan
2023-01-28 14:10:44.421992, 0.59815216064453125000, nan
2023-01-28 14:10:44.422016, 0.49851226806640625000, nan
2023-01-28 14:10:44.521557, 0.42441558837890625000, nan
2023-01-28 14:10:44.521569, 0.31965637207031250000, nan
2023-01-28 14:10:44.621985, 0.27111816406250000000, nan
2023-01-28 14:10:44.622015, 0.22767639160156250000, nan
2023-01-28 14:10:44.721892, 0.20979309082031250000, nan
2023-01-28 14:10:44.721917, 0.13059234619140625000, nan
2023-01-28 14:10:44.821363, 0.00028228759765625000, nan
2023-01-28 14:10:44.821376, -0.16834259033203125000, nan
2023-01-28 14:10:44.921791, -0.20411682128906250000, nan
2023-01-28 14:10:44.921811, -0.25266265869140625000, nan
2023-01-28 14:10:45.021829, -0.28331756591796875000, nan
2023-01-28 14:10:45.021852, -0.32675170898437500000, nan
2023-01-28 14:10:45.121894, -0.35741424560546875000, nan
2023-01-28 14:10:45.121918, -0.40340423583984375000, nan
2023-01-28 14:10:45.221974, -0.43662261962890625000, nan
2023-01-28 14:10:45.221997, -0.47750091552734375000, nan
2023-01-28 14:10:45.322132, -0.50049591064453125000, nan
2023-01-28 14:10:45.322154, -0.52349090576171875000, nan
2023-01-28 14:10:45.422063, -0.53115844726562500000, nan
2023-01-28 14:10:45.422094, -0.51837921142578125000, nan
2023-01-28 14:10:45.523982, -0.50049591064453125000, nan
2023-01-28 14:10:45.524007, -0.49027252197265625000, nan
2023-01-28 14:10:45.623174, -0.52349090576171875000, nan
2023-01-28 14:10:45.623200, -0.62058258056640625000, nan
2023-01-28 14:10:45.723111, -0.65890502929687500000, nan
2023-01-28 14:10:45.723133, -0.64102172851562500000, nan
2023-01-28 14:10:45.822321, -0.59247589111328125000, nan
2023-01-28 14:10:45.822338, -0.44939422607421875000, nan
2023-01-28 14:10:45.922893, -0.33441925048828125000, nan
2023-01-28 14:10:45.922915, -0.12746429443359375000, nan
2023-01-28 14:10:46.022837, 0.05905151367187500000, nan
2023-01-28 14:10:46.022857, 0.32732391357421875000, nan
2023-01-28 14:10:46.122950, 0.46529388427734375000, nan
2023-01-28 14:10:46.122974, 0.65692138671875000000, nan
2023-01-28 14:10:46.223084, 0.75656127929687500000, nan
2023-01-28 14:10:46.223109, 0.91497802734375000000, nan
2023-01-28 14:10:46.323041, 1.03250122070312500000, nan
2023-01-28 14:10:46.323071, 1.15258789062500000000, nan
2023-01-28 14:10:46.428928, 1.17047119140625000000, nan
2023-01-28 14:10:46.428948, 1.15769958496093750000, nan
2023-01-28 14:10:46.522943, 1.15769958496093750000, nan
2023-01-28 14:10:46.522968, 1.16281127929687500000, nan
2023-01-28 14:10:46.623032, 1.13981628417968750000, nan
2023-01-28 14:10:46.623055, 1.07849121093750000000, nan
2023-01-28 14:10:46.723070, 1.01717376708984375000, nan
2023-01-28 14:10:46.723106, 0.88942718505859375000, nan
2023-01-28 14:10:46.822987, 0.81533050537109375000, nan
2023-01-28 14:10:46.823033, 0.70291137695312500000, nan
2023-01-28 14:10:46.923043, 0.60581970214843750000, nan
2023-01-28 14:10:46.923068, 0.46273803710937500000, nan
2023-01-28 14:10:47.022347, 0.38609313964843750000, nan
2023-01-28 14:10:47.022360, 0.28900146484375000000, nan
2023-01-28 14:10:47.122977, 0.22767639160156250000, nan
2023-01-28 14:10:47.122995, 0.06416320800781250000, nan
2023-01-28 14:10:47.222359, -0.08403015136718750000, nan
2023-01-28 14:10:47.222371, -0.29865264892578125000, nan
2023-01-28 14:10:47.322415, -0.41618347167968750000, nan
2023-01-28 14:10:47.322431, -0.52860260009765625000, nan
2023-01-28 14:10:47.424021, -0.56948089599609375000, nan
2023-01-28 14:10:47.424184, -0.61291503906250000000, nan
2023-01-28 14:10:47.522567, -0.63591003417968750000, nan
2023-01-28 14:10:47.522582, -0.65379333496093750000, nan
2023-01-28 14:10:47.622333, -0.65890502929687500000, nan
2023-01-28 14:10:47.622346, -0.66401672363281250000, nan
2023-01-28 14:10:47.724352, -0.66657257080078125000, nan
2023-01-28 14:10:47.724385, -0.67167663574218750000, nan
2023-01-28 14:10:47.823126, -0.67934417724609375000, nan
2023-01-28 14:10:47.823152, -0.68445587158203125000, nan
2023-01-28 14:10:47.922260, -0.67934417724609375000, nan
2023-01-28 14:10:47.922272, -0.67678833007812500000, nan
2023-01-28 14:10:48.022686, -0.68701171875000000000, nan
2023-01-28 14:10:48.022701, -0.73300170898437500000, nan
2023-01-28 14:10:48.122584, -0.76876831054687500000, nan
2023-01-28 14:10:48.122598, -0.76110839843750000000, nan
2023-01-28 14:10:48.223661, -0.72022247314453125000, nan
2023-01-28 14:10:48.223689, -0.64102172851562500000, nan
2023-01-28 14:10:48.323071, -0.59247589111328125000, nan
2023-01-28 14:10:48.323096, -0.52860260009765625000, nan
2023-01-28 14:10:48.422381, -0.49027252197265625000, nan
2023-01-28 14:10:48.422398, -0.41107177734375000000, nan
2023-01-28 14:10:48.522638, -0.34208679199218750000, nan
2023-01-28 14:10:48.522659, -0.22455596923828125000, nan
2023-01-28 14:10:48.622977, -0.13768768310546875000, 10.51708984375000000000
2023-01-28 14:10:48.623017, 0.00794982910156250000, nan
2023-01-28 14:10:48.723900, 0.14336395263671875000, nan
2023-01-28 14:10:48.723927, 0.32987976074218750000, nan
2023-01-28 14:10:48.823217, 0.38864135742187500000, nan
2023-01-28 14:10:48.823238, 0.43463134765625000000, nan
2023-01-28 14:10:48.922877, 0.47296142578125000000, nan
2023-01-28 14:10:48.922896, 0.58026885986328125000, nan
2023-01-28 14:10:49.024854, 0.67224884033203125000, nan
2023-01-28 14:10:49.024871, 0.82044219970703125000, nan
2023-01-28 14:10:49.123786, 0.91752624511718750000, nan
2023-01-28 14:10:49.123808, 1.04016876220703125000, nan
2023-01-28 14:10:49.224061, 1.10915374755859375000, nan
2023-01-28 14:10:49.224086, 1.13726043701171875000, nan
2023-01-28 14:10:49.324048, 1.11426544189453125000, nan
2023-01-28 14:10:49.324072, 1.04783630371093750000, nan
2023-01-28 14:10:49.423687, 1.02228546142578125000, nan
2023-01-28 14:10:49.423700, 1.01461791992187500000, nan
2023-01-28 14:10:49.525753, 0.97885131835937500000, nan
2023-01-28 14:10:49.525775, 0.81533050537109375000, nan
2023-01-28 14:10:49.624037, 0.67736053466796875000, nan
2023-01-28 14:10:49.624059, 0.50872802734375000000, nan
2023-01-28 14:10:49.724020, 0.41419219970703125000, nan
2023-01-28 14:10:49.724047, 0.31710815429687500000, nan
2023-01-28 14:10:49.824867, 0.28388977050781250000, nan
2023-01-28 14:10:49.824894, 0.21746063232421875000, nan
2023-01-28 14:10:49.923672, 0.18168640136718750000, nan
2023-01-28 14:10:49.923685, 0.13569641113281250000, nan
2023-01-28 14:10:50.025038, 0.06671142578125000000, nan
2023-01-28 14:10:50.025062, -0.01504516601562500000, nan
2023-01-28 14:10:50.123941, -0.04570770263671875000, nan
2023-01-28 14:10:50.123966, -0.10191345214843750000, nan
2023-01-28 14:10:50.223566, -0.12746429443359375000, nan
2023-01-28 14:10:50.223580, -0.17089843750000000000, nan
2023-01-28 14:10:50.324618, -0.24499511718750000000, nan
2023-01-28 14:10:50.324638, -0.39829254150390625000, nan
2023-01-28 14:10:50.424199, -0.46727752685546875000, nan
2023-01-28 14:10:50.424230, -0.51071166992187500000, nan
2023-01-28 14:10:50.523601, -0.51837921142578125000, nan
2023-01-28 14:10:50.523614, -0.50816345214843750000, nan
2023-01-28 14:10:50.624027, -0.50049591064453125000, nan
2023-01-28 14:10:50.624108, -0.49282836914062500000, nan
2023-01-28 14:10:50.723609, -0.48516845703125000000, nan
2023-01-28 14:10:50.723621, -0.47494506835937500000, nan
2023-01-28 14:10:50.827633, -0.47750091552734375000, nan
2023-01-28 14:10:50.827656, -0.47494506835937500000, nan
2023-01-28 14:10:50.923800, -0.46983337402343750000, nan
2023-01-28 14:10:50.923825, -0.45450592041015625000, nan
2023-01-28 14:10:51.023685, -0.43917846679687500000, nan
2023-01-28 14:10:51.023705, -0.46983337402343750000, nan
2023-01-28 14:10:51.123809, -0.51837921142578125000, nan
2023-01-28 14:10:51.123833, -0.53881835937500000000, nan
2023-01-28 14:10:51.223909, -0.51326751708984375000, nan
2023-01-28 14:10:51.223933, -0.42639923095703125000, nan
2023-01-28 14:10:51.324537, -0.32675170898437500000, nan
2023-01-28 14:10:51.324558, -0.14024353027343750000, nan
2023-01-28 14:10:51.424256, 0.00283813476562500000, nan
2023-01-28 14:10:51.424276, 0.25322723388671875000, nan
2023-01-28 14:10:51.525354, 0.39630889892578125000, nan
2023-01-28 14:10:51.525376, 0.55982971191406250000, nan
2023-01-28 14:10:51.626109, 0.66969299316406250000, nan
2023-01-28 14:10:51.626131, 0.83576965332031250000, nan
2023-01-28 14:10:51.724061, 0.94052124023437500000, nan
2023-01-28 14:10:51.724083, 1.07338714599609375000, nan
2023-01-28 14:10:51.823932, 1.11937713623046875000, nan
2023-01-28 14:10:51.823955, 1.15258789062500000000, nan
2023-01-28 14:10:51.924076, 1.19602203369140625000, nan
2023-01-28 14:10:51.924110, 1.25990295410156250000, nan
2023-01-28 14:10:52.023754, 1.27267456054687500000, nan
2023-01-28 14:10:52.023778, 1.24967956542968750000, nan
2023-01-28 14:10:52.125466, 1.21391296386718750000, nan
2023-01-28 14:10:52.125481, 1.18580627441406250000, nan
2023-01-28 14:10:52.224395, 1.16536712646484375000, nan
2023-01-28 14:10:52.224408, 1.09893798828125000000, nan
2023-01-28 14:10:52.325479, 1.04272460937500000000, nan
2023-01-28 14:10:52.325497, 0.98651123046875000000, nan
2023-01-28 14:10:52.424344, 0.96351623535156250000, nan
2023-01-28 14:10:52.424354, 0.88942718505859375000, nan
2023-01-28 14:10:52.524781, 0.79744720458984375000, nan
2023-01-28 14:10:52.524801, 0.58793640136718750000, nan
2023-01-28 14:10:52.625585, 0.44229888916015625000, nan
2023-01-28 14:10:52.625615, 0.30177307128906250000, nan
2023-01-28 14:10:52.724573, 0.23789978027343750000, nan
2023-01-28 14:10:52.724609, 0.16124725341796875000, nan
2023-01-28 14:10:52.824468, 0.09737396240234375000, nan
2023-01-28 14:10:52.824482, 0.01050567626953125000, nan
2023-01-28 14:10:52.926167, -0.00227355957031250000, nan
2023-01-28 14:10:52.926180, -0.03037261962890625000, nan
2023-01-28 14:10:53.024257, -0.07125854492187500000, nan
2023-01-28 14:10:53.024266, -0.13257598876953125000, nan
2023-01-28 14:10:53.124887, -0.16068267822265625000, nan
2023-01-28 14:10:53.124904, -0.20667266845703125000, nan
2023-01-28 14:10:53.223095, -0.24755096435546875000, nan
2023-01-28 14:10:53.223102, -0.31398010253906250000, nan
2023-01-28 14:10:53.323339, -0.37274169921875000000, nan
2023-01-28 14:10:53.323353, -0.48516845703125000000, nan
2023-01-28 14:10:53.426287, -0.55159759521484375000, nan
2023-01-28 14:10:53.426312, -0.61035919189453125000, nan
2023-01-28 14:10:53.523762, -0.62313842773437500000, nan
2023-01-28 14:10:53.523787, -0.63335418701171875000, nan
2023-01-28 14:10:53.623983, -0.63079833984375000000, nan
2023-01-28 14:10:53.624003, -0.61802673339843750000, nan
2023-01-28 14:10:53.724043, -0.60269165039062500000, nan
2023-01-28 14:10:53.724065, -0.58225250244140625000, nan
2023-01-28 14:10:53.823409, -0.57969665527343750000, nan
2023-01-28 14:10:53.823432, -0.57969665527343750000, nan
2023-01-28 14:10:53.923648, -0.56948089599609375000, nan
2023-01-28 14:10:53.923662, -0.53626251220703125000, nan
2023-01-28 14:10:54.024575, -0.50816345214843750000, nan
2023-01-28 14:10:54.024586, -0.48005676269531250000, nan
2023-01-28 14:10:54.123937, -0.46727752685546875000, nan
2023-01-28 14:10:54.123964, -0.46472167968750000000, nan
2023-01-28 14:10:54.226135, -0.46727752685546875000, nan
2023-01-28 14:10:54.226161, -0.40340423583984375000, nan
2023-01-28 14:10:54.323956, -0.31142425537109375000, nan
2023-01-28 14:10:54.323980, -0.13768768310546875000, nan
2023-01-28 14:10:54.423770, 0.02583312988281250000, nan
2023-01-28 14:10:54.423786, 0.25833892822265625000, nan
2023-01-28 14:10:54.523853, 0.38353729248046875000, nan
2023-01-28 14:10:54.523878, 0.58026885986328125000, nan
2023-01-28 14:10:54.623856, 0.69013214111328125000, nan
2023-01-28 14:10:54.623880, 0.82810211181640625000, nan
2023-01-28 14:10:54.724552, 0.92263793945312500000, nan
2023-01-28 14:10:54.724578, 1.07083129882812500000, nan
2023-01-28 14:10:54.825875, 1.17558288574218750000, nan
2023-01-28 14:10:54.825896, 1.29822540283203125000, nan
2023-01-28 14:10:54.925468, 1.34932708740234375000, nan
2023-01-28 14:10:54.925488, 1.34421539306640625000, nan
2023-01-28 14:10:55.024687, 1.25990295410156250000, nan
2023-01-28 14:10:55.024707, 1.08104705810546875000, nan
2023-01-28 14:10:55.124992, 0.98906707763671875000, nan
2023-01-28 14:10:55.125021, 0.87409210205078125000, nan
2023-01-28 14:10:55.227006, 0.81021881103515625000, nan
2023-01-28 14:10:55.227024, 0.75656127929687500000, nan
2023-01-28 14:10:55.324245, 0.72335052490234375000, nan
2023-01-28 14:10:55.324259, 0.68247222900390625000, nan
2023-01-28 14:10:55.426140, 0.66203308105468750000, nan
2023-01-28 14:10:55.426159, 0.61093139648437500000, nan
2023-01-28 14:10:55.525548, 0.55727386474609375000, nan
2023-01-28 14:10:55.525570, 0.48573303222656250000, nan
2023-01-28 14:10:55.624925, 0.45762634277343750000, nan
2023-01-28 14:10:55.624953, 0.39630889892578125000, nan
2023-01-28 14:10:55.725001, 0.31965637207031250000, nan
2023-01-28 14:10:55.725021, 0.14080810546875000000, nan
2023-01-28 14:10:55.825000, -0.02781677246093750000, nan
2023-01-28 14:10:55.825029, -0.25266265869140625000, nan
2023-01-28 14:10:55.924174, -0.33186340332031250000, nan
2023-01-28 14:10:55.924186, -0.37785339355468750000, nan
2023-01-28 14:10:56.025655, -0.40340423583984375000, nan
2023-01-28 14:10:56.025669, -0.43406677246093750000, nan
2023-01-28 14:10:56.124708, -0.42895507812500000000, nan
2023-01-28 14:10:56.124728, -0.43662261962890625000, nan
2023-01-28 14:10:56.225214, -0.42384338378906250000, nan
2023-01-28 14:10:56.225237, -0.41873168945312500000, nan
2023-01-28 14:10:56.325074, -0.45450592041015625000, nan
2023-01-28 14:10:56.325119, -0.51071166992187500000, nan
2023-01-28 14:10:56.425475, -0.53370666503906250000, nan
2023-01-28 14:10:56.425495, -0.53115844726562500000, nan
2023-01-28 14:10:56.525241, -0.52604675292968750000, nan
2023-01-28 14:10:56.525268, -0.53370666503906250000, nan
2023-01-28 14:10:56.624851, -0.55670166015625000000, nan
2023-01-28 14:10:56.624870, -0.64102172851562500000, nan
2023-01-28 14:10:56.725181, -0.71766662597656250000, nan
2023-01-28 14:10:56.725212, -0.80198669433593750000, nan
2023-01-28 14:10:56.827218, -0.82242584228515625000, nan
2023-01-28 14:10:56.827240, -0.81220245361328125000, nan
2023-01-28 14:10:56.924926, -0.79176330566406250000, nan
2023-01-28 14:10:56.924952, -0.72533416748046875000, nan
2023-01-28 14:10:57.025284, -0.67167663574218750000, nan
2023-01-28 14:10:57.025305, -0.55159759521484375000, nan
2023-01-28 14:10:57.125897, -0.42384338378906250000, nan
2023-01-28 14:10:57.125925, -0.17345428466796875000, nan
2023-01-28 14:10:57.225921, -0.02271270751953125000, nan
2023-01-28 14:10:57.225941, 0.16891479492187500000, nan
2023-01-28 14:10:57.326144, 0.30432891845703125000, nan
2023-01-28 14:10:57.326173, 0.51383972167968750000, nan
2023-01-28 14:10:57.425447, 0.62114715576171875000, nan
2023-01-28 14:10:57.425459, 0.70546722412109375000, nan
2023-01-28 14:10:57.527714, 0.76678466796875000000, nan
2023-01-28 14:10:57.527754, 0.90731048583984375000, nan
2023-01-28 14:10:57.625931, 1.02484130859375000000, nan
2023-01-28 14:10:57.625955, 1.20880126953125000000, nan
2023-01-28 14:10:57.726455, 1.32633209228515625000, nan
2023-01-28 14:10:57.726471, 1.51795196533203125000, nan
2023-01-28 14:10:57.825965, 1.66358947753906250000, nan
2023-01-28 14:10:57.825983, 1.85010528564453125000, nan
2023-01-28 14:10:57.926031, 1.94719696044921875000, nan
2023-01-28 14:10:57.926051, 2.09538269042968750000, nan
2023-01-28 14:10:58.025863, 2.22569274902343750000, nan
2023-01-28 14:10:58.025885, 2.44030761718750000000, nan
2023-01-28 14:10:58.126979, 2.52973175048828125000, nan
2023-01-28 14:10:58.127001, 2.47863769531250000000, nan
2023-01-28 14:10:58.225681, 2.33044433593750000000, nan
2023-01-28 14:10:58.225700, 2.10305023193359375000, nan
2023-01-28 14:10:58.325412, 1.99574279785156250000, nan
2023-01-28 14:10:58.325423, 1.85010528564453125000, nan
2023-01-28 14:10:58.425257, 1.73768615722656250000, nan
2023-01-28 14:10:58.425263, 1.52561950683593750000, nan
2023-01-28 14:10:58.525172, 1.36465454101562500000, nan
2023-01-28 14:10:58.525180, 1.12703704833984375000, nan
2023-01-28 14:10:58.630075, 0.96862792968750000000, 8.33912372589111328125
2023-01-28 14:10:58.630083, 0.77445220947265625000, nan
2023-01-28 14:10:58.725473, 0.69013214111328125000, nan
2023-01-28 14:10:58.725487, 0.61604309082031250000, nan
2023-01-28 14:10:58.825497, 0.57005310058593750000, nan
2023-01-28 14:10:58.825513, 0.48573303222656250000, nan
2023-01-28 14:10:58.925711, 0.38609313964843750000, nan
2023-01-28 14:10:58.925732, 0.14591979980468750000, nan
2023-01-28 14:10:59.025051, -0.00482177734375000000, nan
2023-01-28 14:10:59.025060, -0.14279174804687500000, nan
2023-01-28 14:10:59.125615, -0.18878173828125000000, nan
2023-01-28 14:10:59.125632, -0.21177673339843750000, nan
2023-01-28 14:10:59.225521, -0.21177673339843750000, nan
2023-01-28 14:10:59.225538, -0.20667266845703125000, nan
2023-01-28 14:10:59.325821, -0.21433258056640625000, nan
2023-01-28 14:10:59.325851, -0.26032257080078125000, nan
2023-01-28 14:10:59.428072, -0.28331756591796875000, nan
2023-01-28 14:10:59.428102, -0.28842926025390625000, nan
2023-01-28 14:10:59.525798, -0.28331756591796875000, nan
2023-01-28 14:10:59.525820, -0.29354095458984375000, nan
2023-01-28 14:10:59.625128, -0.31909179687500000000, nan
2023-01-28 14:10:59.625133, -0.38552093505859375000, nan
2023-01-28 14:10:59.725996, -0.43406677246093750000, nan
2023-01-28 14:10:59.726001, -0.46727752685546875000, nan
2023-01-28 14:10:59.826038, -0.46217346191406250000, nan
2023-01-28 14:10:59.826046, -0.41618347167968750000, nan
2023-01-28 14:10:59.926202, -0.37785339355468750000, nan
2023-01-28 14:10:59.926215, -0.33953094482421875000, nan
2023-01-28 14:11:00.026275, -0.32930755615234375000, nan
2023-01-28 14:11:00.026284, -0.34464263916015625000, nan
2023-01-28 14:11:00.126153, -0.34464263916015625000, nan
2023-01-28 14:11:00.126165, -0.28587341308593750000, nan
2023-01-28 14:11:00.226493, -0.19644927978515625000, nan
2023-01-28 14:11:00.226509, -0.02015686035156250000, nan
2023-01-28 14:11:00.326067, 0.10759735107421875000, nan
2023-01-28 14:11:00.326073, 0.23789978027343750000, nan
2023-01-28 14:11:00.426147, 0.29411315917968750000, nan
2023-01-28 14:11:00.426166, 0.42441558837890625000, nan
2023-01-28 14:11:00.526134, 0.52661132812500000000, nan
2023-01-28 14:11:00.526146, 0.67224884033203125000, nan
2023-01-28 14:11:00.626182, 0.76167297363281250000, nan
2023-01-28 14:11:00.626197, 0.90731048583984375000, nan
2023-01-28 14:11:00.729510, 1.00950622558593750000, nan
2023-01-28 14:11:00.729524, 1.10404205322265625000, nan
2023-01-28 14:11:00.826356, 1.10659790039062500000, nan
2023-01-28 14:11:00.826398, 1.05294799804687500000, nan
2023-01-28 14:11:00.926454, 1.01972961425781250000, nan
2023-01-28 14:11:00.926478, 0.99673461914062500000, nan
2023-01-28 14:11:01.026273, 0.95074462890625000000, nan
2023-01-28 14:11:01.026287, 0.79744720458984375000, nan
2023-01-28 14:11:01.126558, 0.66969299316406250000, nan
2023-01-28 14:11:01.126572, 0.48573303222656250000, nan
2023-01-28 14:11:01.228686, 0.38609313964843750000, nan
2023-01-28 14:11:01.228700, 0.26856231689453125000, nan
2023-01-28 14:11:01.326727, 0.21234893798828125000, nan
2023-01-28 14:11:01.326743, 0.14080810546875000000, nan
2023-01-28 14:11:01.426678, 0.12803649902343750000, nan
2023-01-28 14:11:01.426696, 0.12803649902343750000, nan
2023-01-28 14:11:01.528742, 0.07182312011718750000, nan
2023-01-28 14:11:01.528769, -0.02271270751953125000, nan
2023-01-28 14:11:01.626585, -0.07125854492187500000, nan
2023-01-28 14:11:01.626608, -0.13768768310546875000, nan
2023-01-28 14:11:01.727030, -0.15812683105468750000, nan
2023-01-28 14:11:01.727049, -0.21433258056640625000, nan
2023-01-28 14:11:01.826582, -0.26799011230468750000, nan
2023-01-28 14:11:01.826607, -0.38296508789062500000, nan
2023-01-28 14:11:01.926721, -0.46217346191406250000, nan
2023-01-28 14:11:01.926740, -0.52093505859375000000, nan
2023-01-28 14:11:02.027401, -0.53115844726562500000, nan
2023-01-28 14:11:02.027415, -0.53370666503906250000, nan
2023-01-28 14:11:02.126827, -0.53115844726562500000, nan
2023-01-28 14:11:02.126843, -0.50816345214843750000, nan
2023-01-28 14:11:02.226532, -0.49027252197265625000, nan
2023-01-28 14:11:02.226559, -0.47494506835937500000, nan
2023-01-28 14:11:02.327765, -0.46983337402343750000, nan
2023-01-28 14:11:02.327780, -0.44428253173828125000, nan
2023-01-28 14:11:02.426155, -0.40851593017578125000, nan
2023-01-28 14:11:02.426185, -0.36763763427734375000, nan
2023-01-28 14:11:02.526677, -0.34974670410156250000, nan
2023-01-28 14:11:02.526692, -0.30375671386718750000, nan
2023-01-28 14:11:02.626407, -0.29098510742187500000, nan
2023-01-28 14:11:02.626421, -0.24243927001953125000, nan
2023-01-28 14:11:02.726129, -0.16834259033203125000, nan
2023-01-28 14:11:02.726141, -0.01504516601562500000, nan
2023-01-28 14:11:02.826220, 0.12292480468750000000, nan
2023-01-28 14:11:02.826237, 0.34010314941406250000, nan
2023-01-28 14:11:02.926119, 0.46784973144531250000, nan
2023-01-28 14:11:02.926131, 0.65692138671875000000, nan
2023-01-28 14:11:03.026203, 0.77700805664062500000, nan
2023-01-28 14:11:03.026216, 0.94307708740234375000, nan
2023-01-28 14:11:03.127242, 1.05039215087890625000, nan
2023-01-28 14:11:03.127254, 1.20113372802734375000, nan
2023-01-28 14:11:03.227567, 1.29311370849609375000, nan
2023-01-28 14:11:03.227581, 1.37487792968750000000, nan
2023-01-28 14:11:03.329866, 1.35188293457031250000, nan
2023-01-28 14:11:03.329880, 1.19346618652343750000, nan
2023-01-28 14:11:03.427270, 1.06827545166015625000, nan
2023-01-28 14:11:03.427284, 0.93030548095703125000, nan
2023-01-28 14:11:03.530095, 0.84854125976562500000, nan
2023-01-28 14:11:03.530113, 0.74123382568359375000, nan
2023-01-28 14:11:03.627548, 0.67224884033203125000, nan
2023-01-28 14:11:03.627563, 0.55216217041015625000, nan
2023-01-28 14:11:03.727608, 0.48317718505859375000, nan
2023-01-28 14:11:03.727627, 0.37586975097656250000, nan
2023-01-28 14:11:03.827632, 0.29411315917968750000, nan
2023-01-28 14:11:03.827646, 0.16635894775390625000, nan
2023-01-28 14:11:03.927223, 0.07693481445312500000, nan
2023-01-28 14:11:03.927237, -0.02015686035156250000, nan
2023-01-28 14:11:04.027473, -0.09425354003906250000, nan
2023-01-28 14:11:04.027489, -0.24499511718750000000, nan
2023-01-28 14:11:04.127944, -0.34464263916015625000, nan
2023-01-28 14:11:04.127976, -0.45706176757812500000, nan
2023-01-28 14:11:04.227841, -0.49027252197265625000, nan
2023-01-28 14:11:04.227872, -0.50305175781250000000, nan
2023-01-28 14:11:04.327971, -0.50560760498046875000, nan
2023-01-28 14:11:04.328000, -0.50049591064453125000, nan
2023-01-28 14:11:04.428022, -0.49538421630859375000, nan
2023-01-28 14:11:04.428056, -0.47750091552734375000, nan
2023-01-28 14:11:04.527923, -0.46983337402343750000, nan
2023-01-28 14:11:04.527959, -0.48005676269531250000, nan
2023-01-28 14:11:04.628072, -0.48516845703125000000, nan
2023-01-28 14:11:04.628093, -0.48516845703125000000, nan
2023-01-28 14:11:04.727462, -0.47238922119140625000, nan
2023-01-28 14:11:04.727476, -0.43406677246093750000, nan
2023-01-28 14:11:04.827138, -0.44939422607421875000, nan
2023-01-28 14:11:04.827150, -0.50049591064453125000, nan
2023-01-28 14:11:04.927375, -0.48771667480468750000, nan
2023-01-28 14:11:04.927387, -0.38040924072265625000, nan
2023-01-28 14:11:05.027460, -0.27565765380859375000, nan
2023-01-28 14:11:05.027480, -0.09169769287109375000, nan
2023-01-28 14:11:05.127457, 0.07437896728515625000, nan
2023-01-28 14:11:05.127471, 0.32987976074218750000, nan
2023-01-28 14:11:05.223016, 0.46784973144531250000, nan
2023-01-28 14:11:05.223042, 0.66713714599609375000, nan
2023-01-28 14:11:05.322478, 0.77955627441406250000, nan
2023-01-28 14:11:05.322504, 0.96607208251953125000, nan
2023-01-28 14:11:05.422762, 1.11426544189453125000, nan
2023-01-28 14:11:05.422791, 1.31866455078125000000, nan
2023-01-28 14:11:05.522943, 1.41064453125000000000, nan
2023-01-28 14:11:05.522975, 1.47962951660156250000, nan
2023-01-28 14:11:05.622286, 1.53073120117187500000, nan
2023-01-28 14:11:05.622309, 1.62782287597656250000, nan
2023-01-28 14:11:05.722239, 1.66358947753906250000, nan
2023-01-28 14:11:05.722255, 1.70191192626953125000, nan
2023-01-28 14:11:05.822302, 1.69169616699218750000, nan
2023-01-28 14:11:05.822316, 1.64826202392578125000, nan
2023-01-28 14:11:05.922350, 1.63292694091796875000, nan
2023-01-28 14:11:05.922364, 1.56905364990234375000, nan
2023-01-28 14:11:06.027002, 1.50262451171875000000, nan
2023-01-28 14:11:06.027025, 1.43363952636718750000, nan
2023-01-28 14:11:06.122215, 1.41320037841796875000, nan
2023-01-28 14:11:06.122229, 1.36976623535156250000, nan
2023-01-28 14:11:06.222715, 1.30078125000000000000, nan
2023-01-28 14:11:06.222736, 1.06316375732421875000, nan
2023-01-28 14:11:06.322443, 0.87920379638671875000, nan
2023-01-28 14:11:06.322456, 0.70291137695312500000, nan
2023-01-28 14:11:06.422090, 0.61604309082031250000, nan
2023-01-28 14:11:06.422102, 0.49084472656250000000, nan
2023-01-28 14:11:06.522442, 0.40908813476562500000, nan
2023-01-28 14:11:06.522467, 0.31199645996093750000, nan
2023-01-28 14:11:06.622675, 0.27877807617187500000, nan
2023-01-28 14:11:06.622705, 0.22512817382812500000, nan
2023-01-28 14:11:06.722190, 0.17913818359375000000, nan
2023-01-28 14:11:06.722202, 0.06926727294921875000, nan
2023-01-28 14:11:06.822849, 0.00539398193359375000, nan
2023-01-28 14:11:06.822881, -0.02271270751953125000, nan
2023-01-28 14:11:06.922784, -0.04826354980468750000, nan
2023-01-28 14:11:06.922815, -0.11724853515625000000, nan
2023-01-28 14:11:07.023398, -0.18878173828125000000, nan
2023-01-28 14:11:07.023428, -0.30631256103515625000, nan
2023-01-28 14:11:07.122869, -0.35485839843750000000, nan
2023-01-28 14:11:07.122903, -0.37529754638671875000, nan
2023-01-28 14:11:07.222243, -0.37785339355468750000, nan
2023-01-28 14:11:07.222263, -0.37529754638671875000, nan
2023-01-28 14:11:07.322811, -0.36763763427734375000, nan
2023-01-28 14:11:07.322838, -0.35997009277343750000, nan
2023-01-28 14:11:07.422828, -0.35997009277343750000, nan
2023-01-28 14:11:07.422853, -0.35997009277343750000, nan
2023-01-28 14:11:07.522906, -0.36252593994140625000, nan
2023-01-28 14:11:07.522939, -0.37019348144531250000, nan
2023-01-28 14:11:07.622530, -0.37529754638671875000, nan
2023-01-28 14:11:07.622551, -0.37019348144531250000, nan
2023-01-28 14:11:07.722455, -0.35485839843750000000, nan
2023-01-28 14:11:07.722474, -0.32930755615234375000, nan
2023-01-28 14:11:07.822487, -0.33441925048828125000, nan
2023-01-28 14:11:07.822504, -0.35230255126953125000, nan
2023-01-28 14:11:07.922614, -0.33186340332031250000, nan
2023-01-28 14:11:07.922636, -0.25521850585937500000, nan
2023-01-28 14:11:08.022604, -0.17345428466796875000, nan
2023-01-28 14:11:08.022622, 0.00283813476562500000, nan
2023-01-28 14:11:08.122630, 0.15869140625000000000, nan
2023-01-28 14:11:08.122653, 0.38864135742187500000, nan
2023-01-28 14:11:08.222660, 0.52406311035156250000, nan
2023-01-28 14:11:08.222686, 0.69779968261718750000, nan
2023-01-28 14:11:08.323022, 0.79744720458984375000, nan
2023-01-28 14:11:08.323055, 0.96096801757812500000, nan
2023-01-28 14:11:08.424613, 1.08104705810546875000, nan
2023-01-28 14:11:08.424644, 1.26245117187500000000, nan
2023-01-28 14:11:08.522957, 1.34421539306640625000, nan
2023-01-28 14:11:08.522993, 1.35188293457031250000, nan
2023-01-28 14:11:08.622480, 1.28544616699218750000, 6.73652696609497070312
2023-01-28 14:11:08.622505, 1.14237213134765625000, nan
2023-01-28 14:11:08.723984, 1.05549621582031250000, nan
2023-01-28 14:11:08.724003, 0.94052124023437500000, nan
2023-01-28 14:11:08.823146, 0.87664794921875000000, nan
2023-01-28 14:11:08.823160, 0.76934051513671875000, nan
2023-01-28 14:11:08.923565, 0.70035552978515625000, nan
2023-01-28 14:11:08.923584, 0.60070800781250000000, nan
2023-01-28 14:11:09.024343, 0.53172302246093750000, nan
2023-01-28 14:11:09.024362, 0.42441558837890625000, nan
2023-01-28 14:11:09.123810, 0.35031890869140625000, nan
2023-01-28 14:11:09.123836, 0.26345062255859375000, nan
2023-01-28 14:11:09.223468, 0.21746063232421875000, nan
2023-01-28 14:11:09.223486, 0.10248565673828125000, nan
2023-01-28 14:11:09.323842, -0.01248931884765625000, nan
2023-01-28 14:11:09.323866, -0.20411682128906250000, nan
2023-01-28 14:11:09.423091, -0.30886840820312500000, nan
2023-01-28 14:11:09.423103, -0.40340423583984375000, nan
2023-01-28 14:11:09.523347, -0.44172668457031250000, nan
2023-01-28 14:11:09.523369, -0.46217346191406250000, nan
2023-01-28 14:11:09.623111, -0.46983337402343750000, nan
2023-01-28 14:11:09.623123, -0.48005676269531250000, nan
2023-01-28 14:11:09.723271, -0.47238922119140625000, nan
2023-01-28 14:11:09.723294, -0.46217346191406250000, nan
2023-01-28 14:11:09.823050, -0.46472167968750000000, nan
2023-01-28 14:11:09.823061, -0.47494506835937500000, nan
2023-01-28 14:11:09.923206, -0.47750091552734375000, nan
2023-01-28 14:11:09.923229, -0.46727752685546875000, nan
2023-01-28 14:11:10.023448, -0.46983337402343750000, nan
2023-01-28 14:11:10.023460, -0.48261260986328125000, nan
2023-01-28 14:11:10.123083, -0.49794006347656250000, nan
2023-01-28 14:11:10.123095, -0.52349090576171875000, nan
2023-01-28 14:11:10.227351, -0.52604675292968750000, nan
2023-01-28 14:11:10.227373, -0.51837921142578125000, nan
2023-01-28 14:11:10.323765, -0.50049591064453125000, nan
2023-01-28 14:11:10.323778, -0.38552093505859375000, nan
2023-01-28 14:11:10.423529, -0.27054595947265625000, nan
2023-01-28 14:11:10.423555, -0.09425354003906250000, nan
2023-01-28 14:11:10.523782, 0.05649566650390625000, nan
2023-01-28 14:11:10.523804, 0.29666137695312500000, nan
2023-01-28 14:11:10.623920, 0.42441558837890625000, nan
2023-01-28 14:11:10.623941, 0.60581970214843750000, nan
2023-01-28 14:11:10.723431, 0.72590637207031250000, nan
2023-01-28 14:11:10.723445, 0.90219879150390625000, nan
2023-01-28 14:11:10.823278, 1.00440216064453125000, nan
2023-01-28 14:11:10.823295, 1.09127044677734375000, nan
2023-01-28 14:11:10.923237, 1.11937713623046875000, nan
2023-01-28 14:11:10.923254, 1.15258789062500000000, nan
2023-01-28 14:11:11.023088, 1.20624542236328125000, nan
2023-01-28 14:11:11.023100, 1.29822540283203125000, nan
2023-01-28 14:11:11.123090, 1.33143615722656250000, nan
2023-01-28 14:11:11.123102, 1.33143615722656250000, nan
2023-01-28 14:11:11.223068, 1.31099700927734375000, nan
2023-01-28 14:11:11.223080, 1.28544616699218750000, nan
2023-01-28 14:11:11.323114, 1.23945617675781250000, nan
2023-01-28 14:11:11.323126, 1.13726043701171875000, nan
2023-01-28 14:11:11.423247, 1.06827545166015625000, nan
2023-01-28 14:11:11.423263, 0.98140716552734375000, nan
2023-01-28 14:11:11.523140, 0.93286132812500000000, nan
2023-01-28 14:11:11.523153, 0.81533050537109375000, nan
2023-01-28 14:11:11.623032, 0.69268798828125000000, nan
2023-01-28 14:11:11.623045, 0.48573303222656250000, nan
2023-01-28 14:11:11.723424, 0.37586975097656250000, nan
2023-01-28 14:11:11.723438, 0.25578308105468750000, nan
2023-01-28 14:11:11.823084, 0.16635894775390625000, nan
2023-01-28 14:11:11.823095, 0.04116821289062500000, nan
2023-01-28 14:11:11.923046, 0.00028228759765625000, nan
2023-01-28 14:11:11.923058, -0.03037261962890625000, nan
2023-01-28 14:11:12.023137, -0.05592346191406250000, nan
2023-01-28 14:11:12.023150, -0.11213684082031250000, nan
2023-01-28 14:11:12.123094, -0.14790344238281250000, nan
2023-01-28 14:11:12.123107, -0.18878173828125000000, nan
2023-01-28 14:11:12.223251, -0.21177673339843750000, nan
2023-01-28 14:11:12.223275, -0.24243927001953125000, nan
2023-01-28 14:11:12.323091, -0.27310180664062500000, nan
2023-01-28 14:11:12.323104, -0.33697509765625000000, nan
2023-01-28 14:11:12.424055, -0.39829254150390625000, nan
2023-01-28 14:11:12.424067, -0.49027252197265625000, nan
2023-01-28 14:11:12.524593, -0.52093505859375000000, nan
2023-01-28 14:11:12.524607, -0.53626251220703125000, nan
2023-01-28 14:11:12.624070, -0.53370666503906250000, nan
2023-01-28 14:11:12.624083, -0.52093505859375000000, nan
2023-01-28 14:11:12.724080, -0.50305175781250000000, nan
2023-01-28 14:11:12.724092, -0.46983337402343750000, nan
2023-01-28 14:11:12.824139, -0.43406677246093750000, nan
2023-01-28 14:11:12.824151, -0.39063262939453125000, nan
2023-01-28 14:11:12.924076, -0.38040924072265625000, nan
2023-01-28 14:11:12.924088, -0.35997009277343750000, nan
2023-01-28 14:11:13.024061, -0.29865264892578125000, nan
2023-01-28 14:11:13.024074, -0.14534759521484375000, nan
2023-01-28 14:11:13.124512, -0.02526855468750000000, nan
2023-01-28 14:11:13.124535, 0.11525726318359375000, nan
2023-01-28 14:11:13.224462, 0.19446563720703125000, nan
2023-01-28 14:11:13.224474, 0.34776306152343750000, nan
2023-01-28 14:11:13.324046, 0.44741058349609375000, nan
2023-01-28 14:11:13.324058, 0.61604309082031250000, nan
2023-01-28 14:11:13.423124, 0.72335052490234375000, nan
2023-01-28 14:11:13.423147, 0.88431549072265625000, nan
2023-01-28 14:11:13.523222, 1.01206207275390625000, nan
2023-01-28 14:11:13.523235, 1.18069458007812500000, nan
2023-01-28 14:11:13.623142, 1.25734710693359375000, nan
2023-01-28 14:11:13.623156, 1.34421539306640625000, nan
2023-01-28 14:11:13.723318, 1.37232208251953125000, nan
2023-01-28 14:11:13.723337, 1.36209869384765625000, nan
2023-01-28 14:11:13.823138, 1.31610870361328125000, nan
2023-01-28 14:11:13.823150, 1.13726043701171875000, nan
2023-01-28 14:11:13.924541, 0.96862792968750000000, nan
2023-01-28 14:11:13.924559, 0.75911712646484375000, nan
2023-01-28 14:11:14.025209, 0.66203308105468750000, nan
2023-01-28 14:11:14.025233, 0.53683471679687500000, nan
2023-01-28 14:11:14.125351, 0.47296142578125000000, nan
2023-01-28 14:11:14.125366, 0.37331390380859375000, nan
2023-01-28 14:11:14.224537, 0.31455230712890625000, nan
2023-01-28 14:11:14.224558, 0.23789978027343750000, nan
2023-01-28 14:11:14.324821, 0.18168640136718750000, nan
2023-01-28 14:11:14.324842, 0.05393981933593750000, nan
2023-01-28 14:11:14.425028, -0.02526855468750000000, nan
2023-01-28 14:11:14.425052, -0.08403015136718750000, nan
2023-01-28 14:11:14.524038, -0.12490844726562500000, nan
2023-01-28 14:11:14.524051, -0.20411682128906250000, nan
2023-01-28 14:11:14.624166, -0.28331756591796875000, nan
2023-01-28 14:11:14.624180, -0.41362762451171875000, nan
2023-01-28 14:11:14.725035, -0.46983337402343750000, nan
2023-01-28 14:11:14.725069, -0.50049591064453125000, nan
2023-01-28 14:11:14.824073, -0.50816345214843750000, nan
2023-01-28 14:11:14.824086, -0.50816345214843750000, nan
2023-01-28 14:11:14.924432, -0.50049591064453125000, nan
2023-01-28 14:11:14.924451, -0.48261260986328125000, nan
2023-01-28 14:11:15.025174, -0.46727752685546875000, nan
2023-01-28 14:11:15.025196, -0.45706176757812500000, nan
2023-01-28 14:11:15.124876, -0.45961761474609375000, nan
2023-01-28 14:11:15.124918, -0.43662261962890625000, nan
2023-01-28 14:11:15.224740, -0.39063262939453125000, nan
2023-01-28 14:11:15.224764, -0.32164764404296875000, nan
2023-01-28 14:11:15.326043, -0.31142425537109375000, nan
2023-01-28 14:11:15.326077, -0.32420349121093750000, nan
2023-01-28 14:11:15.425205, -0.30631256103515625000, nan
2023-01-28 14:11:15.425240, -0.20411682128906250000, nan
2023-01-28 14:11:15.524653, -0.10958099365234375000, nan
2023-01-28 14:11:15.524676, 0.08715820312500000000, nan
2023-01-28 14:11:15.624850, 0.24301147460937500000, nan
2023-01-28 14:11:15.624874, 0.46018218994140625000, nan
2023-01-28 14:11:15.724719, 0.60326385498046875000, nan
2023-01-28 14:11:15.724744, 0.77700805664062500000, nan
2023-01-28 14:11:15.824820, 0.87920379638671875000, nan
2023-01-28 14:11:15.824846, 1.04016876220703125000, nan
2023-01-28 14:11:15.924241, 1.16281127929687500000, nan
2023-01-28 14:11:15.924256, 1.30589294433593750000, nan
2023-01-28 14:11:16.024119, 1.33654785156250000000, nan
2023-01-28 14:11:16.024133, 1.32122039794921875000, nan
2023-01-28 14:11:16.124832, 1.29822540283203125000, nan
2023-01-28 14:11:16.124860, 1.21646118164062500000, nan
2023-01-28 14:11:16.224087, 1.15258789062500000000, nan
2023-01-28 14:11:16.224101, 1.07849121093750000000, nan
2023-01-28 14:11:16.324372, 1.02228546142578125000, nan
2023-01-28 14:11:16.324385, 0.92774963378906250000, nan
2023-01-28 14:11:16.424743, 0.86643218994140625000, nan
2023-01-28 14:11:16.424765, 0.77445220947265625000, nan
2023-01-28 14:11:16.524246, 0.71568298339843750000, nan
2023-01-28 14:11:16.524268, 0.64669799804687500000, nan
2023-01-28 14:11:16.624686, 0.60070800781250000000, nan
2023-01-28 14:11:16.624711, 0.48062133789062500000, nan
2023-01-28 14:11:16.725193, 0.35287475585937500000, nan
2023-01-28 14:11:16.725225, 0.12803649902343750000, nan
2023-01-28 14:11:16.824661, 0.00539398193359375000, nan
2023-01-28 14:11:16.824682, -0.10958099365234375000, nan
2023-01-28 14:11:16.924375, -0.16323852539062500000, nan
2023-01-28 14:11:16.924398, -0.22966766357421875000, nan
2023-01-28 14:11:17.024233, -0.27310180664062500000, nan
2023-01-28 14:11:17.024245, -0.30631256103515625000, nan
2023-01-28 14:11:17.124082, -0.31909179687500000000, nan
2023-01-28 14:11:17.124094, -0.34464263916015625000, nan
2023-01-28 14:11:17.224202, -0.35997009277343750000, nan
2023-01-28 14:11:17.224214, -0.38040924072265625000, nan
2023-01-28 14:11:17.325193, -0.40084838867187500000, nan
2023-01-28 14:11:17.325210, -0.44939422607421875000, nan
2023-01-28 14:11:17.427215, -0.49538421630859375000, nan
2023-01-28 14:11:17.427242, -0.57714843750000000000, nan
2023-01-28 14:11:17.529314, -0.61547088623046875000, nan
2023-01-28 14:11:17.529334, -0.63591003417968750000, nan
2023-01-28 14:11:17.625702, -0.62824249267578125000, nan
2023-01-28 14:11:17.625727, -0.58225250244140625000, nan
2023-01-28 14:11:17.725277, -0.54648590087890625000, nan
2023-01-28 14:11:17.725300, -0.51326751708984375000, nan
2023-01-28 14:11:17.825351, -0.49027252197265625000, nan
2023-01-28 14:11:17.825371, -0.40851593017578125000, nan
2023-01-28 14:11:17.927364, -0.32675170898437500000, nan
2023-01-28 14:11:17.927385, -0.16578674316406250000, nan
2023-01-28 14:11:18.026087, -0.02015686035156250000, nan
2023-01-28 14:11:18.026108, 0.21746063232421875000, nan
2023-01-28 14:11:18.125724, 0.31710815429687500000, nan
2023-01-28 14:11:18.125749, 0.41930389404296875000, nan
2023-01-28 14:11:18.225745, 0.49340057373046875000, nan
2023-01-28 14:11:18.225781, 0.61093139648437500000, nan
2023-01-28 14:11:18.326011, 0.71312713623046875000, nan
2023-01-28 14:11:18.326036, 0.90731048583984375000, nan
2023-01-28 14:11:18.425602, 1.03505706787109375000, nan
2023-01-28 14:11:18.425623, 1.19346618652343750000, nan
2023-01-28 14:11:18.526585, 1.27011871337890625000, nan
2023-01-28 14:11:18.526606, 1.29055786132812500000, nan
2023-01-28 14:11:18.625744, 1.26245117187500000000, 22.52559661865234375000
2023-01-28 14:11:18.625767, 1.21391296386718750000, nan
2023-01-28 14:11:18.726549, 1.17047119140625000000, nan
2023-01-28 14:11:18.726573, 1.11937713623046875000, nan
2023-01-28 14:11:18.826558, 1.09893798828125000000, nan
2023-01-28 14:11:18.826583, 1.02995300292968750000, nan
2023-01-28 14:11:18.925750, 0.92008209228515625000, nan
2023-01-28 14:11:18.926118, 0.74123382568359375000, nan
2023-01-28 14:11:19.025238, 0.63648223876953125000, nan
2023-01-28 14:11:19.025252, 0.48573303222656250000, nan
2023-01-28 14:11:19.125356, 0.39886474609375000000, nan
2023-01-28 14:11:19.125379, 0.28900146484375000000, nan
2023-01-28 14:11:19.225381, 0.20468139648437500000, nan
2023-01-28 14:11:19.225404, 0.04371643066406250000, nan
2023-01-28 14:11:19.326086, -0.04059600830078125000, nan
2023-01-28 14:11:19.326111, -0.12490844726562500000, nan
2023-01-28 14:11:19.425452, -0.17089843750000000000, nan
2023-01-28 14:11:19.425470, -0.24243927001953125000, nan
2023-01-28 14:11:19.525790, -0.30375671386718750000, nan
2023-01-28 14:11:19.525909, -0.39573669433593750000, nan
2023-01-28 14:11:19.625689, -0.45706176757812500000, nan
2023-01-28 14:11:19.625709, -0.51326751708984375000, nan
2023-01-28 14:11:19.725672, -0.52860260009765625000, nan
2023-01-28 14:11:19.725694, -0.53115844726562500000, nan
2023-01-28 14:11:19.826029, -0.52860260009765625000, nan
2023-01-28 14:11:19.826055, -0.51582336425781250000, nan
2023-01-28 14:11:19.926150, -0.50560760498046875000, nan
2023-01-28 14:11:19.926175, -0.48771667480468750000, nan
2023-01-28 14:11:20.026122, -0.48261260986328125000, nan
2023-01-28 14:11:20.026145, -0.47238922119140625000, nan
2023-01-28 14:11:20.127538, -0.45961761474609375000, nan
2023-01-28 14:11:20.127568, -0.38807678222656250000, nan
2023-01-28 14:11:20.225728, -0.33697509765625000000, nan
2023-01-28 14:11:20.225753, -0.31653594970703125000, nan
2023-01-28 14:11:20.325307, -0.32164764404296875000, nan
2023-01-28 14:11:20.325324, -0.34719848632812500000, nan
2023-01-28 14:11:20.425267, -0.36508178710937500000, nan
2023-01-28 14:11:20.425282, -0.32675170898437500000, nan
2023-01-28 14:11:20.526467, -0.25266265869140625000, nan
2023-01-28 14:11:20.526480, -0.10702514648437500000, nan
2023-01-28 14:11:20.627226, 0.03861236572265625000, nan
2023-01-28 14:11:20.627244, 0.26856231689453125000, nan
2023-01-28 14:11:20.726395, 0.39630889892578125000, nan
2023-01-28 14:11:20.726413, 0.59304809570312500000, nan
2023-01-28 14:11:20.826869, 0.71568298339843750000, nan
2023-01-28 14:11:20.826893, 0.89964294433593750000, nan
2023-01-28 14:11:20.926989, 1.04016876220703125000, nan
2023-01-28 14:11:20.927016, 1.26756286621093750000, nan
2023-01-28 14:11:21.026207, 1.40808868408203125000, nan
2023-01-28 14:11:21.026226, 1.58183288574218750000, nan
2023-01-28 14:11:21.126339, 1.65592193603515625000, nan
2023-01-28 14:11:21.126352, 1.71980285644531250000, nan
2023-01-28 14:11:21.226188, 1.76068115234375000000, nan
2023-01-28 14:11:21.226201, 1.82966613769531250000, nan
2023-01-28 14:11:21.326134, 1.88076782226562500000, nan
2023-01-28 14:11:21.326164, 1.94464111328125000000, nan
2023-01-28 14:11:21.426491, 1.96508026123046875000, nan
2023-01-28 14:11:21.426505, 1.96508026123046875000, nan
2023-01-28 14:11:21.526413, 1.95741271972656250000, nan
2023-01-28 14:11:21.526428, 1.89098358154296875000, nan
2023-01-28 14:11:21.627121, 1.82199859619140625000, nan
2023-01-28 14:11:21.627149, 1.71980285644531250000, nan
2023-01-28 14:11:21.726892, 1.66614532470703125000, nan
2023-01-28 14:11:21.726960, 1.58949279785156250000, nan
2023-01-28 14:11:21.826594, 1.50006866455078125000, nan
2023-01-28 14:11:21.826618, 1.29566955566406250000, nan
2023-01-28 14:11:21.927526, 1.13470458984375000000, nan
2023-01-28 14:11:21.927539, 0.94052124023437500000, nan
2023-01-28 14:11:22.026043, 0.86643218994140625000, nan
2023-01-28 14:11:22.026055, 0.79233551025390625000, nan
2023-01-28 14:11:22.126859, 0.75145721435546875000, nan
2023-01-28 14:11:22.126897, 0.68247222900390625000, nan
2023-01-28 14:11:22.226330, 0.64414215087890625000, nan
2023-01-28 14:11:22.226353, 0.61093139648437500000, nan
2023-01-28 14:11:22.326264, 0.57771301269531250000, nan
2023-01-28 14:11:22.326279, 0.51383972167968750000, nan
2023-01-28 14:11:22.426900, 0.47040557861328125000, nan
2023-01-28 14:11:22.426923, 0.39886474609375000000, nan
2023-01-28 14:11:22.526615, 0.36054229736328125000, nan
2023-01-28 14:11:22.526637, 0.30688476562500000000, nan
2023-01-28 14:11:22.626178, 0.24301147460937500000, nan
2023-01-28 14:11:22.626192, 0.06160736083984375000, nan
2023-01-28 14:11:22.728432, -0.06103515625000000000, nan
2023-01-28 14:11:22.728448, -0.14534759521484375000, nan
2023-01-28 14:11:22.826017, -0.17345428466796875000, nan
2023-01-28 14:11:22.826029, -0.21688842773437500000, nan
2023-01-28 14:11:22.926407, -0.25776672363281250000, nan
2023-01-28 14:11:22.926434, -0.31142425537109375000, nan
2023-01-28 14:11:23.026388, -0.32930755615234375000, nan
2023-01-28 14:11:23.026402, -0.34719848632812500000, nan
2023-01-28 14:11:23.126313, -0.36252593994140625000, nan
2023-01-28 14:11:23.126328, -0.37019348144531250000, nan
2023-01-28 14:11:23.226336, -0.36508178710937500000, nan
2023-01-28 14:11:23.226352, -0.35485839843750000000, nan
2023-01-28 14:11:23.326158, -0.33441925048828125000, nan
2023-01-28 14:11:23.326173, -0.28076171875000000000, nan
2023-01-28 14:11:23.426782, -0.23988342285156250000, nan
2023-01-28 14:11:23.426818, -0.20667266845703125000, nan
2023-01-28 14:11:23.506317, -0.18367767333984375000, nan
2023-01-28 14:11:23.506334, -0.13257598876953125000, nan
2023-01-28 14:11:23.607450, 0.00539398193359375000, nan
2023-01-28 14:11:23.607467, 0.14847564697265625000, nan
2023-01-28 14:11:23.707104, 0.38864135742187500000, nan
2023-01-28 14:11:23.707116, 0.53939056396484375000, nan
2023-01-28 14:11:23.807233, 0.77700805664062500000, nan
2023-01-28 14:11:23.807540, 0.93030548095703125000, nan
2023-01-28 14:11:23.907105, 1.14492797851562500000, nan
2023-01-28 14:11:23.907118, 1.28544616699218750000, nan
2023-01-28 14:11:24.007176, 1.53839111328125000000, nan
2023-01-28 14:11:24.007189, 1.76834106445312500000, nan
2023-01-28 14:11:24.107624, 2.12093353271484375000, nan
2023-01-28 14:11:24.107642, 2.31767272949218750000, nan
2023-01-28 14:11:24.208764, 2.58594512939453125000, nan
2023-01-28 14:11:24.208783, 2.78778839111328125000, nan
2023-01-28 14:11:24.307394, 3.18637084960937500000, nan
2023-01-28 14:11:24.307418, 3.48530578613281250000, nan
2023-01-28 14:11:24.407324, 3.92987823486328125000, nan
2023-01-28 14:11:24.407343, 4.24925231933593750000, nan
2023-01-28 14:11:24.510678, 4.78835296630859375000, nan
2023-01-28 14:11:24.510702, 5.19715118408203125000, nan
2023-01-28 14:11:24.627360, 5.75414276123046875000, nan
2023-01-28 14:11:24.627377, 6.15016937255859375000, nan
2023-01-28 14:11:24.707660, 6.37245178222656250000, nan
2023-01-28 14:11:24.707684, 6.56663513183593750000, nan
2023-01-28 14:11:24.806909, 6.80169677734375000000, nan
2023-01-28 14:11:24.806916, 6.83746337890625000000, nan
2023-01-28 14:11:24.906956, 6.66628265380859375000, nan
2023-01-28 14:11:24.906961, 6.57430267333984375000, nan
2023-01-28 14:11:25.006990, 6.54108428955078125000, nan
2023-01-28 14:11:25.006996, 6.50020599365234375000, nan
2023-01-28 14:11:25.107011, 6.45677185058593750000, nan
2023-01-28 14:11:25.107017, 6.42866516113281250000, nan
2023-01-28 14:11:25.207078, 6.32646179199218750000, nan
2023-01-28 14:11:25.207087, 6.24214935302734375000, nan
2023-01-28 14:11:25.307551, 6.06841278076171875000, nan
2023-01-28 14:11:25.307586, 5.93810272216796875000, nan
2023-01-28 14:11:25.407991, 5.74392700195312500000, nan
2023-01-28 14:11:25.408017, 5.52419281005859375000, nan
2023-01-28 14:11:25.507807, 5.02852630615234375000, nan
2023-01-28 14:11:25.507835, 4.63761138916015625000, nan
2023-01-28 14:11:25.609271, 4.03207397460937500000, nan
2023-01-28 14:11:25.609294, 3.62071990966796875000, nan
2023-01-28 14:11:25.707719, 3.02796173095703125000, nan
2023-01-28 14:11:25.707744, 2.67281341552734375000, nan
2023-01-28 14:11:25.810682, 2.22313690185546875000, nan
2023-01-28 14:11:25.810702, 1.99063110351562500000, nan
2023-01-28 14:11:25.909247, 1.72235107421875000000, nan
2023-01-28 14:11:25.909270, 1.58183288574218750000, nan
2023-01-28 14:11:26.007038, 1.40808868408203125000, nan
2023-01-28 14:11:26.007055, 1.31355285644531250000, nan
2023-01-28 14:11:26.107674, 1.14747619628906250000, nan
2023-01-28 14:11:26.107697, 1.00950622558593750000, nan
2023-01-28 14:11:26.207816, 0.78211212158203125000, nan
2023-01-28 14:11:26.207837, 0.62625885009765625000, nan
2023-01-28 14:11:26.307775, 0.41930389404296875000, nan
2023-01-28 14:11:26.307799, 0.31199645996093750000, nan
2023-01-28 14:11:26.409572, 0.14336395263671875000, nan
2023-01-28 14:11:26.409596, 0.04882812500000000000, nan
2023-01-28 14:11:26.507663, -0.00737762451171875000, nan
2023-01-28 14:11:26.507679, -0.01504516601562500000, nan
2023-01-28 14:11:26.607188, -0.02781677246093750000, nan
2023-01-28 14:11:26.607206, -0.05592346191406250000, nan
2023-01-28 14:11:26.707685, -0.12235260009765625000, nan
2023-01-28 14:11:26.707711, -0.16578674316406250000, nan
2023-01-28 14:11:26.808073, -0.22200012207031250000, nan
2023-01-28 14:11:26.808097, -0.26287841796875000000, nan
2023-01-28 14:11:26.909594, -0.32164764404296875000, nan
2023-01-28 14:11:26.909623, -0.34974670410156250000, nan
2023-01-28 14:11:27.015141, -0.35741424560546875000, nan
2023-01-28 14:11:27.015160, -0.34719848632812500000, nan
2023-01-28 14:11:27.107275, -0.32420349121093750000, nan
2023-01-28 14:11:27.107290, -0.30631256103515625000, nan
2023-01-28 14:11:27.207332, -0.24755096435546875000, nan
2023-01-28 14:11:27.207351, -0.19900512695312500000, nan
2023-01-28 14:11:27.307706, -0.15812683105468750000, nan
2023-01-28 14:11:27.307735, -0.13768768310546875000, nan
2023-01-28 14:11:27.408468, -0.08147430419921875000, nan
2023-01-28 14:11:27.408496, -0.03292846679687500000, nan
2023-01-28 14:11:27.507714, 0.09226226806640625000, nan
2023-01-28 14:11:27.507740, 0.19190979003906250000, nan
2023-01-28 14:11:27.607903, 0.27366638183593750000, nan
2023-01-28 14:11:27.607928, 0.26856231689453125000, nan
2023-01-28 14:11:27.708833, 0.24556732177734375000, nan
2023-01-28 14:11:27.708858, 0.26600646972656250000, nan
2023-01-28 14:11:27.808913, 0.32476806640625000000, nan
2023-01-28 14:11:27.808937, 0.38609313964843750000, nan
2023-01-28 14:11:27.907888, 0.49340057373046875000, nan
2023-01-28 14:11:27.907895, 0.56749725341796875000, nan
2023-01-28 14:11:28.007975, 0.69268798828125000000, nan
2023-01-28 14:11:28.007981, 0.76422882080078125000, nan
2023-01-28 14:11:28.108234, 0.84599304199218750000, nan
2023-01-28 14:11:28.108246, 0.89964294433593750000, nan
2023-01-28 14:11:28.209300, 0.97629547119140625000, nan
2023-01-28 14:11:28.209323, 1.01717376708984375000, nan
2023-01-28 14:11:28.308158, 1.02995300292968750000, nan
2023-01-28 14:11:28.308166, 0.97629547119140625000, nan
2023-01-28 14:11:28.409015, 0.83321380615234375000, nan
2023-01-28 14:11:28.409039, 0.76422882080078125000, nan
2023-01-28 14:11:28.509262, 0.72335052490234375000, nan
2023-01-28 14:11:28.509289, 0.70546722412109375000, nan
2023-01-28 14:11:28.609706, 0.67991638183593750000, 0.00000000000000000000
2023-01-28 14:11:28.609734, 0.66203308105468750000, nan
2023-01-28 14:11:28.708767, 0.65436553955078125000, nan
2023-01-28 14:11:28.708792, 0.67480468750000000000, nan
2023-01-28 14:11:28.807995, 0.69013214111328125000, nan
2023-01-28 14:11:28.808008, 0.68757629394531250000, nan
2023-01-28 14:11:28.908050, 0.68502807617187500000, nan
2023-01-28 14:11:28.908065, 0.68502807617187500000, nan
2023-01-28 14:11:29.012892, 0.65947723388671875000, nan
2023-01-28 14:11:29.012907, 0.62114715576171875000, nan
2023-01-28 14:11:29.108732, 0.54705810546875000000, nan
2023-01-28 14:11:29.108757, 0.47296142578125000000, nan
2023-01-28 14:11:29.209177, 0.36054229736328125000, nan
2023-01-28 14:11:29.209203, 0.32221221923828125000, nan
2023-01-28 14:11:29.308702, 0.29155731201171875000, nan
2023-01-28 14:11:29.308729, 0.28133392333984375000, nan
2023-01-28 14:11:29.409038, 0.27877807617187500000, nan
2023-01-28 14:11:29.409065, 0.28388977050781250000, nan
2023-01-28 14:11:29.509364, 0.30688476562500000000, nan
2023-01-28 14:11:29.509391, 0.31710815429687500000, nan
2023-01-28 14:11:29.608268, 0.29921722412109375000, nan
2023-01-28 14:11:29.608283, 0.28644561767578125000, nan
2023-01-28 14:11:29.708180, 0.27877807617187500000, nan
2023-01-28 14:11:29.708197, 0.27366638183593750000, nan
2023-01-28 14:11:29.808380, 0.27622222900390625000, nan
2023-01-28 14:11:29.808396, 0.26600646972656250000, nan
2023-01-28 14:11:29.908105, 0.23278808593750000000, nan
2023-01-28 14:11:29.908117, 0.20979309082031250000, nan
