2023-01-28 14:37:10.082032, -0.57459259033203125000, nan
2023-01-28 14:37:10.082089, -0.45195007324218750000, nan
2023-01-28 14:37:10.182135, -0.26543426513671875000, nan
2023-01-28 14:37:10.182157, -0.12490844726562500000, nan
2023-01-28 14:37:10.282509, 0.12803649902343750000, nan
2023-01-28 14:37:10.282536, 0.28388977050781250000, nan
2023-01-28 14:37:10.383707, 0.47296142578125000000, nan
2023-01-28 14:37:10.383727, 0.56238555908203125000, nan
2023-01-28 14:37:10.482439, 0.55982971191406250000, nan
2023-01-28 14:37:10.482463, 0.49595642089843750000, nan
2023-01-28 14:37:10.582429, 0.21490478515625000000, nan
2023-01-28 14:37:10.582473, -0.02015686035156250000, nan
2023-01-28 14:37:10.682716, -0.18112182617187500000, nan
2023-01-28 14:37:10.682739, -0.24243927001953125000, nan
2023-01-28 14:37:10.783277, -0.31398010253906250000, nan
2023-01-28 14:37:10.783297, -0.36252593994140625000, nan
2023-01-28 14:37:10.882474, -0.51071166992187500000, nan
2023-01-28 14:37:10.882497, -0.59758758544921875000, nan
2023-01-28 14:37:10.982686, -0.73300170898437500000, nan
2023-01-28 14:37:10.982709, -0.85053253173828125000, nan
2023-01-28 14:37:11.083411, -0.97316741943359375000, nan
2023-01-28 14:37:11.083433, -1.03449249267578125000, nan
2023-01-28 14:37:11.183711, -1.17501831054687500000, nan
2023-01-28 14:37:11.183733, -1.25933074951171875000, nan
2023-01-28 14:37:11.282116, -1.45606231689453125000, nan
2023-01-28 14:37:11.282130, -1.60169982910156250000, nan
2023-01-28 14:37:11.382495, -1.71923065185546875000, nan
2023-01-28 14:37:11.382516, -1.76777648925781250000, nan
2023-01-28 14:37:11.482510, -1.80609893798828125000, nan
2023-01-28 14:37:11.482533, -1.82653808593750000000, nan
2023-01-28 14:37:11.582671, -1.84697723388671875000, nan
2023-01-28 14:37:11.582694, -1.85208892822265625000, nan
2023-01-28 14:37:11.681913, -1.87252807617187500000, nan
2023-01-28 14:37:11.681925, -1.88786315917968750000, nan
2023-01-28 14:37:11.786801, -1.88530731201171875000, nan
2023-01-28 14:37:11.786835, -1.87252807617187500000, nan
2023-01-28 14:37:11.882563, -1.87763977050781250000, nan
2023-01-28 14:37:11.882603, -1.88019561767578125000, nan
2023-01-28 14:37:11.983556, -1.93129730224609375000, nan
2023-01-28 14:37:11.983572, -1.99005889892578125000, nan
2023-01-28 14:37:12.081907, -2.01305389404296875000, nan
2023-01-28 14:37:12.081923, -2.01305389404296875000, nan
2023-01-28 14:37:12.182825, -1.99772644042968750000, nan
2023-01-28 14:37:12.182850, -1.98239898681640625000, nan
2023-01-28 14:37:12.282507, -1.96195220947265625000, nan
2023-01-28 14:37:12.282531, -1.93895721435546875000, nan
2023-01-28 14:37:12.381990, -1.91596221923828125000, nan
2023-01-28 14:37:12.382005, -1.91851806640625000000, nan
2023-01-28 14:37:12.482834, -1.91085815429687500000, nan
2023-01-28 14:37:12.482856, -1.89296722412109375000, nan
2023-01-28 14:37:12.582663, -1.86997222900390625000, nan
2023-01-28 14:37:12.582685, -1.88019561767578125000, nan
2023-01-28 14:37:12.682098, -1.90063476562500000000, nan
2023-01-28 14:37:12.682113, -1.93895721435546875000, nan
2023-01-28 14:37:12.782628, -2.00283813476562500000, nan
2023-01-28 14:37:12.782653, -2.00283813476562500000, nan
2023-01-28 14:37:12.882506, -1.98494720458984375000, nan
2023-01-28 14:37:12.882528, -1.95684814453125000000, nan
2023-01-28 14:37:12.985021, -1.91085815429687500000, nan
2023-01-28 14:37:12.985038, -1.88019561767578125000, nan
2023-01-28 14:37:13.082486, -1.81632232666015625000, nan
2023-01-28 14:37:13.082510, -1.77033233642578125000, nan
2023-01-28 14:37:13.183922, -1.71411895751953125000, nan
2023-01-28 14:37:13.183936, -1.60169982910156250000, nan
2023-01-28 14:37:13.285397, -1.49694824218750000000, nan
2023-01-28 14:37:13.285417, -1.30020904541015625000, nan
2023-01-28 14:37:13.382638, -1.16990661621093750000, nan
2023-01-28 14:37:13.382662, -0.93228912353515625000, nan
2023-01-28 14:37:13.481792, -0.78154754638671875000, nan
2023-01-28 14:37:13.481804, -0.54393005371093750000, nan
2023-01-28 14:37:13.582603, -0.33953094482421875000, nan
2023-01-28 14:37:13.582628, -0.00482177734375000000, nan
2023-01-28 14:37:13.683297, 0.22512817382812500000, nan
2023-01-28 14:37:13.683324, 0.50106811523437500000, nan
2023-01-28 14:37:13.783812, 0.63137054443359375000, nan
2023-01-28 14:37:13.783842, 0.80766296386718750000, nan
2023-01-28 14:37:13.883574, 0.90986633300781250000, nan
2023-01-28 14:37:13.883606, 0.97629547119140625000, nan
2023-01-28 14:37:13.983601, 0.96351623535156250000, nan
2023-01-28 14:37:13.983624, 0.86387634277343750000, nan
2023-01-28 14:37:14.084645, 0.75911712646484375000, nan
2023-01-28 14:37:14.084669, 0.58282470703125000000, nan
2023-01-28 14:37:14.183676, 0.37586975097656250000, nan
2023-01-28 14:37:14.183699, -0.04059600830078125000, nan
2023-01-28 14:37:14.283907, -0.27821350097656250000, nan
2023-01-28 14:37:14.283936, -0.54648590087890625000, nan
2023-01-28 14:37:14.383508, -0.68445587158203125000, nan
2023-01-28 14:37:14.383532, -0.85819244384765625000, nan
2023-01-28 14:37:14.483657, -0.97061157226562500000, nan
2023-01-28 14:37:14.483694, -1.11369323730468750000, nan
2023-01-28 14:37:14.587052, -1.19545745849609375000, nan
2023-01-28 14:37:14.587073, -1.32320404052734375000, nan
2023-01-28 14:37:14.683611, -1.40241241455078125000, 0.00000000000000000000
2023-01-28 14:37:14.683641, -1.47905731201171875000, nan
2023-01-28 14:37:14.784417, -1.52760314941406250000, nan
2023-01-28 14:37:14.784437, -1.61447906494140625000, nan
2023-01-28 14:37:14.883440, -1.66812896728515625000, nan
2023-01-28 14:37:14.883463, -1.78310394287109375000, nan
2023-01-28 14:37:14.983627, -1.84442901611328125000, nan
2023-01-28 14:37:14.983664, -1.86486816406250000000, nan
2023-01-28 14:37:15.083880, -1.87508392333984375000, nan
2023-01-28 14:37:15.083907, -1.87252807617187500000, nan
2023-01-28 14:37:15.183646, -1.86486816406250000000, nan
2023-01-28 14:37:15.183679, -1.85720062255859375000, nan
2023-01-28 14:37:15.284555, -1.84442901611328125000, nan
2023-01-28 14:37:15.284592, -1.83931732177734375000, nan
2023-01-28 14:37:15.386024, -1.83676147460937500000, nan
2023-01-28 14:37:15.386069, -1.82398223876953125000, nan
2023-01-28 14:37:15.483746, -1.81376647949218750000, nan
2023-01-28 14:37:15.483771, -1.81632232666015625000, nan
2023-01-28 14:37:15.583623, -1.81887817382812500000, nan
2023-01-28 14:37:15.583659, -1.86997222900390625000, nan
2023-01-28 14:37:15.683508, -1.92874145507812500000, nan
2023-01-28 14:37:15.683534, -1.95684814453125000000, nan
2023-01-28 14:37:15.783523, -1.95684814453125000000, nan
2023-01-28 14:37:15.783549, -1.93895721435546875000, nan
2023-01-28 14:37:15.883624, -1.91341400146484375000, nan
2023-01-28 14:37:15.883648, -1.85720062255859375000, nan
2023-01-28 14:37:15.983691, -1.81887817382812500000, nan
2023-01-28 14:37:15.983714, -1.76777648925781250000, nan
2023-01-28 14:37:16.083766, -1.73200225830078125000, nan
2023-01-28 14:37:16.083793, -1.64002227783203125000, nan
2023-01-28 14:37:16.184592, -1.55059814453125000000, nan
2023-01-28 14:37:16.186715, -1.36663818359375000000, nan
2023-01-28 14:37:16.283189, -1.23633575439453125000, nan
2023-01-28 14:37:16.283212, -1.02426910400390625000, nan
2023-01-28 14:37:16.384575, -0.89652252197265625000, nan
2023-01-28 14:37:16.384626, -0.67934417724609375000, nan
2023-01-28 14:37:16.483494, -0.48516845703125000000, nan
2023-01-28 14:37:16.483518, -0.13513183593750000000, nan
2023-01-28 14:37:16.587054, 0.17913818359375000000, nan
2023-01-28 14:37:16.587082, 0.73101806640625000000, nan
2023-01-28 14:37:16.687305, 1.10659790039062500000, nan
2023-01-28 14:37:16.687335, 1.62782287597656250000, nan
2023-01-28 14:37:16.786607, 1.91142272949218750000, nan
2023-01-28 14:37:16.786626, 2.29212188720703125000, nan
2023-01-28 14:37:16.888239, 2.52717590332031250000, nan
2023-01-28 14:37:16.888270, 2.83889007568359375000, nan
2023-01-28 14:37:16.988185, 3.02285003662109375000, nan
2023-01-28 14:37:16.988208, 3.26046752929687500000, nan
2023-01-28 14:37:17.086106, 3.31922912597656250000, nan
2023-01-28 14:37:17.086123, 3.31922912597656250000, nan
2023-01-28 14:37:17.186584, 3.36010742187500000000, nan
2023-01-28 14:37:17.186605, 3.46231079101562500000, nan
2023-01-28 14:37:17.286411, 3.55429077148437500000, nan
2023-01-28 14:37:17.286447, 3.60028076171875000000, nan
2023-01-28 14:37:17.386116, 3.53385162353515625000, nan
2023-01-28 14:37:17.386130, 3.36266326904296875000, nan
2023-01-28 14:37:17.486735, 3.19914245605468750000, nan
2023-01-28 14:37:17.486784, 2.87721252441406250000, nan
2023-01-28 14:37:17.586554, 2.67536926269531250000, nan
2023-01-28 14:37:17.586578, 2.37387847900390625000, nan
2023-01-28 14:37:17.686555, 2.12604522705078125000, nan
2023-01-28 14:37:17.686578, 1.75812530517578125000, nan
2023-01-28 14:37:17.786313, 1.46685791015625000000, nan
2023-01-28 14:37:17.786333, 0.92519378662109375000, nan
2023-01-28 14:37:17.886594, 0.63903808593750000000, nan
2023-01-28 14:37:17.886625, 0.31199645996093750000, nan
2023-01-28 14:37:17.987593, 0.08460235595703125000, nan
2023-01-28 14:37:17.987615, -0.21433258056640625000, nan
2023-01-28 14:37:18.086629, -0.37274169921875000000, nan
2023-01-28 14:37:18.086652, -0.58225250244140625000, nan
2023-01-28 14:37:18.186613, -0.71766662597656250000, nan
2023-01-28 14:37:18.186636, -0.89396667480468750000, nan
2023-01-28 14:37:18.289472, -0.96295166015625000000, nan
2023-01-28 14:37:18.289495, -1.05493164062500000000, nan
2023-01-28 14:37:18.386477, -1.13157653808593750000, nan
2023-01-28 14:37:18.386501, -1.25166320800781250000, nan
2023-01-28 14:37:18.486569, -1.35131072998046875000, nan
2023-01-28 14:37:18.486594, -1.54804229736328125000, nan
2023-01-28 14:37:18.586365, -1.64513397216796875000, nan
2023-01-28 14:37:18.586387, -1.72945404052734375000, nan
2023-01-28 14:37:18.686548, -1.76777648925781250000, nan
2023-01-28 14:37:18.686574, -1.79588317871093750000, nan
2023-01-28 14:37:18.787939, -1.80865478515625000000, nan
2023-01-28 14:37:18.787963, -1.82143402099609375000, nan
2023-01-28 14:37:18.886521, -1.82653808593750000000, nan
2023-01-28 14:37:18.886548, -1.84187316894531250000, nan
2023-01-28 14:37:18.987223, -1.84697723388671875000, nan
2023-01-28 14:37:18.987243, -1.83931732177734375000, nan
2023-01-28 14:37:19.086634, -1.83420562744140625000, nan
2023-01-28 14:37:19.086670, -1.85208892822265625000, nan
2023-01-28 14:37:19.186589, -1.85975646972656250000, nan
2023-01-28 14:37:19.186612, -1.92107391357421875000, nan
2023-01-28 14:37:19.286785, -1.96961975097656250000, nan
2023-01-28 14:37:19.286819, -1.97984313964843750000, nan
2023-01-28 14:37:19.386090, -1.97984313964843750000, nan
2023-01-28 14:37:19.386115, -1.96450805664062500000, nan
2023-01-28 14:37:19.487254, -1.94662475585937500000, nan
2023-01-28 14:37:19.487279, -1.92874145507812500000, nan
2023-01-28 14:37:19.588514, -1.91596221923828125000, nan
2023-01-28 14:37:19.588537, -1.91341400146484375000, nan
2023-01-28 14:37:19.687583, -1.91596221923828125000, nan
2023-01-28 14:37:19.687610, -1.89807891845703125000, nan
2023-01-28 14:37:19.787451, -1.88530731201171875000, nan
2023-01-28 14:37:19.787475, -1.87763977050781250000, nan
2023-01-28 14:37:19.887806, -1.88530731201171875000, nan
2023-01-28 14:37:19.887875, -1.91596221923828125000, nan
2023-01-28 14:37:19.987484, -1.95173645019531250000, nan
2023-01-28 14:37:19.987506, -1.96706390380859375000, nan
2023-01-28 14:37:20.088033, -1.93385314941406250000, nan
2023-01-28 14:37:20.088060, -1.86231231689453125000, nan
2023-01-28 14:37:20.187376, -1.80865478515625000000, nan
2023-01-28 14:37:20.187400, -1.70900726318359375000, nan
2023-01-28 14:37:20.287509, -1.62469482421875000000, nan
2023-01-28 14:37:20.287546, -1.51227569580078125000, nan
2023-01-28 14:37:20.386815, -1.45861816406250000000, nan
2023-01-28 14:37:20.386829, -1.36152648925781250000, nan
2023-01-28 14:37:20.487428, -1.27721405029296875000, nan
2023-01-28 14:37:20.487453, -1.17246246337890625000, nan
2023-01-28 14:37:20.587870, -1.12647247314453125000, nan
2023-01-28 14:37:20.587898, -1.05493164062500000000, nan
2023-01-28 14:37:20.687252, -1.05748748779296875000, nan
2023-01-28 14:37:20.687278, -1.07025909423828125000, nan
2023-01-28 14:37:20.787377, -1.01149749755859375000, nan
2023-01-28 14:37:20.787400, -0.91184997558593750000, nan
2023-01-28 14:37:20.888991, -0.84030914306640625000, nan
2023-01-28 14:37:20.889015, -0.72533416748046875000, nan
2023-01-28 14:37:20.987496, -0.65379333496093750000, nan
2023-01-28 14:37:20.987519, -0.54393005371093750000, nan
2023-01-28 14:37:21.088140, -0.46472167968750000000, nan
2023-01-28 14:37:21.088164, -0.24499511718750000000, nan
2023-01-28 14:37:21.187336, 0.02327728271484375000, nan
2023-01-28 14:37:21.187356, 0.44996643066406250000, nan
2023-01-28 14:37:21.288122, 0.65947723388671875000, nan
2023-01-28 14:37:21.288152, 0.96096801757812500000, nan
2023-01-28 14:37:21.386017, 1.11937713623046875000, nan
2023-01-28 14:37:21.386036, 1.31610870361328125000, nan
2023-01-28 14:37:21.484844, 1.46685791015625000000, nan
2023-01-28 14:37:21.484857, 1.70702362060546875000, nan
2023-01-28 14:37:21.586150, 1.88587188720703125000, nan
2023-01-28 14:37:21.586171, 2.08516693115234375000, nan
2023-01-28 14:37:21.685444, 2.19758605957031250000, nan
2023-01-28 14:37:21.685478, 2.40965270996093750000, nan
2023-01-28 14:37:21.785977, 2.53995513916015625000, nan
2023-01-28 14:37:21.786001, 2.72135925292968750000, nan
2023-01-28 14:37:21.886252, 2.83122253417968750000, nan
2023-01-28 14:37:21.886275, 2.87465667724609375000, nan
2023-01-28 14:37:21.986297, 2.79290008544921875000, nan
2023-01-28 14:37:21.986326, 2.59871673583984375000, nan
2023-01-28 14:37:22.085580, 2.36876678466796875000, nan
2023-01-28 14:37:22.085628, 1.99574279785156250000, nan
2023-01-28 14:37:22.185862, 1.83222198486328125000, nan
2023-01-28 14:37:22.185886, 1.58949279785156250000, nan
2023-01-28 14:37:22.285619, 1.45152282714843750000, nan
2023-01-28 14:37:22.285649, 1.23945617675781250000, nan
2023-01-28 14:37:22.387665, 1.05039215087890625000, nan
2023-01-28 14:37:22.387689, 0.78466796875000000000, nan
2023-01-28 14:37:22.485467, 0.61093139648437500000, nan
2023-01-28 14:37:22.485500, 0.33243560791015625000, nan
2023-01-28 14:37:22.585790, 0.11270141601562500000, nan
2023-01-28 14:37:22.585811, -0.22455596923828125000, nan
2023-01-28 14:37:22.685479, -0.40851593017578125000, nan
2023-01-28 14:37:22.685504, -0.65890502929687500000, nan
2023-01-28 14:37:22.785121, -0.85563659667968750000, nan
2023-01-28 14:37:22.785133, -1.14691162109375000000, nan
2023-01-28 14:37:22.887099, -1.24910736083984375000, nan
2023-01-28 14:37:22.887128, -1.33342742919921875000, nan
2023-01-28 14:37:22.985703, -1.38197326660156250000, nan
2023-01-28 14:37:22.985726, -1.46372985839843750000, nan
2023-01-28 14:37:23.085460, -1.51227569580078125000, nan
2023-01-28 14:37:23.085486, -1.57359313964843750000, nan
2023-01-28 14:37:23.185218, -1.60681152343750000000, nan
2023-01-28 14:37:23.185231, -1.63747406005859375000, nan
2023-01-28 14:37:23.286553, -1.64768981933593750000, nan
2023-01-28 14:37:23.286588, -1.67835235595703125000, nan
2023-01-28 14:37:23.386547, -1.73455810546875000000, nan
2023-01-28 14:37:23.386575, -1.80098724365234375000, nan
2023-01-28 14:37:23.486525, -1.85208892822265625000, nan
2023-01-28 14:37:23.486551, -1.92874145507812500000, nan
2023-01-28 14:37:23.588999, -1.93640899658203125000, nan
2023-01-28 14:37:23.589025, -1.93895721435546875000, nan
2023-01-28 14:37:23.686130, -1.93385314941406250000, nan
2023-01-28 14:37:23.686143, -1.93129730224609375000, nan
2023-01-28 14:37:23.786259, -1.93385314941406250000, nan
2023-01-28 14:37:23.786278, -1.92107391357421875000, nan
2023-01-28 14:37:23.886236, -1.91596221923828125000, nan
2023-01-28 14:37:23.886255, -1.91851806640625000000, nan
2023-01-28 14:37:23.986480, -1.91341400146484375000, nan
2023-01-28 14:37:23.986508, -1.90063476562500000000, nan
2023-01-28 14:37:24.085966, -1.89552307128906250000, nan
2023-01-28 14:37:24.085981, -1.89807891845703125000, nan
2023-01-28 14:37:24.186885, -1.92618560791015625000, nan
2023-01-28 14:37:24.186908, -1.98750305175781250000, nan
2023-01-28 14:37:24.286598, -1.99261474609375000000, nan
2023-01-28 14:37:24.286621, -1.96961975097656250000, nan
2023-01-28 14:37:24.386272, -1.94662475585937500000, nan
2023-01-28 14:37:24.386292, -1.92107391357421875000, nan
2023-01-28 14:37:24.486767, -1.91085815429687500000, nan
2023-01-28 14:37:24.486791, -1.86231231689453125000, nan
2023-01-28 14:37:24.586310, -1.81887817382812500000, nan
2023-01-28 14:37:24.586331, -1.75499725341796875000, nan
2023-01-28 14:37:24.686866, -1.69367980957031250000, 5.45950841903686523438
2023-01-28 14:37:24.686897, -1.55826568603515625000, nan
2023-01-28 14:37:24.786974, -1.44840240478515625000, nan
2023-01-28 14:37:24.786998, -1.30532073974609375000, nan
2023-01-28 14:37:24.886869, -1.22355651855468750000, nan
2023-01-28 14:37:24.886894, -1.14691162109375000000, nan
2023-01-28 14:37:24.988172, -1.12136077880859375000, nan
2023-01-28 14:37:24.988198, -1.02682495117187500000, nan
2023-01-28 14:37:25.086032, -0.92462158203125000000, nan
2023-01-28 14:37:25.086048, -0.77643585205078125000, nan
2023-01-28 14:37:25.187227, -0.68956756591796875000, nan
2023-01-28 14:37:25.187246, -0.56692504882812500000, nan
2023-01-28 14:37:25.286495, -0.45961761474609375000, nan
2023-01-28 14:37:25.286519, -0.25010681152343750000, nan
2023-01-28 14:37:25.386594, -0.11979675292968750000, nan
2023-01-28 14:37:25.386617, 0.14847564697265625000, nan
2023-01-28 14:37:25.485778, 0.34520721435546875000, nan
2023-01-28 14:37:25.485791, 0.52916717529296875000, nan
2023-01-28 14:37:25.585978, 0.58026885986328125000, nan
2023-01-28 14:37:25.585995, 0.58793640136718750000, nan
2023-01-28 14:37:25.686649, 0.48317718505859375000, nan
2023-01-28 14:37:25.686674, 0.26345062255859375000, nan
2023-01-28 14:37:25.787000, 0.16380310058593750000, nan
2023-01-28 14:37:25.787023, 0.00283813476562500000, nan
2023-01-28 14:37:25.886077, -0.08403015136718750000, nan
2023-01-28 14:37:25.886094, -0.20156097412109375000, nan
2023-01-28 14:37:25.986550, -0.31398010253906250000, nan
2023-01-28 14:37:25.986573, -0.48261260986328125000, nan
2023-01-28 14:37:26.086551, -0.58736419677734375000, nan
2023-01-28 14:37:26.086571, -0.75855255126953125000, nan
2023-01-28 14:37:26.186315, -0.87097167968750000000, nan
2023-01-28 14:37:26.186335, -0.98339080810546875000, nan
2023-01-28 14:37:26.286700, -1.05748748779296875000, nan
2023-01-28 14:37:26.286729, -1.19290161132812500000, nan
2023-01-28 14:37:26.386693, -1.26699829101562500000, nan
2023-01-28 14:37:26.386729, -1.45095825195312500000, nan
2023-01-28 14:37:26.486058, -1.57359313964843750000, nan
2023-01-28 14:37:26.486071, -1.65791320800781250000, nan
2023-01-28 14:37:26.586217, -1.69879150390625000000, nan
2023-01-28 14:37:26.586240, -1.74989318847656250000, nan
2023-01-28 14:37:26.686448, -1.77544403076171875000, nan
2023-01-28 14:37:26.686472, -1.81632232666015625000, nan
2023-01-28 14:37:26.787751, -1.82653808593750000000, nan
2023-01-28 14:37:26.787774, -1.85208892822265625000, nan
2023-01-28 14:37:26.886499, -1.87252807617187500000, nan
2023-01-28 14:37:26.886521, -1.88019561767578125000, nan
2023-01-28 14:37:26.986711, -1.87763977050781250000, nan
2023-01-28 14:37:26.986739, -1.88019561767578125000, nan
2023-01-28 14:37:27.088759, -1.89041900634765625000, nan
2023-01-28 14:37:27.088800, -1.92874145507812500000, nan
2023-01-28 14:37:27.186643, -1.97728729248046875000, nan
2023-01-28 14:37:27.186664, -2.02072143554687500000, nan
2023-01-28 14:37:27.287547, -2.02072143554687500000, nan
2023-01-28 14:37:27.287569, -2.00794219970703125000, nan
2023-01-28 14:37:27.387487, -1.99772644042968750000, nan
2023-01-28 14:37:27.387511, -1.97984313964843750000, nan
2023-01-28 14:37:27.487471, -1.94918060302734375000, nan
2023-01-28 14:37:27.487495, -1.87763977050781250000, nan
2023-01-28 14:37:27.587746, -1.85208892822265625000, nan
2023-01-28 14:37:27.587768, -1.83931732177734375000, nan
2023-01-28 14:37:27.687605, -1.83420562744140625000, nan
2023-01-28 14:37:27.687642, -1.81632232666015625000, nan
2023-01-28 14:37:27.787760, -1.81376647949218750000, nan
2023-01-28 14:37:27.787781, -1.81887817382812500000, nan
2023-01-28 14:37:27.887148, -1.83420562744140625000, nan
2023-01-28 14:37:27.887171, -1.89807891845703125000, nan
2023-01-28 14:37:27.988013, -1.92362976074218750000, nan
2023-01-28 14:37:27.988031, -1.89552307128906250000, nan
2023-01-28 14:37:28.087294, -1.86742401123046875000, nan
2023-01-28 14:37:28.087316, -1.82143402099609375000, nan
2023-01-28 14:37:28.187443, -1.79332733154296875000, nan
2023-01-28 14:37:28.187467, -1.72434234619140625000, nan
2023-01-28 14:37:28.287552, -1.66812896728515625000, nan
2023-01-28 14:37:28.287577, -1.57870483398437500000, nan
2023-01-28 14:37:28.388487, -1.50205230712890625000, nan
2023-01-28 14:37:28.388523, -1.35642242431640625000, nan
2023-01-28 14:37:28.487619, -1.24400329589843750000, nan
2023-01-28 14:37:28.487858, -1.07537078857421875000, nan
2023-01-28 14:37:28.587483, -0.95017242431640625000, nan
2023-01-28 14:37:28.587508, -0.81986999511718750000, nan
2023-01-28 14:37:28.687666, -0.77899169921875000000, nan
2023-01-28 14:37:28.687727, -0.67678833007812500000, nan
2023-01-28 14:37:28.786905, -0.58736419677734375000, nan
2023-01-28 14:37:28.786917, -0.45195007324218750000, nan
2023-01-28 14:37:28.888975, -0.35485839843750000000, nan
2023-01-28 14:37:28.889000, -0.18623352050781250000, nan
2023-01-28 14:37:28.987645, -0.02781677246093750000, nan
2023-01-28 14:37:28.987670, 0.28133392333984375000, nan
2023-01-28 14:37:29.087359, 0.47040557861328125000, nan
2023-01-28 14:37:29.087381, 0.73101806640625000000, nan
2023-01-28 14:37:29.187643, 0.94307708740234375000, nan
2023-01-28 14:37:29.187668, 1.27011871337890625000, nan
2023-01-28 14:37:29.287064, 1.47196197509765625000, nan
2023-01-28 14:37:29.287078, 1.75556945800781250000, nan
2023-01-28 14:37:29.387913, 1.83988189697265625000, nan
2023-01-28 14:37:29.387937, 1.83222198486328125000, nan
2023-01-28 14:37:29.487101, 1.81944274902343750000, nan
2023-01-28 14:37:29.487125, 1.67636108398437500000, nan
2023-01-28 14:37:29.586960, 1.51029205322265625000, nan
2023-01-28 14:37:29.586975, 1.20113372802734375000, nan
2023-01-28 14:37:29.688113, 0.97629547119140625000, nan
2023-01-28 14:37:29.688143, 0.67480468750000000000, nan
2023-01-28 14:37:29.788019, 0.49340057373046875000, nan
2023-01-28 14:37:29.788042, 0.18168640136718750000, nan
2023-01-28 14:37:29.887574, -0.02271270751953125000, nan
2023-01-28 14:37:29.887597, -0.25521850585937500000, nan
2023-01-28 14:37:29.987803, -0.40340423583984375000, nan
2023-01-28 14:37:29.987825, -0.61802673339843750000, nan
2023-01-28 14:37:30.087365, -0.76621246337890625000, nan
2023-01-28 14:37:30.087387, -1.03704833984375000000, nan
2023-01-28 14:37:30.187779, -1.16990661621093750000, nan
2023-01-28 14:37:30.187803, -1.27721405029296875000, nan
2023-01-28 14:37:30.287990, -1.32831573486328125000, nan
2023-01-28 14:37:30.288016, -1.41518402099609375000, nan
2023-01-28 14:37:30.387419, -1.47905731201171875000, nan
2023-01-28 14:37:30.387439, -1.56593322753906250000, nan
2023-01-28 14:37:30.489312, -1.61192321777343750000, nan
2023-01-28 14:37:30.489339, -1.67068481445312500000, nan
2023-01-28 14:37:30.588505, -1.71667480468750000000, nan
2023-01-28 14:37:30.588535, -1.76266479492187500000, nan
2023-01-28 14:37:30.687936, -1.78054809570312500000, nan
2023-01-28 14:37:30.687950, -1.81887817382812500000, nan
2023-01-28 14:37:30.788489, -1.83420562744140625000, nan
2023-01-28 14:37:30.788512, -1.91085815429687500000, nan
2023-01-28 14:37:30.887922, -1.96450805664062500000, nan
2023-01-28 14:37:30.887936, -1.97728729248046875000, nan
2023-01-28 14:37:30.990558, -1.98494720458984375000, nan
2023-01-28 14:37:30.990582, -1.97473144531250000000, nan
2023-01-28 14:37:31.088507, -1.96195220947265625000, nan
2023-01-28 14:37:31.088534, -1.94662475585937500000, nan
2023-01-28 14:37:31.188482, -1.93129730224609375000, nan
2023-01-28 14:37:31.188504, -1.92362976074218750000, nan
2023-01-28 14:37:31.288481, -1.92618560791015625000, nan
2023-01-28 14:37:31.288506, -1.91851806640625000000, nan
2023-01-28 14:37:31.388347, -1.90063476562500000000, nan
2023-01-28 14:37:31.388373, -1.89807891845703125000, nan
2023-01-28 14:37:31.488179, -1.91085815429687500000, nan
2023-01-28 14:37:31.488197, -1.94662475585937500000, nan
2023-01-28 14:37:31.588265, -1.99005889892578125000, nan
2023-01-28 14:37:31.588290, -2.02838897705078125000, nan
2023-01-28 14:37:31.688915, -2.02583312988281250000, nan
2023-01-28 14:37:31.688939, -2.00283813476562500000, nan
2023-01-28 14:37:31.788470, -1.97473144531250000000, nan
2023-01-28 14:37:31.788492, -1.91851806640625000000, nan
2023-01-28 14:37:31.889477, -1.86486816406250000000, nan
2023-01-28 14:37:31.889501, -1.76777648925781250000, nan
2023-01-28 14:37:31.988799, -1.70134735107421875000, nan
2023-01-28 14:37:31.988827, -1.60681152343750000000, nan
2023-01-28 14:37:32.088503, -1.53015899658203125000, nan
2023-01-28 14:37:32.088530, -1.37430572509765625000, nan
2023-01-28 14:37:32.188023, -1.28488159179687500000, nan
2023-01-28 14:37:32.188037, -1.15968322753906250000, nan
2023-01-28 14:37:32.289186, -1.11369323730468750000, nan
2023-01-28 14:37:32.289199, -1.02426910400390625000, nan
2023-01-28 14:37:32.388369, -0.90929412841796875000, nan
2023-01-28 14:37:32.388390, -0.74577331542968750000, nan
2023-01-28 14:37:32.488916, -0.63079833984375000000, nan
2023-01-28 14:37:32.488943, -0.45961761474609375000, nan
2023-01-28 14:37:32.588653, -0.33697509765625000000, nan
2023-01-28 14:37:32.588673, -0.01248931884765625000, nan
2023-01-28 14:37:32.688644, 0.32476806640625000000, nan
2023-01-28 14:37:32.688667, 0.89453125000000000000, nan
2023-01-28 14:37:32.788652, 1.21901702880859375000, nan
2023-01-28 14:37:32.788678, 1.57416534423828125000, nan
2023-01-28 14:37:32.888639, 1.72235107421875000000, nan
2023-01-28 14:37:32.888678, 1.85777282714843750000, nan
2023-01-28 14:37:32.987913, 1.85266113281250000000, nan
2023-01-28 14:37:32.987927, 1.78367614746093750000, nan
2023-01-28 14:37:33.088038, 1.80667114257812500000, nan
2023-01-28 14:37:33.088053, 1.82711029052734375000, nan
2023-01-28 14:37:33.188410, 1.80922698974609375000, nan
2023-01-28 14:37:33.188443, 1.72235107421875000000, nan
2023-01-28 14:37:33.288781, 1.63292694091796875000, nan
2023-01-28 14:37:33.288801, 1.52306365966796875000, nan
2023-01-28 14:37:33.387974, 1.45919036865234375000, nan
2023-01-28 14:37:33.387990, 1.34932708740234375000, nan
2023-01-28 14:37:33.488663, 1.27267456054687500000, nan
2023-01-28 14:37:33.488702, 1.13470458984375000000, nan
2023-01-28 14:37:33.587773, 1.00695800781250000000, nan
2023-01-28 14:37:33.587786, 0.80766296386718750000, nan
2023-01-28 14:37:33.688512, 0.62881469726562500000, nan
2023-01-28 14:37:33.688535, 0.28133392333984375000, nan
2023-01-28 14:37:33.788484, 0.08204650878906250000, nan
2023-01-28 14:37:33.788506, -0.15557098388671875000, nan
2023-01-28 14:37:33.888628, -0.28331756591796875000, nan
2023-01-28 14:37:33.888651, -0.46983337402343750000, nan
2023-01-28 14:37:33.989126, -0.61035919189453125000, nan
2023-01-28 14:37:33.989154, -0.78920745849609375000, nan
2023-01-28 14:37:34.089287, -0.89396667480468750000, nan
2023-01-28 14:37:34.089315, -1.08048248291015625000, nan
2023-01-28 14:37:34.188023, -1.18523406982421875000, nan
2023-01-28 14:37:34.188039, -1.29254150390625000000, nan
2023-01-28 14:37:34.288654, -1.37174987792968750000, nan
2023-01-28 14:37:34.288675, -1.47905731201171875000, nan
2023-01-28 14:37:34.388578, -1.56337738037109375000, nan
2023-01-28 14:37:34.388607, -1.73200225830078125000, nan
2023-01-28 14:37:34.488029, -1.79588317871093750000, nan
2023-01-28 14:37:34.488042, -1.82909393310546875000, nan
2023-01-28 14:37:34.588010, -1.84187316894531250000, nan
2023-01-28 14:37:34.588026, -1.85975646972656250000, nan
2023-01-28 14:37:34.688768, -1.87508392333984375000, 11.50306797027587890625
2023-01-28 14:37:34.688794, -1.88019561767578125000, nan
2023-01-28 14:37:34.788459, -1.88275146484375000000, nan
2023-01-28 14:37:34.788482, -1.89807891845703125000, nan
2023-01-28 14:37:34.889750, -1.90319061279296875000, nan
2023-01-28 14:37:34.889776, -1.89552307128906250000, nan
2023-01-28 14:37:34.988500, -1.88786315917968750000, nan
2023-01-28 14:37:34.988524, -1.90574645996093750000, nan
2023-01-28 14:37:35.089197, -1.91851806640625000000, nan
2023-01-28 14:37:35.089222, -1.97728729248046875000, nan
2023-01-28 14:37:35.189372, -2.01560974121093750000, nan
2023-01-28 14:37:35.189393, -2.01816558837890625000, nan
2023-01-28 14:37:35.289552, -2.02072143554687500000, nan
2023-01-28 14:37:35.289576, -2.00539398193359375000, nan
2023-01-28 14:37:35.384766, -1.99005889892578125000, nan
2023-01-28 14:37:35.384785, -1.97217559814453125000, nan
2023-01-28 14:37:35.484178, -1.95173645019531250000, nan
2023-01-28 14:37:35.484196, -1.93385314941406250000, nan
2023-01-28 14:37:35.587085, -1.93895721435546875000, nan
2023-01-28 14:37:35.587136, -1.93385314941406250000, nan
2023-01-28 14:37:35.684435, -1.92618560791015625000, nan
2023-01-28 14:37:35.684460, -1.91085815429687500000, nan
2023-01-28 14:37:35.786501, -1.91851806640625000000, nan
2023-01-28 14:37:35.786524, -1.93385314941406250000, nan
2023-01-28 14:37:35.884624, -1.96706390380859375000, nan
2023-01-28 14:37:35.884654, -2.01560974121093750000, nan
2023-01-28 14:37:35.984003, -2.00794219970703125000, nan
2023-01-28 14:37:35.984020, -1.98239898681640625000, nan
2023-01-28 14:37:36.084480, -1.95173645019531250000, nan
2023-01-28 14:37:36.084504, -1.90319061279296875000, nan
2023-01-28 14:37:36.184647, -1.86997222900390625000, nan
2023-01-28 14:37:36.184671, -1.81376647949218750000, nan
2023-01-28 14:37:36.284731, -1.78310394287109375000, nan
2023-01-28 14:37:36.284754, -1.72945404052734375000, nan
2023-01-28 14:37:36.384758, -1.67835235595703125000, nan
2023-01-28 14:37:36.384785, -1.59148406982421875000, nan
2023-01-28 14:37:36.484508, -1.53782653808593750000, nan
2023-01-28 14:37:36.484534, -1.49694824218750000000, nan
2023-01-28 14:37:36.585335, -1.49439239501953125000, nan
2023-01-28 14:37:36.585365, -1.56593322753906250000, nan
2023-01-28 14:37:36.684486, -1.60936737060546875000, nan
2023-01-28 14:37:36.684512, -1.62213897705078125000, nan
2023-01-28 14:37:36.785083, -1.63747406005859375000, nan
2023-01-28 14:37:36.785106, -1.64513397216796875000, nan
2023-01-28 14:37:36.884462, -1.65791320800781250000, nan
2023-01-28 14:37:36.884484, -1.67835235595703125000, nan
2023-01-28 14:37:36.984835, -1.68346405029296875000, nan
2023-01-28 14:37:36.984859, -1.73711395263671875000, nan
2023-01-28 14:37:37.084731, -1.77799224853515625000, nan
2023-01-28 14:37:37.084759, -1.79843902587890625000, nan
2023-01-28 14:37:37.184741, -1.79843902587890625000, nan
2023-01-28 14:37:37.184763, -1.81121063232421875000, nan
2023-01-28 14:37:37.284543, -1.82143402099609375000, nan
2023-01-28 14:37:37.284566, -1.87763977050781250000, nan
2023-01-28 14:37:37.387878, -1.93895721435546875000, nan
2023-01-28 14:37:37.387899, -1.97728729248046875000, nan
2023-01-28 14:37:37.484535, -1.97728729248046875000, nan
2023-01-28 14:37:37.484563, -1.96706390380859375000, nan
2023-01-28 14:37:37.583847, -1.95684814453125000000, nan
2023-01-28 14:37:37.583885, -1.93895721435546875000, nan
2023-01-28 14:37:37.683814, -1.91596221923828125000, nan
2023-01-28 14:37:37.683829, -1.89296722412109375000, nan
2023-01-28 14:37:37.784717, -1.89296722412109375000, nan
2023-01-28 14:37:37.784738, -1.88530731201171875000, nan
2023-01-28 14:37:37.886705, -1.87252807617187500000, nan
2023-01-28 14:37:37.886729, -1.84697723388671875000, nan
2023-01-28 14:37:37.983996, -1.85464477539062500000, nan
2023-01-28 14:37:37.984031, -1.86742401123046875000, nan
2023-01-28 14:37:38.084503, -1.90319061279296875000, nan
2023-01-28 14:37:38.084528, -1.97217559814453125000, nan
2023-01-28 14:37:38.184856, -1.96450805664062500000, nan
2023-01-28 14:37:38.184876, -1.93895721435546875000, nan
2023-01-28 14:37:38.284146, -1.90063476562500000000, nan
2023-01-28 14:37:38.284162, -1.82909393310546875000, nan
2023-01-28 14:37:38.386226, -1.77033233642578125000, nan
2023-01-28 14:37:38.386449, -1.63491821289062500000, nan
2023-01-28 14:37:38.484094, -1.53271484375000000000, nan
2023-01-28 14:37:38.484109, -1.36919403076171875000, nan
2023-01-28 14:37:38.586623, -1.24655151367187500000, nan
2023-01-28 14:37:38.586655, -1.02682495117187500000, nan
2023-01-28 14:37:38.684484, -0.86074829101562500000, nan
2023-01-28 14:37:38.684509, -0.63591003417968750000, nan
2023-01-28 14:37:38.787485, -0.48516845703125000000, nan
2023-01-28 14:37:38.787508, -0.31909179687500000000, nan
2023-01-28 14:37:38.884712, -0.18623352050781250000, nan
2023-01-28 14:37:38.884741, 0.14847564697265625000, nan
2023-01-28 14:37:38.983780, 0.37075805664062500000, nan
2023-01-28 14:37:38.983792, 0.65692138671875000000, nan
2023-01-28 14:37:39.085582, 0.83832550048828125000, nan
2023-01-28 14:37:39.085607, 1.11426544189453125000, nan
2023-01-28 14:37:39.186453, 1.29822540283203125000, nan
2023-01-28 14:37:39.186474, 1.54094696044921875000, nan
2023-01-28 14:37:39.285788, 1.68658447265625000000, nan
2023-01-28 14:37:39.285812, 1.93441772460937500000, nan
2023-01-28 14:37:39.385993, 2.10816192626953125000, nan
2023-01-28 14:37:39.386023, 2.35599517822265625000, nan
2023-01-28 14:37:39.485712, 2.52207183837890625000, nan
2023-01-28 14:37:39.485741, 2.56295013427734375000, nan
2023-01-28 14:37:39.585845, 2.50163269042968750000, nan
2023-01-28 14:37:39.585879, 2.53739929199218750000, nan
2023-01-28 14:37:39.685632, 2.60638427734375000000, nan
2023-01-28 14:37:39.685657, 2.68559265136718750000, nan
2023-01-28 14:37:39.785759, 2.67536926269531250000, nan
2023-01-28 14:37:39.785783, 2.50673675537109375000, nan
2023-01-28 14:37:39.885594, 2.35343933105468750000, nan
2023-01-28 14:37:39.885624, 2.12093353271484375000, nan
2023-01-28 14:37:39.987968, 1.94719696044921875000, nan
2023-01-28 14:37:39.988000, 1.69169616699218750000, nan
2023-01-28 14:37:40.085375, 1.52050781250000000000, nan
2023-01-28 14:37:40.085397, 1.21135711669921875000, nan
2023-01-28 14:37:40.188155, 0.96351623535156250000, nan
2023-01-28 14:37:40.188178, 0.46273803710937500000, nan
2023-01-28 14:37:40.285641, 0.05393981933593750000, nan
2023-01-28 14:37:40.285677, -0.41618347167968750000, nan
2023-01-28 14:37:40.385430, -0.59758758544921875000, nan
2023-01-28 14:37:40.385455, -0.81475830078125000000, nan
2023-01-28 14:37:40.485654, -0.94506835937500000000, nan
2023-01-28 14:37:40.485668, -1.13157653808593750000, nan
2023-01-28 14:37:40.585446, -1.22611236572265625000, nan
2023-01-28 14:37:40.585522, -1.33342742919921875000, nan
2023-01-28 14:37:40.685587, -1.40751647949218750000, nan
2023-01-28 14:37:40.685616, -1.47905731201171875000, nan
2023-01-28 14:37:40.784835, -1.50205230712890625000, nan
2023-01-28 14:37:40.784856, -1.57614898681640625000, nan
2023-01-28 14:37:40.886595, -1.63236236572265625000, nan
2023-01-28 14:37:40.886619, -1.72434234619140625000, nan
2023-01-28 14:37:40.986467, -1.79843902587890625000, nan
2023-01-28 14:37:40.986488, -1.85720062255859375000, nan
2023-01-28 14:37:41.086760, -1.86486816406250000000, nan
2023-01-28 14:37:41.086791, -1.87763977050781250000, nan
2023-01-28 14:37:41.186749, -1.88275146484375000000, nan
2023-01-28 14:37:41.186777, -1.88530731201171875000, nan
2023-01-28 14:37:41.286691, -1.87763977050781250000, nan
2023-01-28 14:37:41.286720, -1.85720062255859375000, nan
2023-01-28 14:37:41.386418, -1.85208892822265625000, nan
2023-01-28 14:37:41.386446, -1.86231231689453125000, nan
2023-01-28 14:37:41.486585, -1.85720062255859375000, nan
2023-01-28 14:37:41.486615, -1.84697723388671875000, nan
2023-01-28 14:37:41.586434, -1.86231231689453125000, nan
2023-01-28 14:37:41.586456, -1.87508392333984375000, nan
2023-01-28 14:37:41.686582, -1.91085815429687500000, nan
2023-01-28 14:37:41.686612, -1.98750305175781250000, nan
2023-01-28 14:37:41.787633, -1.99261474609375000000, nan
2023-01-28 14:37:41.787654, -1.97984313964843750000, nan
2023-01-28 14:37:41.886660, -1.96961975097656250000, nan
2023-01-28 14:37:41.886696, -1.95684814453125000000, nan
2023-01-28 14:37:41.986785, -1.94406890869140625000, nan
2023-01-28 14:37:41.986804, -1.91341400146484375000, nan
2023-01-28 14:37:42.088674, -1.89807891845703125000, nan
2023-01-28 14:37:42.088712, -1.90319061279296875000, nan
2023-01-28 14:37:42.186728, -1.91085815429687500000, nan
2023-01-28 14:37:42.186751, -1.89296722412109375000, nan
2023-01-28 14:37:42.286674, -1.86997222900390625000, nan
2023-01-28 14:37:42.286703, -1.87508392333984375000, nan
2023-01-28 14:37:42.386600, -1.88019561767578125000, nan
2023-01-28 14:37:42.386621, -1.92874145507812500000, nan
2023-01-28 14:37:42.486523, -1.96450805664062500000, nan
2023-01-28 14:37:42.486549, -1.93640899658203125000, nan
2023-01-28 14:37:42.586902, -1.90574645996093750000, nan
2023-01-28 14:37:42.586926, -1.83164978027343750000, nan
2023-01-28 14:37:42.685881, -1.76777648925781250000, nan
2023-01-28 14:37:42.685925, -1.66301727294921875000, nan
2023-01-28 14:37:42.785993, -1.57359313964843750000, nan
2023-01-28 14:37:42.786007, -1.43051147460937500000, nan
2023-01-28 14:37:42.886202, -1.34364318847656250000, nan
2023-01-28 14:37:42.886224, -1.19034576416015625000, nan
2023-01-28 14:37:42.986866, -1.06004333496093750000, nan
2023-01-28 14:37:42.986885, -0.83519744873046875000, nan
2023-01-28 14:37:43.086533, -0.69722747802734375000, nan
2023-01-28 14:37:43.086552, -0.51837921142578125000, nan
2023-01-28 14:37:43.186261, -0.41362762451171875000, nan
2023-01-28 14:37:43.186275, -0.21688842773437500000, nan
2023-01-28 14:37:43.286502, -0.03548431396484375000, nan
2023-01-28 14:37:43.286529, 0.26345062255859375000, nan
2023-01-28 14:37:43.385838, 0.44741058349609375000, nan
2023-01-28 14:37:43.385850, 0.66203308105468750000, nan
2023-01-28 14:37:43.486407, 0.78977966308593750000, nan
2023-01-28 14:37:43.486430, 1.00695800781250000000, nan
2023-01-28 14:37:43.586988, 1.16536712646484375000, nan
2023-01-28 14:37:43.587012, 1.42086791992187500000, nan
2023-01-28 14:37:43.686711, 1.66103363037109375000, nan
2023-01-28 14:37:43.686747, 2.08261108398437500000, nan
2023-01-28 14:37:43.786727, 2.35343933105468750000, nan
2023-01-28 14:37:43.786749, 2.74946594238281250000, nan
2023-01-28 14:37:43.886456, 2.93598175048828125000, nan
2023-01-28 14:37:43.886481, 3.14293670654296875000, nan
2023-01-28 14:37:43.986475, 3.32178497314453125000, nan
2023-01-28 14:37:43.986498, 3.64882659912109375000, nan
2023-01-28 14:37:44.086557, 3.88899230957031250000, nan
2023-01-28 14:37:44.086582, 4.24669647216796875000, nan
2023-01-28 14:37:44.186621, 4.42298889160156250000, nan
2023-01-28 14:37:44.186656, 4.60950469970703125000, nan
2023-01-28 14:37:44.286552, 4.71681213378906250000, nan
2023-01-28 14:37:44.286582, 4.83178710937500000000, nan
2023-01-28 14:37:44.388109, 4.88544464111328125000, nan
2023-01-28 14:37:44.388129, 4.88288879394531250000, nan
2023-01-28 14:37:44.486387, 4.83434295654296875000, nan
2023-01-28 14:37:44.486412, 4.70915222167968750000, nan
2023-01-28 14:37:44.586142, 4.57628631591796875000, nan
2023-01-28 14:37:44.586161, 4.17771148681640625000, nan
2023-01-28 14:37:44.686500, 3.85066986083984375000, 11.07828617095947265625
2023-01-28 14:37:44.686531, 3.45719909667968750000, nan
2023-01-28 14:37:44.787306, 3.21702575683593750000, nan
2023-01-28 14:37:44.787326, 2.86188507080078125000, nan
2023-01-28 14:37:44.885908, 2.60127258300781250000, nan
2023-01-28 14:37:44.885922, 2.20014190673828125000, nan
2023-01-28 14:37:44.986195, 1.93952941894531250000, nan
2023-01-28 14:37:44.986218, 1.53073120117187500000, nan
2023-01-28 14:37:45.085902, 1.27778625488281250000, nan
2023-01-28 14:37:45.085920, 0.93541717529296875000, nan
2023-01-28 14:37:45.186164, 0.72335052490234375000, nan
2023-01-28 14:37:45.186188, 0.40908813476562500000, nan
2023-01-28 14:37:45.286791, 0.15869140625000000000, nan
2023-01-28 14:37:45.286816, -0.27821350097656250000, nan
2023-01-28 14:37:45.386608, -0.51582336425781250000, nan
2023-01-28 14:37:45.386633, -0.74066162109375000000, nan
2023-01-28 14:37:45.486709, -0.86585998535156250000, nan
2023-01-28 14:37:45.486744, -1.00638580322265625000, nan
2023-01-28 14:37:45.586229, -1.09069824218750000000, nan
2023-01-28 14:37:45.586251, -1.20822906494140625000, nan
2023-01-28 14:37:45.687504, -1.25677490234375000000, nan
2023-01-28 14:37:45.687529, -1.31553649902343750000, nan
2023-01-28 14:37:45.786457, -1.37941741943359375000, nan
2023-01-28 14:37:45.786480, -1.46117401123046875000, nan
2023-01-28 14:37:45.886649, -1.49949645996093750000, nan
2023-01-28 14:37:45.886725, -1.56082153320312500000, nan
2023-01-28 14:37:45.986450, -1.60681152343750000000, nan
2023-01-28 14:37:45.986471, -1.69623565673828125000, nan
2023-01-28 14:37:46.086084, -1.77288818359375000000, nan
2023-01-28 14:37:46.086096, -1.84187316894531250000, nan
2023-01-28 14:37:46.187165, -1.85208892822265625000, nan
2023-01-28 14:37:46.187188, -1.86486816406250000000, nan
2023-01-28 14:37:46.286101, -1.86486816406250000000, nan
2023-01-28 14:37:46.286115, -1.86231231689453125000, nan
2023-01-28 14:37:46.386699, -1.85720062255859375000, nan
2023-01-28 14:37:46.387175, -1.84953308105468750000, nan
2023-01-28 14:37:46.486724, -1.85208892822265625000, nan
2023-01-28 14:37:46.486753, -1.86231231689453125000, nan
2023-01-28 14:37:46.586514, -1.85720062255859375000, nan
2023-01-28 14:37:46.586545, -1.84187316894531250000, nan
2023-01-28 14:37:46.687464, -1.83420562744140625000, nan
2023-01-28 14:37:46.687496, -1.84953308105468750000, nan
2023-01-28 14:37:46.786630, -1.87763977050781250000, nan
2023-01-28 14:37:46.786665, -1.93895721435546875000, nan
2023-01-28 14:37:46.888327, -1.97217559814453125000, nan
2023-01-28 14:37:46.888358, -1.97473144531250000000, nan
2023-01-28 14:37:46.987761, -1.96706390380859375000, nan
2023-01-28 14:37:46.987781, -1.94662475585937500000, nan
2023-01-28 14:37:47.087486, -1.93129730224609375000, nan
2023-01-28 14:37:47.087507, -1.89807891845703125000, nan
2023-01-28 14:37:47.187542, -1.87252807617187500000, nan
2023-01-28 14:37:47.187566, -1.85208892822265625000, nan
2023-01-28 14:37:47.287538, -1.84953308105468750000, nan
2023-01-28 14:37:47.287562, -1.82653808593750000000, nan
2023-01-28 14:37:47.387532, -1.80354309082031250000, nan
2023-01-28 14:37:47.387555, -1.77799224853515625000, nan
2023-01-28 14:37:47.487785, -1.77544403076171875000, nan
2023-01-28 14:37:47.487816, -1.79077148437500000000, nan
2023-01-28 14:37:47.587589, -1.82398223876953125000, nan
2023-01-28 14:37:47.587610, -1.85208892822265625000, nan
2023-01-28 14:37:47.687618, -1.83420562744140625000, nan
2023-01-28 14:37:47.687670, -1.79077148437500000000, nan
2023-01-28 14:37:47.787204, -1.73711395263671875000, nan
2023-01-28 14:37:47.787230, -1.66557312011718750000, nan
2023-01-28 14:37:47.887541, -1.62469482421875000000, nan
2023-01-28 14:37:47.887567, -1.54804229736328125000, nan
2023-01-28 14:37:47.987429, -1.53527069091796875000, nan
2023-01-28 14:37:47.987450, -1.57103729248046875000, nan
2023-01-28 14:37:48.087398, -1.58637237548828125000, nan
2023-01-28 14:37:48.087420, -1.59403228759765625000, nan
2023-01-28 14:37:48.187316, -1.60936737060546875000, nan
2023-01-28 14:37:48.187336, -1.63747406005859375000, nan
2023-01-28 14:37:48.289092, -1.69879150390625000000, nan
2023-01-28 14:37:48.289122, -1.81632232666015625000, nan
2023-01-28 14:37:48.387362, -1.85208892822265625000, nan
2023-01-28 14:37:48.387384, -1.86742401123046875000, nan
2023-01-28 14:37:48.487478, -1.86231231689453125000, nan
2023-01-28 14:37:48.487502, -1.84442901611328125000, nan
2023-01-28 14:37:48.587314, -1.83164978027343750000, nan
2023-01-28 14:37:48.587334, -1.80609893798828125000, nan
2023-01-28 14:37:48.687488, -1.79843902587890625000, nan
2023-01-28 14:37:48.687511, -1.80098724365234375000, nan
2023-01-28 14:37:48.788323, -1.80098724365234375000, nan
2023-01-28 14:37:48.788347, -1.78565979003906250000, nan
2023-01-28 14:37:48.887525, -1.76777648925781250000, nan
2023-01-28 14:37:48.887550, -1.77799224853515625000, nan
2023-01-28 14:37:48.988277, -1.78821563720703125000, nan
2023-01-28 14:37:48.988306, -1.85464477539062500000, nan
2023-01-28 14:37:49.087921, -1.91341400146484375000, nan
2023-01-28 14:37:49.087950, -1.92107391357421875000, nan
2023-01-28 14:37:49.187140, -1.92107391357421875000, nan
2023-01-28 14:37:49.187156, -1.90319061279296875000, nan
2023-01-28 14:37:49.286912, -1.88019561767578125000, nan
2023-01-28 14:37:49.286924, -1.84697723388671875000, nan
2023-01-28 14:37:49.386761, -1.82143402099609375000, nan
2023-01-28 14:37:49.386774, -1.81121063232421875000, nan
2023-01-28 14:37:49.487044, -1.81376647949218750000, nan
2023-01-28 14:37:49.487070, -1.80865478515625000000, nan
2023-01-28 14:37:49.589156, -1.79588317871093750000, nan
2023-01-28 14:37:49.589181, -1.79077148437500000000, nan
2023-01-28 14:37:49.687488, -1.79588317871093750000, nan
2023-01-28 14:37:49.687516, -1.84187316894531250000, nan
2023-01-28 14:37:49.787401, -1.89552307128906250000, nan
2023-01-28 14:37:49.787426, -1.92874145507812500000, nan
2023-01-28 14:37:49.887509, -1.92874145507812500000, nan
2023-01-28 14:37:49.887529, -1.91085815429687500000, nan
2023-01-28 14:37:49.987508, -1.88786315917968750000, nan
2023-01-28 14:37:49.987533, -1.85464477539062500000, nan
2023-01-28 14:37:50.088594, -1.82653808593750000000, nan
2023-01-28 14:37:50.088617, -1.79588317871093750000, nan
2023-01-28 14:37:50.187426, -1.79077148437500000000, nan
2023-01-28 14:37:50.187449, -1.78310394287109375000, nan
2023-01-28 14:37:50.287506, -1.76010894775390625000, nan
2023-01-28 14:37:50.287530, -1.72689819335937500000, nan
2023-01-28 14:37:50.387393, -1.73711395263671875000, nan
2023-01-28 14:37:50.387493, -1.76522064208984375000, nan
2023-01-28 14:37:50.487201, -1.81376647949218750000, nan
2023-01-28 14:37:50.487216, -1.88275146484375000000, nan
2023-01-28 14:37:50.588250, -1.88786315917968750000, nan
2023-01-28 14:37:50.588291, -1.88019561767578125000, nan
2023-01-28 14:37:50.687515, -1.85975646972656250000, nan
2023-01-28 14:37:50.687539, -1.82909393310546875000, nan
2023-01-28 14:37:50.788216, -1.80609893798828125000, nan
2023-01-28 14:37:50.788244, -1.78054809570312500000, nan
2023-01-28 14:37:50.889408, -1.77799224853515625000, nan
2023-01-28 14:37:50.889432, -1.77544403076171875000, nan
2023-01-28 14:37:50.988055, -1.76777648925781250000, nan
2023-01-28 14:37:50.988073, -1.74733734130859375000, nan
2023-01-28 14:37:51.088670, -1.75755310058593750000, nan
2023-01-28 14:37:51.088693, -1.77799224853515625000, nan
2023-01-28 14:37:51.188323, -1.81376647949218750000, nan
2023-01-28 14:37:51.188347, -1.88786315917968750000, nan
2023-01-28 14:37:51.289545, -1.88530731201171875000, nan
2023-01-28 14:37:51.289573, -1.83164978027343750000, nan
2023-01-28 14:37:51.388641, -1.75755310058593750000, nan
2023-01-28 14:37:51.388663, -1.59148406982421875000, nan
2023-01-28 14:37:51.488477, -1.45861816406250000000, nan
2023-01-28 14:37:51.488537, -1.24144744873046875000, nan
2023-01-28 14:37:51.588548, -1.09325408935546875000, nan
2023-01-28 14:37:51.588578, -0.81731414794921875000, nan
2023-01-28 14:37:51.688558, -0.62313842773437500000, nan
2023-01-28 14:37:51.688585, -0.32420349121093750000, nan
2023-01-28 14:37:51.788432, -0.09935760498046875000, nan
2023-01-28 14:37:51.788456, 0.23278808593750000000, nan
2023-01-28 14:37:51.889050, 0.40908813476562500000, nan
2023-01-28 14:37:51.889074, 0.57260131835937500000, nan
2023-01-28 14:37:51.988416, 0.69013214111328125000, nan
2023-01-28 14:37:51.988439, 0.95585632324218750000, nan
2023-01-28 14:37:52.088532, 1.14492797851562500000, nan
2023-01-28 14:37:52.088556, 1.40042114257812500000, nan
2023-01-28 14:37:52.189523, 1.53839111328125000000, nan
2023-01-28 14:37:52.189546, 1.70957946777343750000, nan
2023-01-28 14:37:52.288501, 1.83222198486328125000, nan
2023-01-28 14:37:52.288525, 1.98040771484375000000, nan
2023-01-28 14:37:52.388483, 2.04173278808593750000, nan
2023-01-28 14:37:52.388504, 2.12093353271484375000, nan
2023-01-28 14:37:52.488693, 2.14648437500000000000, nan
2023-01-28 14:37:52.488725, 2.10049438476562500000, nan
2023-01-28 14:37:52.588244, 2.01107025146484375000, nan
2023-01-28 14:37:52.588267, 1.69425201416015625000, nan
2023-01-28 14:37:52.690485, 1.45663452148437500000, nan
2023-01-28 14:37:52.690514, 1.19602203369140625000, nan
2023-01-28 14:37:52.788444, 1.01461791992187500000, nan
2023-01-28 14:37:52.788466, 0.77955627441406250000, nan
2023-01-28 14:37:52.889576, 0.61093139648437500000, nan
2023-01-28 14:37:52.889603, 0.29666137695312500000, nan
2023-01-28 14:37:52.988448, 0.06926727294921875000, nan
2023-01-28 14:37:52.988469, -0.26543426513671875000, nan
2023-01-28 14:37:53.088469, -0.44683837890625000000, nan
2023-01-28 14:37:53.088490, -0.62313842773437500000, nan
2023-01-28 14:37:53.187641, -0.72789001464843750000, nan
2023-01-28 14:37:53.187648, -0.92462158203125000000, nan
2023-01-28 14:37:53.287946, -1.04215240478515625000, nan
2023-01-28 14:37:53.287954, -1.23633575439453125000, nan
2023-01-28 14:37:53.388431, -1.36919403076171875000, nan
2023-01-28 14:37:53.388453, -1.47650146484375000000, nan
2023-01-28 14:37:53.489776, -1.52504730224609375000, nan
2023-01-28 14:37:53.489801, -1.59148406982421875000, nan
2023-01-28 14:37:53.588827, -1.62469482421875000000, nan
2023-01-28 14:37:53.588849, -1.67579650878906250000, nan
2023-01-28 14:37:53.688797, -1.69112396240234375000, nan
2023-01-28 14:37:53.688825, -1.72434234619140625000, nan
2023-01-28 14:37:53.788265, -1.75499725341796875000, nan
2023-01-28 14:37:53.788292, -1.76522064208984375000, nan
2023-01-28 14:37:53.888891, -1.76010894775390625000, nan
2023-01-28 14:37:53.888905, -1.77544403076171875000, nan
2023-01-28 14:37:53.989614, -1.78821563720703125000, nan
2023-01-28 14:37:53.989638, -1.84697723388671875000, nan
2023-01-28 14:37:54.089496, -1.90319061279296875000, nan
2023-01-28 14:37:54.089525, -1.93385314941406250000, nan
2023-01-28 14:37:54.189464, -1.93895721435546875000, nan
2023-01-28 14:37:54.189491, -1.93640899658203125000, nan
2023-01-28 14:37:54.289905, -1.92362976074218750000, nan
2023-01-28 14:37:54.289932, -1.90830230712890625000, nan
2023-01-28 14:37:54.389448, -1.89041900634765625000, nan
2023-01-28 14:37:54.389473, -1.84953308105468750000, nan
2023-01-28 14:37:54.488792, -1.82653808593750000000, nan
2023-01-28 14:37:54.488805, -1.80609893798828125000, nan
2023-01-28 14:37:54.589436, -1.80098724365234375000, nan
2023-01-28 14:37:54.589464, -1.78565979003906250000, nan
2023-01-28 14:37:54.689394, -1.78821563720703125000, 10.39861297607421875000
2023-01-28 14:37:54.689419, -1.80609893798828125000, nan
2023-01-28 14:37:54.790686, -1.85464477539062500000, nan
2023-01-28 14:37:54.790710, -1.93895721435546875000, nan
2023-01-28 14:37:54.888857, -1.95173645019531250000, nan
2023-01-28 14:37:54.888870, -1.95940399169921875000, nan
2023-01-28 14:37:54.990185, -1.95429229736328125000, nan
2023-01-28 14:37:54.990210, -1.92618560791015625000, nan
2023-01-28 14:37:55.089378, -1.91851806640625000000, nan
2023-01-28 14:37:55.089398, -1.89296722412109375000, nan
2023-01-28 14:37:55.189836, -1.88275146484375000000, nan
2023-01-28 14:37:55.189859, -1.88019561767578125000, nan
2023-01-28 14:37:55.289738, -1.86742401123046875000, nan
2023-01-28 14:37:55.289766, -1.83931732177734375000, nan
2023-01-28 14:37:55.389366, -1.81632232666015625000, nan
2023-01-28 14:37:55.389390, -1.81121063232421875000, nan
2023-01-28 14:37:55.489428, -1.80609893798828125000, nan
2023-01-28 14:37:55.489451, -1.84697723388671875000, nan
2023-01-28 14:37:55.589681, -1.90063476562500000000, nan
2023-01-28 14:37:55.589705, -1.92107391357421875000, nan
2023-01-28 14:37:55.689134, -1.92362976074218750000, nan
2023-01-28 14:37:55.689146, -1.90574645996093750000, nan
2023-01-28 14:37:55.789602, -1.88786315917968750000, nan
2023-01-28 14:37:55.789627, -1.85975646972656250000, nan
2023-01-28 14:37:55.889452, -1.83676147460937500000, nan
2023-01-28 14:37:55.889474, -1.81376647949218750000, nan
2023-01-28 14:37:55.989462, -1.80865478515625000000, nan
2023-01-28 14:37:55.989486, -1.79332733154296875000, nan
2023-01-28 14:37:56.090113, -1.76777648925781250000, nan
2023-01-28 14:37:56.090136, -1.71156311035156250000, nan
2023-01-28 14:37:56.189459, -1.68601226806640625000, nan
2023-01-28 14:37:56.189483, -1.66812896728515625000, nan
2023-01-28 14:37:56.289586, -1.70134735107421875000, nan
2023-01-28 14:37:56.289613, -1.74989318847656250000, nan
2023-01-28 14:37:56.389395, -1.71411895751953125000, nan
2023-01-28 14:37:56.389417, -1.65280151367187500000, nan
2023-01-28 14:37:56.489565, -1.59914398193359375000, nan
2023-01-28 14:37:56.489588, -1.52760314941406250000, nan
2023-01-28 14:37:56.590462, -1.49439239501953125000, nan
2023-01-28 14:37:56.590487, -1.41773986816406250000, nan
2023-01-28 14:37:56.689603, -1.37686157226562500000, nan
2023-01-28 14:37:56.689631, -1.35642242431640625000, nan
2023-01-28 14:37:56.789454, -1.35386657714843750000, nan
2023-01-28 14:37:56.789480, -1.37174987792968750000, nan
2023-01-28 14:37:56.889574, -1.40241241455078125000, nan
2023-01-28 14:37:56.889605, -1.46628570556640625000, nan
2023-01-28 14:37:56.989454, -1.51994323730468750000, nan
2023-01-28 14:37:56.989481, -1.66812896728515625000, nan
2023-01-28 14:37:57.089953, -1.75499725341796875000, nan
2023-01-28 14:37:57.089984, -1.79843902587890625000, nan
2023-01-28 14:37:57.189721, -1.81887817382812500000, nan
2023-01-28 14:37:57.189751, -1.83676147460937500000, nan
2023-01-28 14:37:57.290005, -1.83931732177734375000, nan
2023-01-28 14:37:57.290027, -1.83676147460937500000, nan
2023-01-28 14:37:57.389435, -1.82653808593750000000, nan
2023-01-28 14:37:57.389447, -1.82143402099609375000, nan
2023-01-28 14:37:57.489048, -1.82398223876953125000, nan
2023-01-28 14:37:57.489064, -1.81121063232421875000, nan
2023-01-28 14:37:57.589355, -1.79588317871093750000, nan
2023-01-28 14:37:57.589377, -1.78565979003906250000, nan
2023-01-28 14:37:57.689597, -1.77288818359375000000, nan
2023-01-28 14:37:57.689630, -1.79588317871093750000, nan
2023-01-28 14:37:57.790531, -1.82653808593750000000, nan
2023-01-28 14:37:57.790558, -1.78054809570312500000, nan
2023-01-28 14:37:57.890746, -1.69623565673828125000, nan
2023-01-28 14:37:57.890778, -1.51738739013671875000, nan
2023-01-28 14:37:57.990487, -1.38452148437500000000, nan
2023-01-28 14:37:57.990510, -1.19290161132812500000, nan
2023-01-28 14:37:58.090357, -1.04470825195312500000, nan
2023-01-28 14:37:58.090380, -0.79176330566406250000, nan
2023-01-28 14:37:58.190724, -0.64102172851562500000, nan
2023-01-28 14:37:58.190754, -0.40340423583984375000, nan
2023-01-28 14:37:58.290423, -0.21688842773437500000, nan
2023-01-28 14:37:58.290449, 0.11270141601562500000, nan
2023-01-28 14:37:58.390338, 0.32732391357421875000, nan
2023-01-28 14:37:58.390362, 0.57005310058593750000, nan
2023-01-28 14:37:58.490584, 0.65180969238281250000, nan
2023-01-28 14:37:58.490611, 0.74378967285156250000, nan
2023-01-28 14:37:58.590505, 0.86132049560546875000, nan
2023-01-28 14:37:58.590528, 1.08104705810546875000, nan
2023-01-28 14:37:58.691305, 1.23945617675781250000, nan
2023-01-28 14:37:58.691520, 1.46685791015625000000, nan
2023-01-28 14:37:58.789938, 1.63548278808593750000, nan
2023-01-28 14:37:58.789954, 1.94719696044921875000, nan
2023-01-28 14:37:58.890189, 2.15925598144531250000, nan
2023-01-28 14:37:58.890202, 2.47097015380859375000, nan
2023-01-28 14:37:58.990368, 2.68303680419921875000, nan
2023-01-28 14:37:58.990393, 3.01518249511718750000, nan
2023-01-28 14:37:59.090424, 3.20425415039062500000, nan
2023-01-28 14:37:59.090455, 3.47252655029296875000, nan
2023-01-28 14:37:59.190676, 3.55684661865234375000, nan
2023-01-28 14:37:59.190702, 3.60283660888671875000, nan
2023-01-28 14:37:59.290528, 3.70503234863281250000, nan
2023-01-28 14:37:59.290558, 3.85066986083984375000, nan
2023-01-28 14:37:59.390175, 3.95287322998046875000, nan
2023-01-28 14:37:59.390192, 4.12149810791015625000, nan
2023-01-28 14:37:59.491118, 4.22625732421875000000, nan
2023-01-28 14:37:59.491144, 4.41787719726562500000, nan
2023-01-28 14:37:59.590765, 4.54818725585937500000, nan
2023-01-28 14:37:59.590840, 4.81134796142578125000, nan
2023-01-28 14:37:59.690571, 5.10006713867187500000, nan
2023-01-28 14:37:59.690601, 5.45776367187500000000, nan
2023-01-28 14:37:59.770499, 5.56507110595703125000, nan
2023-01-28 14:37:59.770839, 5.61872863769531250000, nan
2023-01-28 14:37:59.870471, 5.53441619873046875000, nan
2023-01-28 14:37:59.870496, 5.31468200683593750000, nan
2023-01-28 14:37:59.970653, 5.00297546386718750000, nan
2023-01-28 14:37:59.970680, 4.89311218261718750000, nan
2023-01-28 14:38:00.070408, 4.68360137939453125000, nan
2023-01-28 14:38:00.070429, 4.53285217285156250000, nan
2023-01-28 14:38:00.170452, 4.19303894042968750000, nan
2023-01-28 14:38:00.170479, 3.94009399414062500000, nan
2023-01-28 14:38:00.270820, 3.60283660888671875000, nan
2023-01-28 14:38:00.270845, 3.31411743164062500000, nan
2023-01-28 14:38:00.370751, 2.81333923339843750000, nan
2023-01-28 14:38:00.370780, 2.48885345458984375000, nan
2023-01-28 14:38:00.470440, 2.08005523681640625000, nan
2023-01-28 14:38:00.470468, 1.81944274902343750000, nan
2023-01-28 14:38:00.571412, 1.46430206298828125000, nan
2023-01-28 14:38:00.571441, 1.19857788085937500000, nan
2023-01-28 14:38:00.670595, 0.74890136718750000000, nan
2023-01-28 14:38:00.670618, 0.50361633300781250000, nan
2023-01-28 14:38:00.770527, 0.07182312011718750000, nan
2023-01-28 14:38:00.770553, -0.18623352050781250000, nan
2023-01-28 14:38:00.870764, -0.45706176757812500000, nan
2023-01-28 14:38:00.870787, -0.62058258056640625000, nan
2023-01-28 14:38:00.970482, -0.79943084716796875000, nan
2023-01-28 14:38:00.970507, -0.89907836914062500000, nan
2023-01-28 14:38:01.070616, -1.05237579345703125000, nan
2023-01-28 14:38:01.070640, -1.13413238525390625000, nan
2023-01-28 14:38:01.170584, -1.24400329589843750000, nan
2023-01-28 14:38:01.170610, -1.31553649902343750000, nan
2023-01-28 14:38:01.270578, -1.43306732177734375000, nan
2023-01-28 14:38:01.270604, -1.51227569580078125000, nan
2023-01-28 14:38:01.371000, -1.65535736083984375000, nan
2023-01-28 14:38:01.371036, -1.73966979980468750000, nan
2023-01-28 14:38:01.469766, -1.79077148437500000000, nan
2023-01-28 14:38:01.469781, -1.81121063232421875000, nan
2023-01-28 14:38:01.570624, -1.82653808593750000000, nan
2023-01-28 14:38:01.570647, -1.83420562744140625000, nan
2023-01-28 14:38:01.669805, -1.84442901611328125000, nan
2023-01-28 14:38:01.669820, -1.84187316894531250000, nan
2023-01-28 14:38:01.771268, -1.83676147460937500000, nan
2023-01-28 14:38:01.771291, -1.83931732177734375000, nan
2023-01-28 14:38:01.871083, -1.84187316894531250000, nan
2023-01-28 14:38:01.871101, -1.83676147460937500000, nan
2023-01-28 14:38:01.971407, -1.83164978027343750000, nan
2023-01-28 14:38:01.971429, -1.84442901611328125000, nan
2023-01-28 14:38:02.070936, -1.87252807617187500000, nan
2023-01-28 14:38:02.070952, -1.91341400146484375000, nan
2023-01-28 14:38:02.174423, -1.96450805664062500000, nan
2023-01-28 14:38:02.174454, -1.96195220947265625000, nan
2023-01-28 14:38:02.272832, -1.95940399169921875000, nan
2023-01-28 14:38:02.272857, -1.94662475585937500000, nan
2023-01-28 14:38:02.371832, -1.92618560791015625000, nan
2023-01-28 14:38:02.371856, -1.90830230712890625000, nan
2023-01-28 14:38:02.471485, -1.87763977050781250000, nan
2023-01-28 14:38:02.471510, -1.87252807617187500000, nan
2023-01-28 14:38:02.571428, -1.87252807617187500000, nan
2023-01-28 14:38:02.571453, -1.87252807617187500000, nan
2023-01-28 14:38:02.671070, -1.86486816406250000000, nan
2023-01-28 14:38:02.671085, -1.84697723388671875000, nan
2023-01-28 14:38:02.771647, -1.83420562744140625000, nan
2023-01-28 14:38:02.771676, -1.83420562744140625000, nan
2023-01-28 14:38:02.871572, -1.87252807617187500000, nan
2023-01-28 14:38:02.871599, -1.92618560791015625000, nan
2023-01-28 14:38:02.971350, -1.95684814453125000000, nan
2023-01-28 14:38:02.971371, -1.94151306152343750000, nan
2023-01-28 14:38:03.071396, -1.91341400146484375000, nan
2023-01-28 14:38:03.071422, -1.88530731201171875000, nan
2023-01-28 14:38:03.173570, -1.84187316894531250000, nan
2023-01-28 14:38:03.173594, -1.81376647949218750000, nan
2023-01-28 14:38:03.271618, -1.77288818359375000000, nan
2023-01-28 14:38:03.271643, -1.76266479492187500000, nan
2023-01-28 14:38:03.371447, -1.72178649902343750000, nan
2023-01-28 14:38:03.371468, -1.69623565673828125000, nan
2023-01-28 14:38:03.471438, -1.67068481445312500000, nan
2023-01-28 14:38:03.471463, -1.65280151367187500000, nan
2023-01-28 14:38:03.570769, -1.66557312011718750000, nan
2023-01-28 14:38:03.570782, -1.68090820312500000000, nan
2023-01-28 14:38:03.671711, -1.78054809570312500000, nan
2023-01-28 14:38:03.671729, -1.86486816406250000000, nan
2023-01-28 14:38:03.771395, -1.90319061279296875000, nan
2023-01-28 14:38:03.771418, -1.91596221923828125000, nan
2023-01-28 14:38:03.871517, -1.91341400146484375000, nan
2023-01-28 14:38:03.871543, -1.90319061279296875000, nan
2023-01-28 14:38:03.971467, -1.88530731201171875000, nan
2023-01-28 14:38:03.971492, -1.85975646972656250000, nan
2023-01-28 14:38:04.071485, -1.84442901611328125000, nan
2023-01-28 14:38:04.071510, -1.84697723388671875000, nan
2023-01-28 14:38:04.171723, -1.84187316894531250000, nan
2023-01-28 14:38:04.171752, -1.83676147460937500000, nan
2023-01-28 14:38:04.271378, -1.81376647949218750000, nan
2023-01-28 14:38:04.271403, -1.81121063232421875000, nan
2023-01-28 14:38:04.372246, -1.82143402099609375000, nan
2023-01-28 14:38:04.372272, -1.85975646972656250000, nan
2023-01-28 14:38:04.473100, -1.93895721435546875000, nan
2023-01-28 14:38:04.473122, -1.95940399169921875000, nan
2023-01-28 14:38:04.571530, -1.96450805664062500000, nan
2023-01-28 14:38:04.571554, -1.94918060302734375000, nan
2023-01-28 14:38:04.671520, -1.92107391357421875000, 8.96414375305175781250
2023-01-28 14:38:04.671547, -1.89807891845703125000, nan
2023-01-28 14:38:04.771468, -1.85464477539062500000, nan
2023-01-28 14:38:04.771493, -1.83931732177734375000, nan
2023-01-28 14:38:04.871499, -1.83931732177734375000, nan
2023-01-28 14:38:04.871527, -1.83931732177734375000, nan
2023-01-28 14:38:04.971602, -1.82653808593750000000, nan
2023-01-28 14:38:04.971626, -1.80609893798828125000, nan
2023-01-28 14:38:05.070776, -1.77799224853515625000, nan
2023-01-28 14:38:05.070790, -1.74222564697265625000, nan
2023-01-28 14:38:05.170856, -1.68601226806640625000, nan
2023-01-28 14:38:05.170870, -1.67068481445312500000, nan
2023-01-28 14:38:05.271147, -1.58381652832031250000, nan
2023-01-28 14:38:05.271165, -1.48416900634765625000, nan
2023-01-28 14:38:05.386103, -1.32064819335937500000, nan
2023-01-28 14:38:05.386117, -1.16479492187500000000, nan
2023-01-28 14:38:05.487814, -1.06004333496093750000, nan
2023-01-28 14:38:05.487845, -0.86841583251953125000, nan
2023-01-28 14:38:05.587889, -0.73555755615234375000, nan
2023-01-28 14:38:05.587912, -0.56692504882812500000, nan
2023-01-28 14:38:05.687618, -0.42895507812500000000, nan
2023-01-28 14:38:05.687672, -0.16834259033203125000, nan
2023-01-28 14:38:05.788352, 0.04882812500000000000, nan
2023-01-28 14:38:05.788374, 0.40142059326171875000, nan
2023-01-28 14:38:05.888985, 0.60581970214843750000, nan
2023-01-28 14:38:05.889014, 0.88942718505859375000, nan
2023-01-28 14:38:05.987460, 1.10915374755859375000, nan
2023-01-28 14:38:05.987485, 1.45152282714843750000, nan
2023-01-28 14:38:06.088968, 1.67891693115234375000, nan
2023-01-28 14:38:06.089004, 2.02384185791015625000, nan
2023-01-28 14:38:06.187318, 2.22058105468750000000, nan
2023-01-28 14:38:06.187339, 2.50418090820312500000, nan
2023-01-28 14:38:06.288201, 2.69069671630859375000, nan
2023-01-28 14:38:06.288225, 2.96153259277343750000, nan
2023-01-28 14:38:06.387702, 3.14293670654296875000, nan
2023-01-28 14:38:06.387724, 3.41632080078125000000, nan
2023-01-28 14:38:06.487340, 3.57984161376953125000, nan
2023-01-28 14:38:06.487363, 3.82767486572265625000, nan
2023-01-28 14:38:06.587543, 3.92732238769531250000, nan
2023-01-28 14:38:06.587568, 3.98352813720703125000, nan
2023-01-28 14:38:06.687399, 4.09339141845703125000, nan
2023-01-28 14:38:06.687422, 4.35144805908203125000, nan
2023-01-28 14:38:06.786885, 4.55329132080078125000, nan
2023-01-28 14:38:06.786903, 4.85478210449218750000, nan
2023-01-28 14:38:06.888294, 5.01574707031250000000, nan
2023-01-28 14:38:06.888318, 5.24825286865234375000, nan
2023-01-28 14:38:06.987359, 5.34278869628906250000, nan
2023-01-28 14:38:06.987383, 5.27891540527343750000, nan
2023-01-28 14:38:07.087503, 5.12050628662109375000, nan
2023-01-28 14:38:07.087527, 4.78069305419921875000, nan
2023-01-28 14:38:07.188423, 4.50219726562500000000, nan
2023-01-28 14:38:07.188446, 4.04229736328125000000, nan
2023-01-28 14:38:07.287879, 3.63604736328125000000, nan
2023-01-28 14:38:07.287915, 3.00241088867187500000, nan
2023-01-28 14:38:07.387453, 2.69836425781250000000, nan
2023-01-28 14:38:07.387477, 2.26401519775390625000, nan
2023-01-28 14:38:07.487774, 2.00084686279296875000, nan
2023-01-28 14:38:07.487804, 1.61248779296875000000, nan
2023-01-28 14:38:07.587465, 1.35698699951171875000, nan
2023-01-28 14:38:07.587487, 1.01717376708984375000, nan
2023-01-28 14:38:07.689637, 0.79744720458984375000, nan
2023-01-28 14:38:07.689664, 0.48573303222656250000, nan
2023-01-28 14:38:07.787368, 0.26345062255859375000, nan
2023-01-28 14:38:07.787393, -0.08658599853515625000, nan
2023-01-28 14:38:07.888236, -0.27821350097656250000, nan
2023-01-28 14:38:07.888262, -0.55670166015625000000, nan
2023-01-28 14:38:07.987396, -0.76365661621093750000, nan
2023-01-28 14:38:07.987417, -0.98850250244140625000, nan
2023-01-28 14:38:08.087348, -1.09836578369140625000, nan
2023-01-28 14:38:08.087368, -1.21845245361328125000, nan
2023-01-28 14:38:08.188209, -1.27465820312500000000, nan
2023-01-28 14:38:08.188237, -1.37941741943359375000, nan
2023-01-28 14:38:08.287268, -1.43562316894531250000, nan
2023-01-28 14:38:08.287289, -1.48416900634765625000, nan
2023-01-28 14:38:08.387536, -1.53782653808593750000, nan
2023-01-28 14:38:08.387565, -1.62213897705078125000, nan
2023-01-28 14:38:08.487314, -1.66046905517578125000, nan
2023-01-28 14:38:08.487332, -1.71156311035156250000, nan
2023-01-28 14:38:08.588039, -1.71411895751953125000, nan
2023-01-28 14:38:08.588068, -1.76777648925781250000, nan
2023-01-28 14:38:08.687669, -1.82653808593750000000, nan
2023-01-28 14:38:08.687695, -1.85720062255859375000, nan
2023-01-28 14:38:08.787437, -1.88019561767578125000, nan
2023-01-28 14:38:08.787465, -1.87252807617187500000, nan
2023-01-28 14:38:08.887591, -1.86231231689453125000, nan
2023-01-28 14:38:08.887783, -1.85464477539062500000, nan
2023-01-28 14:38:08.988156, -1.83676147460937500000, nan
2023-01-28 14:38:08.988183, -1.82143402099609375000, nan
2023-01-28 14:38:09.087315, -1.81887817382812500000, nan
2023-01-28 14:38:09.087336, -1.79332733154296875000, nan
2023-01-28 14:38:09.187306, -1.74733734130859375000, nan
2023-01-28 14:38:09.187331, -1.65791320800781250000, nan
2023-01-28 14:38:09.287521, -1.59914398193359375000, nan
2023-01-28 14:38:09.287544, -1.49183654785156250000, nan
2023-01-28 14:38:09.387498, -1.45350646972656250000, nan
2023-01-28 14:38:09.387521, -1.37430572509765625000, nan
2023-01-28 14:38:09.488970, -1.28232574462890625000, nan
2023-01-28 14:38:09.488994, -1.16223907470703125000, nan
2023-01-28 14:38:09.587900, -1.05493164062500000000, nan
2023-01-28 14:38:09.587913, -0.87863159179687500000, nan
2023-01-28 14:38:09.688207, -0.76621246337890625000, nan
2023-01-28 14:38:09.688222, -0.58736419677734375000, nan
2023-01-28 14:38:09.790662, -0.46727752685546875000, nan
2023-01-28 14:38:09.790686, -0.29354095458984375000, nan
2023-01-28 14:38:09.889003, -0.16834259033203125000, nan
2023-01-28 14:38:09.889026, 0.05649566650390625000, nan
2023-01-28 14:38:09.988559, 0.20723724365234375000, nan
2023-01-28 14:38:09.988587, 0.35287475585937500000, nan
